Order_ID,Order_Date,Customer_ID,Product_ID,Store_ID,Quantity,Discount_Percent,Gross_Sales,Discount_Amount,Revenue,Profit,Payment_Method
ORD00001,2024-11-06,C0240,P035,S004,1,5,300,15.0,285.0,135.0,Credit Card
ORD00002,2024-05-07,C0082,P041,S001,2,5,60,3.0,57.0,17.0,Credit Card
ORD00003,2026-09-06,C0044,P096,S003,2,0,1000,0.0,1000.0,480.0,UPI
ORD00004,2025-12-02,C0066,P096,S007,2,15,1000,150.0,850.0,330.0,Debit Card
ORD00005,2025-06-25,C0365,P067,S006,2,0,900,0.0,900.0,340.0,UPI
ORD00006,2025-04-05,C0357,P043,S003,4,20,1120,224.0,896.0,216.0,Debit Card
ORD00007,2026-09-28,C0130,P065,S006,1,0,140,0.0,140.0,70.0,Wallet
ORD00008,2025-07-14,C0374,P070,S003,1,5,300,15.0,285.0,115.0,Credit Card
ORD00009,2026-03-19,C0355,P087,S002,3,20,2100,420.0,1680.0,480.0,Cash
ORD00010,2025-08-12,C0048,P025,S001,4,0,880,0.0,880.0,440.0,Wallet
ORD00011,2026-09-08,C0005,P060,S005,1,10,70,7.0,63.0,23.0,UPI
ORD00012,2025-07-10,C0133,P059,S008,1,5,100,5.0,95.0,40.0,Credit Card
ORD00013,2026-12-23,C0278,P031,S005,1,0,120,0.0,120.0,70.0,UPI
ORD00014,2024-12-10,C0121,P037,S002,5,0,3250,0.0,3250.0,750.0,Debit Card
ORD00015,2026-09-01,C0343,P079,S007,2,0,1000,0.0,1000.0,440.0,Wallet
ORD00016,2024-05-01,C0392,P035,S003,4,0,1200,0.0,1200.0,600.0,Credit Card
ORD00017,2024-03-17,C0109,P037,S004,4,0,2600,0.0,2600.0,600.0,Cash
ORD00018,2024-03-15,C0187,P013,S007,5,0,2500,0.0,2500.0,1100.0,Credit Card
ORD00019,2025-08-15,C0143,P090,S004,3,0,900,0.0,900.0,450.0,Credit Card
ORD00020,2025-11-17,C0105,P013,S002,5,5,2500,125.0,2375.0,975.0,Credit Card
ORD00021,2026-10-29,C0225,P085,S003,1,0,1200,0.0,1200.0,500.0,UPI
ORD00022,2025-06-10,C0101,P047,S005,2,0,500,0.0,500.0,200.0,UPI
ORD00023,2025-01-30,C0369,P027,S001,1,15,450,67.5,382.5,142.5,Cash
ORD00024,2026-11-21,C0140,P062,S006,1,0,280,0.0,280.0,120.0,Wallet
ORD00025,2025-05-23,C0011,P042,S002,1,0,90,0.0,90.0,35.0,Credit Card
ORD00026,2025-11-06,C0327,P027,S006,2,0,900,0.0,900.0,420.0,Debit Card
ORD00027,2024-05-07,C0227,P056,S008,2,5,120,6.0,114.0,44.0,UPI
ORD00028,2025-09-28,C0088,P056,S005,2,5,120,6.0,114.0,44.0,Wallet
ORD00029,2025-03-28,C0036,P038,S001,1,0,300,0.0,300.0,80.0,UPI
ORD00030,2026-02-04,C0063,P068,S005,1,5,250,12.5,237.5,97.5,Credit Card
ORD00031,2025-03-23,C0243,P044,S002,3,10,360,36.0,324.0,114.0,Credit Card
ORD00032,2026-12-12,C0176,P072,S001,2,0,240,0.0,240.0,120.0,Credit Card
ORD00033,2026-11-01,C0260,P001,S006,2,0,2400,0.0,2400.0,900.0,Cash
ORD00034,2025-02-24,C0034,P046,S008,2,5,800,40.0,760.0,240.0,Cash
ORD00035,2024-04-23,C0306,P041,S008,2,5,60,3.0,57.0,17.0,Credit Card
ORD00036,2026-08-04,C0191,P005,S008,2,0,600,0.0,600.0,300.0,UPI
ORD00037,2024-01-07,C0379,P027,S006,2,5,900,45.0,855.0,375.0,UPI
ORD00038,2024-05-10,C0069,P040,S001,2,0,110,0.0,110.0,26.0,Cash
ORD00039,2026-08-24,C0290,P095,S008,1,0,600,0.0,600.0,280.0,Debit Card
ORD00040,2026-05-10,C0108,P072,S005,1,15,120,18.0,102.0,42.0,Credit Card
ORD00041,2026-02-12,C0034,P090,S008,1,10,300,30.0,270.0,120.0,Debit Card
ORD00042,2025-12-08,C0121,P042,S002,1,0,90,0.0,90.0,35.0,Wallet
ORD00043,2024-02-16,C0095,P069,S007,5,5,1100,55.0,1045.0,445.0,Debit Card
ORD00044,2026-02-15,C0346,P041,S003,3,0,90,0.0,90.0,30.0,UPI
ORD00045,2024-08-19,C0002,P027,S002,1,10,450,45.0,405.0,165.0,Credit Card
ORD00046,2024-02-02,C0009,P086,S007,1,0,1500,0.0,1500.0,600.0,Credit Card
ORD00047,2024-04-09,C0172,P037,S002,1,0,650,0.0,650.0,150.0,Credit Card
ORD00048,2024-04-25,C0076,P047,S005,1,20,250,50.0,200.0,50.0,UPI
ORD00049,2025-10-15,C0198,P093,S001,3,10,1350,135.0,1215.0,465.0,UPI
ORD00050,2026-12-03,C0321,P084,S002,1,0,180,0.0,180.0,90.0,Wallet
ORD00051,2024-12-24,C0043,P073,S004,1,5,900,45.0,855.0,205.0,Wallet
ORD00052,2026-02-19,C0368,P090,S003,3,0,900,0.0,900.0,450.0,Credit Card
ORD00053,2026-02-09,C0182,P023,S005,1,5,220,11.0,209.0,109.0,UPI
ORD00054,2024-10-22,C0382,P026,S006,4,5,640,32.0,608.0,308.0,Wallet
ORD00055,2024-10-01,C0284,P043,S008,1,0,280,0.0,280.0,110.0,UPI
ORD00056,2026-01-29,C0029,P046,S006,1,10,400,40.0,360.0,100.0,UPI
ORD00057,2024-03-21,C0390,P030,S007,3,0,540,0.0,540.0,300.0,Debit Card
ORD00058,2025-03-20,C0115,P061,S006,2,15,700,105.0,595.0,195.0,UPI
ORD00059,2024-02-01,C0400,P086,S002,1,0,1500,0.0,1500.0,600.0,Debit Card
ORD00060,2026-09-07,C0398,P063,S004,4,10,480,48.0,432.0,152.0,Debit Card
ORD00061,2025-05-05,C0103,P041,S004,2,10,60,6.0,54.0,14.0,UPI
ORD00062,2026-01-05,C0129,P038,S008,1,0,300,0.0,300.0,80.0,Cash
ORD00063,2026-08-19,C0074,P044,S004,3,0,360,0.0,360.0,150.0,UPI
ORD00064,2024-04-03,C0278,P035,S005,2,0,600,0.0,600.0,300.0,UPI
ORD00065,2026-05-05,C0338,P030,S006,1,0,180,0.0,180.0,100.0,UPI
ORD00066,2025-05-18,C0196,P053,S002,2,10,240,24.0,216.0,76.0,Debit Card
ORD00067,2026-09-27,C0065,P028,S005,4,5,1400,70.0,1330.0,610.0,Credit Card
ORD00068,2025-12-09,C0342,P015,S008,2,15,700,105.0,595.0,235.0,Credit Card
ORD00069,2024-04-30,C0213,P055,S003,2,10,180,18.0,162.0,62.0,UPI
ORD00070,2024-04-09,C0211,P070,S008,3,0,900,0.0,900.0,390.0,Cash
ORD00071,2024-12-04,C0373,P036,S007,2,0,400,0.0,400.0,220.0,Debit Card
ORD00072,2026-09-16,C0366,P087,S004,2,0,1400,0.0,1400.0,600.0,Credit Card
ORD00073,2024-02-04,C0043,P044,S004,2,0,240,0.0,240.0,100.0,Wallet
ORD00074,2026-05-31,C0366,P002,S004,3,15,2700,405.0,2295.0,735.0,UPI
ORD00075,2024-10-31,C0241,P011,S008,2,0,5000,0.0,5000.0,1600.0,UPI
ORD00076,2024-06-10,C0176,P067,S001,1,0,450,0.0,450.0,170.0,Credit Card
ORD00077,2025-04-07,C0199,P087,S004,1,10,700,70.0,630.0,230.0,UPI
ORD00078,2024-03-05,C0218,P092,S008,1,0,1800,0.0,1800.0,700.0,Credit Card
ORD00079,2024-01-20,C0219,P008,S007,2,0,1200,0.0,1200.0,560.0,Cash
ORD00080,2025-11-09,C0023,P059,S008,3,0,300,0.0,300.0,135.0,Credit Card
ORD00081,2025-03-08,C0106,P003,S007,4,10,1400,140.0,1260.0,540.0,Credit Card
ORD00082,2024-06-01,C0036,P029,S001,2,0,1300,0.0,1300.0,540.0,Credit Card
ORD00083,2025-01-02,C0124,P051,S005,4,0,640,0.0,640.0,260.0,Wallet
ORD00084,2026-03-26,C0039,P050,S003,4,0,600,0.0,600.0,240.0,Credit Card
ORD00085,2026-03-07,C0107,P053,S001,2,5,240,12.0,228.0,88.0,UPI
ORD00086,2024-06-09,C0168,P067,S008,2,20,900,180.0,720.0,160.0,UPI
ORD00087,2024-06-04,C0203,P038,S005,1,10,300,30.0,270.0,50.0,Wallet
ORD00088,2025-11-04,C0267,P039,S006,3,5,540,27.0,513.0,93.0,UPI
ORD00089,2026-02-07,C0034,P042,S008,1,10,90,9.0,81.0,26.0,Debit Card
ORD00090,2025-08-27,C0060,P006,S003,3,10,1950,195.0,1755.0,705.0,UPI
ORD00091,2024-11-11,C0006,P017,S006,1,0,250,0.0,250.0,120.0,UPI
ORD00092,2026-01-07,C0206,P029,S007,3,0,1950,0.0,1950.0,810.0,UPI
ORD00093,2026-11-15,C0232,P048,S004,1,0,450,0.0,450.0,150.0,UPI
ORD00094,2025-10-26,C0184,P057,S008,1,0,140,0.0,140.0,60.0,Debit Card
ORD00095,2025-05-12,C0204,P067,S005,2,0,900,0.0,900.0,340.0,UPI
ORD00096,2025-09-08,C0219,P019,S007,1,0,900,0.0,900.0,400.0,UPI
ORD00097,2025-09-05,C0047,P025,S004,2,0,440,0.0,440.0,220.0,UPI
ORD00098,2026-10-12,C0055,P033,S002,1,0,280,0.0,280.0,140.0,UPI
ORD00099,2025-11-11,C0361,P090,S006,1,15,300,45.0,255.0,105.0,Credit Card
ORD00100,2024-10-05,C0173,P043,S008,2,10,560,56.0,504.0,164.0,Credit Card
ORD00101,2026-03-26,C0139,P014,S006,4,0,2800,0.0,2800.0,1280.0,Debit Card
ORD00102,2025-05-11,C0056,P042,S006,1,0,90,0.0,90.0,35.0,Debit Card
ORD00103,2025-02-13,C0091,P037,S006,2,5,1300,65.0,1235.0,235.0,Debit Card
ORD00104,2026-08-03,C0050,P044,S004,4,0,480,0.0,480.0,200.0,Debit Card
ORD00105,2024-05-21,C0075,P068,S001,3,10,750,75.0,675.0,255.0,Credit Card
ORD00106,2025-09-12,C0207,P042,S001,1,10,90,9.0,81.0,26.0,Debit Card
ORD00107,2024-05-31,C0164,P065,S001,1,5,140,7.0,133.0,63.0,Credit Card
ORD00108,2026-05-06,C0264,P042,S002,2,10,180,18.0,162.0,52.0,UPI
ORD00109,2024-06-23,C0021,P088,S008,1,0,2000,0.0,2000.0,700.0,Debit Card
ORD00110,2024-03-31,C0156,P023,S003,2,5,440,22.0,418.0,218.0,Debit Card
ORD00111,2025-11-10,C0119,P094,S004,1,0,350,0.0,350.0,180.0,UPI
ORD00112,2026-11-28,C0270,P039,S005,2,0,360,0.0,360.0,80.0,UPI
ORD00113,2026-10-04,C0308,P047,S007,2,0,500,0.0,500.0,200.0,Wallet
ORD00114,2024-10-17,C0382,P004,S006,1,10,1500,150.0,1350.0,450.0,Credit Card
ORD00115,2024-07-18,C0185,P045,S006,1,10,350,35.0,315.0,95.0,UPI
ORD00116,2024-08-23,C0020,P027,S006,1,0,450,0.0,450.0,210.0,UPI
ORD00117,2025-05-14,C0173,P070,S008,2,5,600,30.0,570.0,230.0,UPI
ORD00118,2026-08-04,C0040,P044,S007,1,0,120,0.0,120.0,50.0,UPI
ORD00119,2026-06-04,C0072,P053,S007,1,10,120,12.0,108.0,38.0,Cash
ORD00120,2026-05-29,C0171,P044,S001,1,10,120,12.0,108.0,38.0,UPI
ORD00121,2024-05-08,C0174,P062,S008,2,10,560,56.0,504.0,184.0,Credit Card
ORD00122,2025-02-07,C0058,P048,S006,2,0,900,0.0,900.0,300.0,Cash
ORD00123,2025-10-03,C0071,P039,S004,2,5,360,18.0,342.0,62.0,UPI
ORD00124,2024-12-19,C0015,P081,S004,2,0,400,0.0,400.0,160.0,Credit Card
ORD00125,2024-10-01,C0252,P009,S001,1,0,800,0.0,800.0,350.0,UPI
ORD00126,2026-03-06,C0285,P024,S006,1,0,180,0.0,180.0,95.0,UPI
ORD00127,2024-12-20,C0291,P035,S003,2,0,600,0.0,600.0,300.0,UPI
ORD00128,2024-04-19,C0289,P042,S006,3,20,270,54.0,216.0,51.0,Credit Card
ORD00129,2026-02-25,C0271,P035,S007,4,5,1200,60.0,1140.0,540.0,Credit Card
ORD00130,2026-05-01,C0241,P056,S008,2,0,120,0.0,120.0,50.0,UPI
ORD00131,2025-03-27,C0172,P058,S002,1,0,40,0.0,40.0,18.0,Credit Card
ORD00132,2026-07-25,C0301,P021,S005,2,10,2000,200.0,1800.0,600.0,Credit Card
ORD00133,2024-08-21,C0025,P041,S005,1,5,30,1.5,28.5,8.5,Wallet
ORD00134,2024-03-26,C0128,P041,S007,3,0,90,0.0,90.0,30.0,UPI
ORD00135,2025-05-21,C0311,P043,S003,1,20,280,56.0,224.0,54.0,Credit Card
ORD00136,2024-06-27,C0073,P048,S003,1,20,450,90.0,360.0,60.0,Debit Card
ORD00137,2025-12-19,C0384,P031,S003,2,0,240,0.0,240.0,140.0,Credit Card
ORD00138,2025-02-27,C0194,P068,S006,3,5,750,37.5,712.5,292.5,Credit Card
ORD00139,2024-12-10,C0137,P056,S008,2,0,120,0.0,120.0,50.0,UPI
ORD00140,2024-07-14,C0021,P073,S008,1,10,900,90.0,810.0,160.0,Credit Card
ORD00141,2025-07-21,C0288,P008,S001,3,0,1800,0.0,1800.0,840.0,Cash
ORD00142,2025-10-21,C0370,P031,S004,3,10,360,36.0,324.0,174.0,Credit Card
ORD00143,2025-07-04,C0177,P059,S001,2,0,200,0.0,200.0,90.0,UPI
ORD00144,2024-07-09,C0132,P064,S007,1,10,80,8.0,72.0,37.0,Debit Card
ORD00145,2026-07-20,C0275,P081,S002,4,0,800,0.0,800.0,320.0,UPI
ORD00146,2024-07-09,C0159,P063,S002,2,5,240,12.0,228.0,88.0,Debit Card
ORD00147,2024-05-09,C0148,P045,S005,3,0,1050,0.0,1050.0,390.0,Wallet
ORD00148,2026-10-10,C0328,P064,S006,3,0,240,0.0,240.0,135.0,Credit Card
ORD00149,2026-09-20,C0355,P053,S002,3,15,360,54.0,306.0,96.0,Debit Card
ORD00150,2026-07-30,C0317,P010,S008,1,15,250,37.5,212.5,102.5,UPI
ORD00151,2026-05-26,C0073,P043,S003,1,10,280,28.0,252.0,82.0,UPI
ORD00152,2024-11-21,C0181,P055,S004,3,0,270,0.0,270.0,120.0,UPI
ORD00153,2024-12-20,C0088,P012,S005,1,10,180,18.0,162.0,82.0,UPI
ORD00154,2024-07-13,C0074,P056,S004,1,5,60,3.0,57.0,22.0,UPI
ORD00155,2026-06-30,C0254,P025,S005,1,10,220,22.0,198.0,88.0,Cash
ORD00156,2026-05-14,C0091,P093,S006,2,5,900,45.0,855.0,355.0,UPI
ORD00157,2024-07-28,C0386,P001,S006,1,0,1200,0.0,1200.0,450.0,UPI
ORD00158,2024-09-29,C0345,P041,S003,2,10,60,6.0,54.0,14.0,UPI
ORD00159,2024-12-02,C0051,P060,S001,2,5,140,7.0,133.0,53.0,UPI
ORD00160,2026-06-25,C0076,P044,S005,3,0,360,0.0,360.0,150.0,UPI
ORD00161,2026-02-25,C0204,P065,S005,1,0,140,0.0,140.0,70.0,Debit Card
ORD00162,2024-06-21,C0337,P028,S007,1,5,350,17.5,332.5,152.5,Debit Card
ORD00163,2024-02-24,C0133,P030,S008,3,10,540,54.0,486.0,246.0,UPI
ORD00164,2026-11-20,C0019,P037,S005,1,0,650,0.0,650.0,150.0,Cash
ORD00165,2026-10-10,C0164,P091,S001,1,5,250,12.5,237.5,127.5,UPI
ORD00166,2024-01-25,C0107,P082,S001,5,15,1400,210.0,1190.0,440.0,UPI
ORD00167,2026-05-11,C0204,P073,S005,1,10,900,90.0,810.0,160.0,Debit Card
ORD00168,2024-05-29,C0062,P086,S001,1,0,1500,0.0,1500.0,600.0,UPI
ORD00169,2024-05-03,C0377,P004,S008,4,0,6000,0.0,6000.0,2400.0,UPI
ORD00170,2026-04-30,C0306,P064,S008,1,0,80,0.0,80.0,45.0,Debit Card
ORD00171,2024-11-08,C0066,P045,S007,1,5,350,17.5,332.5,112.5,UPI
ORD00172,2025-10-31,C0303,P072,S007,2,10,240,24.0,216.0,96.0,Debit Card
ORD00173,2026-06-14,C0375,P005,S007,2,10,600,60.0,540.0,240.0,UPI
ORD00174,2026-06-08,C0355,P008,S002,1,5,600,30.0,570.0,250.0,UPI
ORD00175,2024-12-30,C0203,P057,S005,1,0,140,0.0,140.0,60.0,Credit Card
ORD00176,2026-11-25,C0006,P047,S006,2,0,500,0.0,500.0,200.0,UPI
ORD00177,2025-07-04,C0379,P068,S006,2,0,500,0.0,500.0,220.0,Cash
ORD00178,2026-05-29,C0046,P026,S002,1,0,160,0.0,160.0,85.0,Debit Card
ORD00179,2024-06-06,C0228,P051,S006,2,5,320,16.0,304.0,114.0,UPI
ORD00180,2024-12-07,C0138,P079,S004,1,0,500,0.0,500.0,220.0,Credit Card
ORD00181,2025-04-12,C0090,P070,S008,2,0,600,0.0,600.0,260.0,Cash
ORD00182,2024-04-04,C0310,P008,S002,2,0,1200,0.0,1200.0,560.0,UPI
ORD00183,2024-03-13,C0233,P090,S004,2,15,600,90.0,510.0,210.0,Debit Card
ORD00184,2025-10-21,C0359,P046,S002,4,0,1600,0.0,1600.0,560.0,Cash
ORD00185,2024-09-01,C0378,P060,S007,2,15,140,21.0,119.0,39.0,UPI
ORD00186,2024-04-04,C0059,P061,S002,4,0,1400,0.0,1400.0,600.0,Credit Card
ORD00187,2025-09-28,C0003,P031,S004,1,5,120,6.0,114.0,64.0,UPI
ORD00188,2025-09-14,C0252,P031,S001,2,0,240,0.0,240.0,140.0,UPI
ORD00189,2025-02-04,C0080,P087,S002,2,5,1400,70.0,1330.0,530.0,Debit Card
ORD00190,2026-04-19,C0178,P022,S008,1,5,1500,75.0,1425.0,475.0,Debit Card
ORD00191,2024-01-20,C0017,P053,S006,4,0,480,0.0,480.0,200.0,Debit Card
ORD00192,2025-09-21,C0235,P080,S005,1,5,1800,90.0,1710.0,510.0,UPI
ORD00193,2024-05-02,C0328,P040,S006,5,0,275,0.0,275.0,65.0,UPI
ORD00194,2025-04-19,C0268,P009,S005,3,5,2400,120.0,2280.0,930.0,Debit Card
ORD00195,2024-06-22,C0183,P043,S001,2,5,560,28.0,532.0,192.0,Debit Card
ORD00196,2024-05-07,C0162,P041,S005,1,20,30,6.0,24.0,4.0,UPI
ORD00197,2025-10-07,C0173,P026,S008,1,10,160,16.0,144.0,69.0,UPI
ORD00198,2025-04-23,C0289,P047,S006,1,0,250,0.0,250.0,100.0,Debit Card
ORD00199,2024-11-27,C0278,P059,S005,2,0,200,0.0,200.0,90.0,Credit Card
ORD00200,2025-03-01,C0319,P092,S007,2,5,3600,180.0,3420.0,1220.0,Cash
ORD00201,2025-09-15,C0270,P008,S005,3,10,1800,180.0,1620.0,660.0,UPI
ORD00202,2025-12-31,C0369,P064,S001,1,0,80,0.0,80.0,45.0,Credit Card
ORD00203,2025-06-16,C0094,P050,S007,3,0,450,0.0,450.0,180.0,Wallet
ORD00204,2025-05-26,C0372,P075,S008,1,0,300,0.0,300.0,130.0,Debit Card
ORD00205,2024-05-06,C0129,P019,S008,3,20,2700,540.0,2160.0,660.0,UPI
ORD00206,2026-02-01,C0163,P067,S005,2,15,900,135.0,765.0,205.0,UPI
ORD00207,2024-06-02,C0003,P058,S004,1,0,40,0.0,40.0,18.0,Wallet
ORD00208,2024-09-20,C0006,P043,S006,1,10,280,28.0,252.0,82.0,Cash
ORD00209,2026-08-02,C0129,P024,S008,1,15,180,27.0,153.0,68.0,Credit Card
ORD00210,2026-12-27,C0070,P071,S003,1,0,180,0.0,180.0,80.0,Wallet
ORD00211,2026-07-02,C0160,P035,S007,3,0,900,0.0,900.0,450.0,Credit Card
ORD00212,2025-08-27,C0091,P026,S006,2,15,320,48.0,272.0,122.0,Credit Card
ORD00213,2026-02-23,C0130,P006,S006,1,0,650,0.0,650.0,300.0,Cash
ORD00214,2024-02-09,C0247,P039,S004,5,10,900,90.0,810.0,110.0,UPI
ORD00215,2026-09-19,C0334,P044,S005,1,5,120,6.0,114.0,44.0,UPI
ORD00216,2024-02-23,C0280,P031,S003,1,0,120,0.0,120.0,70.0,Cash
ORD00217,2024-04-29,C0164,P062,S001,3,5,840,42.0,798.0,318.0,UPI
ORD00218,2025-04-21,C0087,P058,S005,5,0,200,0.0,200.0,90.0,Debit Card
ORD00219,2024-04-24,C0052,P032,S003,3,15,600,90.0,510.0,225.0,Credit Card
ORD00220,2026-03-06,C0217,P086,S002,1,10,1500,150.0,1350.0,450.0,Cash
ORD00221,2025-10-13,C0118,P019,S004,2,15,1800,270.0,1530.0,530.0,UPI
ORD00222,2024-10-18,C0245,P061,S007,1,20,350,70.0,280.0,80.0,Cash
ORD00223,2025-09-24,C0144,P048,S005,1,0,450,0.0,450.0,150.0,UPI
ORD00224,2024-02-10,C0341,P060,S005,2,0,140,0.0,140.0,60.0,Wallet
ORD00225,2024-09-24,C0106,P036,S007,1,0,200,0.0,200.0,110.0,Cash
ORD00226,2024-05-01,C0382,P080,S006,1,5,1800,90.0,1710.0,510.0,Wallet
ORD00227,2026-12-13,C0229,P066,S007,4,0,1200,0.0,1200.0,480.0,Wallet
ORD00228,2024-07-25,C0038,P042,S004,1,0,90,0.0,90.0,35.0,Wallet
ORD00229,2026-06-13,C0033,P072,S004,3,20,360,72.0,288.0,108.0,Debit Card
ORD00230,2025-12-31,C0261,P019,S007,2,0,1800,0.0,1800.0,800.0,UPI
ORD00231,2024-09-17,C0382,P055,S006,1,0,90,0.0,90.0,40.0,Debit Card
ORD00232,2024-03-07,C0198,P058,S001,1,0,40,0.0,40.0,18.0,Cash
ORD00233,2024-08-01,C0343,P052,S007,4,0,200,0.0,200.0,80.0,Debit Card
ORD00234,2025-10-12,C0367,P035,S002,3,10,900,90.0,810.0,360.0,Debit Card
ORD00235,2024-01-24,C0018,P027,S003,1,0,450,0.0,450.0,210.0,UPI
ORD00236,2024-08-09,C0376,P027,S002,2,0,900,0.0,900.0,420.0,Credit Card
ORD00237,2024-12-06,C0307,P046,S008,2,0,800,0.0,800.0,280.0,Credit Card
ORD00238,2026-09-08,C0166,P024,S001,3,5,540,27.0,513.0,258.0,Debit Card
ORD00239,2026-07-13,C0145,P027,S006,1,10,450,45.0,405.0,165.0,UPI
ORD00240,2024-08-02,C0117,P026,S006,1,0,160,0.0,160.0,85.0,UPI
ORD00241,2024-07-09,C0217,P071,S002,1,20,180,36.0,144.0,44.0,Cash
ORD00242,2026-06-02,C0063,P062,S005,4,0,1120,0.0,1120.0,480.0,Cash
ORD00243,2024-07-26,C0311,P021,S003,1,20,1000,200.0,800.0,200.0,Credit Card
ORD00244,2025-06-27,C0344,P044,S007,2,0,240,0.0,240.0,100.0,UPI
ORD00245,2026-11-16,C0036,P037,S001,1,0,650,0.0,650.0,150.0,Cash
ORD00246,2026-09-10,C0261,P060,S007,1,0,70,0.0,70.0,30.0,UPI
ORD00247,2024-06-16,C0030,P026,S002,2,0,320,0.0,320.0,170.0,Debit Card
ORD00248,2025-06-26,C0073,P045,S003,1,5,350,17.5,332.5,112.5,UPI
ORD00249,2026-01-26,C0247,P076,S004,1,0,250,0.0,250.0,130.0,Credit Card
ORD00250,2025-07-04,C0049,P025,S007,2,0,440,0.0,440.0,220.0,Debit Card
ORD00251,2025-12-05,C0377,P012,S008,1,10,180,18.0,162.0,82.0,UPI
ORD00252,2026-03-03,C0354,P009,S008,3,0,2400,0.0,2400.0,1050.0,Credit Card
ORD00253,2026-08-30,C0319,P082,S007,2,0,560,0.0,560.0,260.0,UPI
ORD00254,2024-03-12,C0044,P037,S003,2,15,1300,195.0,1105.0,105.0,Cash
ORD00255,2024-11-27,C0361,P054,S006,1,20,110,22.0,88.0,23.0,Wallet
ORD00256,2024-09-15,C0353,P071,S002,1,0,180,0.0,180.0,80.0,Debit Card
ORD00257,2024-10-29,C0096,P025,S007,1,15,220,33.0,187.0,77.0,Wallet
ORD00258,2026-03-05,C0081,P007,S002,2,5,900,45.0,855.0,415.0,Cash
ORD00259,2024-01-26,C0248,P044,S006,3,5,360,18.0,342.0,132.0,Credit Card
ORD00260,2026-04-28,C0014,P045,S004,1,5,350,17.5,332.5,112.5,Credit Card
ORD00261,2024-07-24,C0326,P089,S001,4,5,3200,160.0,3040.0,1240.0,UPI
ORD00262,2025-12-05,C0208,P036,S008,1,10,200,20.0,180.0,90.0,Credit Card
ORD00263,2024-12-18,C0337,P046,S007,1,5,400,20.0,380.0,120.0,Debit Card
ORD00264,2025-11-09,C0166,P007,S001,1,5,450,22.5,427.5,207.5,UPI
ORD00265,2025-11-22,C0296,P044,S003,1,0,120,0.0,120.0,50.0,Credit Card
ORD00266,2024-07-20,C0318,P056,S005,5,0,300,0.0,300.0,125.0,UPI
ORD00267,2025-10-19,C0372,P063,S008,1,5,120,6.0,114.0,44.0,UPI
ORD00268,2026-04-13,C0250,P032,S008,2,10,400,40.0,360.0,170.0,Cash
ORD00269,2026-11-21,C0032,P067,S005,1,10,450,45.0,405.0,125.0,Credit Card
ORD00270,2026-12-09,C0298,P071,S002,1,0,180,0.0,180.0,80.0,Cash
ORD00271,2025-05-25,C0178,P070,S008,1,0,300,0.0,300.0,130.0,UPI
ORD00272,2026-01-24,C0319,P028,S007,3,5,1050,52.5,997.5,457.5,Debit Card
ORD00273,2024-03-03,C0145,P022,S006,1,5,1500,75.0,1425.0,475.0,Credit Card
ORD00274,2026-08-29,C0230,P085,S002,2,0,2400,0.0,2400.0,1000.0,UPI
ORD00275,2024-07-04,C0199,P088,S004,1,0,2000,0.0,2000.0,700.0,UPI
ORD00276,2025-03-14,C0134,P051,S005,3,5,480,24.0,456.0,171.0,Debit Card
ORD00277,2026-04-18,C0380,P033,S008,2,15,560,84.0,476.0,196.0,Wallet
ORD00278,2026-08-28,C0089,P053,S006,4,5,480,24.0,456.0,176.0,Credit Card
ORD00279,2025-05-31,C0345,P005,S003,2,15,600,90.0,510.0,210.0,Debit Card
ORD00280,2025-07-17,C0052,P062,S003,1,0,280,0.0,280.0,120.0,UPI
ORD00281,2026-08-13,C0067,P029,S005,1,5,650,32.5,617.5,237.5,Debit Card
ORD00282,2024-01-16,C0221,P054,S004,2,10,220,22.0,198.0,68.0,Cash
ORD00283,2025-08-01,C0278,P037,S005,1,0,650,0.0,650.0,150.0,UPI
ORD00284,2025-10-27,C0176,P088,S001,1,10,2000,200.0,1800.0,500.0,Cash
ORD00285,2024-11-03,C0294,P032,S002,1,0,200,0.0,200.0,105.0,Cash
ORD00286,2026-04-07,C0089,P066,S006,2,10,600,60.0,540.0,180.0,Debit Card
ORD00287,2025-08-28,C0187,P052,S007,1,0,50,0.0,50.0,20.0,UPI
ORD00288,2025-01-23,C0137,P005,S008,1,10,300,30.0,270.0,120.0,Debit Card
ORD00289,2026-09-01,C0203,P059,S005,4,10,400,40.0,360.0,140.0,Credit Card
ORD00290,2025-01-05,C0043,P082,S004,1,5,280,14.0,266.0,116.0,Debit Card
ORD00291,2025-01-09,C0211,P066,S008,4,15,1200,180.0,1020.0,300.0,Debit Card
ORD00292,2025-04-02,C0091,P032,S006,2,0,400,0.0,400.0,210.0,Debit Card
ORD00293,2025-06-17,C0022,P032,S003,2,5,400,20.0,380.0,190.0,UPI
ORD00294,2024-05-25,C0106,P010,S007,2,0,500,0.0,500.0,280.0,UPI
ORD00295,2026-12-21,C0374,P051,S003,1,15,160,24.0,136.0,41.0,UPI
ORD00296,2026-04-18,C0207,P034,S001,5,15,1250,187.5,1062.5,462.5,Wallet
ORD00297,2025-01-04,C0025,P024,S005,3,5,540,27.0,513.0,258.0,Debit Card
ORD00298,2024-04-28,C0307,P023,S008,1,0,220,0.0,220.0,120.0,Debit Card
ORD00299,2024-11-20,C0273,P021,S001,3,0,3000,0.0,3000.0,1200.0,Credit Card
ORD00300,2026-04-06,C0399,P050,S007,1,5,150,7.5,142.5,52.5,UPI
ORD00301,2026-02-03,C0274,P040,S007,4,15,220,33.0,187.0,19.0,Debit Card
ORD00302,2024-02-06,C0222,P041,S007,2,5,60,3.0,57.0,17.0,UPI
ORD00303,2025-12-06,C0283,P051,S006,1,5,160,8.0,152.0,57.0,UPI
ORD00304,2024-04-03,C0177,P009,S001,1,0,800,0.0,800.0,350.0,Debit Card
ORD00305,2025-11-22,C0329,P051,S006,2,0,320,0.0,320.0,130.0,Wallet
ORD00306,2025-01-20,C0346,P043,S003,1,15,280,42.0,238.0,68.0,Cash
ORD00307,2025-04-04,C0308,P005,S007,2,0,600,0.0,600.0,300.0,Debit Card
ORD00308,2024-12-31,C0280,P055,S003,2,0,180,0.0,180.0,80.0,Cash
ORD00309,2026-12-31,C0249,P029,S007,2,0,1300,0.0,1300.0,540.0,UPI
ORD00310,2024-04-08,C0331,P066,S003,2,0,600,0.0,600.0,240.0,UPI
ORD00311,2026-08-29,C0140,P043,S006,2,0,560,0.0,560.0,220.0,Debit Card
ORD00312,2026-05-11,C0392,P010,S003,2,10,500,50.0,450.0,230.0,UPI
ORD00313,2024-10-07,C0169,P053,S006,3,5,360,18.0,342.0,132.0,Credit Card
ORD00314,2024-08-05,C0289,P025,S006,2,5,440,22.0,418.0,198.0,Debit Card
ORD00315,2025-02-17,C0054,P070,S002,1,0,300,0.0,300.0,130.0,UPI
ORD00316,2025-03-01,C0078,P046,S007,2,5,800,40.0,760.0,240.0,UPI
ORD00317,2024-07-01,C0271,P002,S007,4,10,3600,360.0,3240.0,1160.0,Debit Card
ORD00318,2024-07-03,C0083,P022,S006,3,0,4500,0.0,4500.0,1650.0,Debit Card
ORD00319,2025-04-18,C0366,P089,S004,2,20,1600,320.0,1280.0,380.0,UPI
ORD00320,2024-12-23,C0049,P002,S007,3,0,2700,0.0,2700.0,1140.0,Debit Card
ORD00321,2024-08-25,C0310,P037,S002,1,10,650,65.0,585.0,85.0,UPI
ORD00322,2024-12-15,C0325,P080,S006,3,20,5400,1080.0,4320.0,720.0,UPI
ORD00323,2026-02-02,C0137,P062,S008,3,0,840,0.0,840.0,360.0,Credit Card
ORD00324,2025-07-10,C0120,P090,S004,3,10,900,90.0,810.0,360.0,Credit Card
ORD00325,2024-12-29,C0049,P040,S007,2,20,110,22.0,88.0,4.0,Cash
ORD00326,2026-09-15,C0136,P013,S007,3,10,1500,150.0,1350.0,510.0,UPI
ORD00327,2026-01-04,C0211,P047,S008,2,15,500,75.0,425.0,125.0,Cash
ORD00328,2024-09-24,C0110,P064,S001,2,5,160,8.0,152.0,82.0,Cash
ORD00329,2024-05-09,C0011,P041,S002,1,0,30,0.0,30.0,10.0,Debit Card
ORD00330,2025-04-03,C0332,P058,S005,5,10,200,20.0,180.0,70.0,UPI
ORD00331,2024-07-14,C0183,P038,S001,1,10,300,30.0,270.0,50.0,Credit Card
ORD00332,2026-02-27,C0058,P060,S006,1,10,70,7.0,63.0,23.0,Cash
ORD00333,2024-01-24,C0222,P049,S007,2,0,60,0.0,60.0,30.0,Cash
ORD00334,2024-12-02,C0099,P078,S006,1,0,350,0.0,350.0,170.0,UPI
ORD00335,2026-02-14,C0121,P043,S002,1,0,280,0.0,280.0,110.0,Credit Card
ORD00336,2026-07-06,C0020,P069,S006,1,5,220,11.0,209.0,89.0,UPI
ORD00337,2024-02-06,C0159,P088,S002,1,0,2000,0.0,2000.0,700.0,Credit Card
ORD00338,2024-07-05,C0294,P004,S002,3,20,4500,900.0,3600.0,900.0,Debit Card
ORD00339,2025-02-27,C0107,P091,S001,2,5,500,25.0,475.0,255.0,UPI
ORD00340,2025-04-01,C0338,P063,S006,3,0,360,0.0,360.0,150.0,Debit Card
ORD00341,2026-01-14,C0332,P059,S005,2,0,200,0.0,200.0,90.0,Debit Card
ORD00342,2025-11-30,C0321,P032,S002,2,10,400,40.0,360.0,170.0,Credit Card
ORD00343,2024-08-05,C0274,P045,S007,1,0,350,0.0,350.0,130.0,UPI
ORD00344,2026-04-18,C0021,P070,S008,1,5,300,15.0,285.0,115.0,UPI
ORD00345,2026-03-15,C0400,P092,S002,1,10,1800,180.0,1620.0,520.0,UPI
ORD00346,2026-04-28,C0155,P034,S002,1,5,250,12.5,237.5,117.5,Debit Card
ORD00347,2026-07-11,C0101,P018,S005,2,5,2400,120.0,2280.0,880.0,Credit Card
ORD00348,2024-01-09,C0165,P092,S001,2,0,3600,0.0,3600.0,1400.0,Wallet
ORD00349,2026-09-16,C0242,P070,S007,4,10,1200,120.0,1080.0,400.0,Wallet
ORD00350,2024-12-21,C0286,P050,S001,1,0,150,0.0,150.0,60.0,Credit Card
ORD00351,2026-10-29,C0061,P073,S005,1,5,900,45.0,855.0,205.0,Debit Card
ORD00352,2026-03-25,C0042,P032,S001,4,20,800,160.0,640.0,260.0,Credit Card
ORD00353,2026-04-25,C0396,P018,S002,2,15,2400,360.0,2040.0,640.0,Credit Card
ORD00354,2025-10-04,C0350,P077,S004,4,5,880,44.0,836.0,436.0,UPI
ORD00355,2025-08-18,C0124,P058,S005,2,15,80,12.0,68.0,24.0,UPI
ORD00356,2024-12-30,C0226,P072,S007,2,0,240,0.0,240.0,120.0,UPI
ORD00357,2026-09-10,C0182,P040,S005,2,15,110,16.5,93.5,9.5,Debit Card
ORD00358,2026-12-29,C0353,P059,S002,3,10,300,30.0,270.0,105.0,Credit Card
ORD00359,2024-10-08,C0006,P009,S006,1,10,800,80.0,720.0,270.0,UPI
ORD00360,2025-05-28,C0201,P033,S004,1,0,280,0.0,280.0,140.0,Debit Card
ORD00361,2024-03-07,C0156,P028,S003,1,5,350,17.5,332.5,152.5,Credit Card
ORD00362,2025-04-04,C0205,P059,S004,2,5,200,10.0,190.0,80.0,UPI
ORD00363,2025-08-12,C0374,P071,S003,2,0,360,0.0,360.0,160.0,UPI
ORD00364,2025-10-02,C0300,P039,S004,1,10,180,18.0,162.0,22.0,UPI
ORD00365,2026-06-26,C0058,P082,S006,3,15,840,126.0,714.0,264.0,Debit Card
ORD00366,2025-02-06,C0374,P057,S003,3,20,420,84.0,336.0,96.0,UPI
ORD00367,2024-06-01,C0259,P014,S003,1,0,700,0.0,700.0,320.0,Credit Card
ORD00368,2026-05-27,C0334,P048,S005,1,0,450,0.0,450.0,150.0,UPI
ORD00369,2024-01-12,C0090,P080,S008,1,10,1800,180.0,1620.0,420.0,UPI
ORD00370,2025-10-22,C0308,P022,S007,3,5,4500,225.0,4275.0,1425.0,Cash
ORD00371,2026-01-03,C0309,P026,S005,1,10,160,16.0,144.0,69.0,Credit Card
ORD00372,2026-12-04,C0004,P087,S004,1,5,700,35.0,665.0,265.0,Credit Card
ORD00373,2025-03-12,C0335,P038,S006,2,0,600,0.0,600.0,160.0,UPI
ORD00374,2026-12-22,C0373,P096,S007,2,10,1000,100.0,900.0,380.0,Debit Card
ORD00375,2025-12-09,C0182,P022,S005,4,5,6000,300.0,5700.0,1900.0,Debit Card
ORD00376,2025-10-19,C0366,P090,S004,3,0,900,0.0,900.0,450.0,UPI
ORD00377,2024-02-20,C0198,P064,S001,4,10,320,32.0,288.0,148.0,UPI
ORD00378,2026-07-01,C0155,P061,S002,2,0,700,0.0,700.0,300.0,Debit Card
ORD00379,2024-06-17,C0319,P029,S007,4,0,2600,0.0,2600.0,1080.0,Wallet
ORD00380,2024-01-16,C0335,P041,S006,2,0,60,0.0,60.0,20.0,Debit Card
ORD00381,2026-05-18,C0294,P029,S002,3,0,1950,0.0,1950.0,810.0,Cash
ORD00382,2026-06-10,C0346,P075,S003,2,15,600,90.0,510.0,170.0,Debit Card
ORD00383,2026-07-29,C0222,P018,S007,2,0,2400,0.0,2400.0,1000.0,UPI
ORD00384,2025-05-30,C0159,P024,S002,2,5,360,18.0,342.0,172.0,UPI
ORD00385,2026-03-05,C0096,P026,S007,2,0,320,0.0,320.0,170.0,UPI
ORD00386,2024-08-30,C0122,P040,S001,2,5,110,5.5,104.5,20.5,Credit Card
ORD00387,2024-04-03,C0065,P070,S005,2,0,600,0.0,600.0,260.0,Wallet
ORD00388,2025-09-09,C0310,P015,S002,2,0,700,0.0,700.0,340.0,Wallet
ORD00389,2024-03-04,C0081,P040,S002,2,5,110,5.5,104.5,20.5,UPI
ORD00390,2025-08-27,C0120,P041,S004,4,0,120,0.0,120.0,40.0,Debit Card
ORD00391,2026-02-03,C0099,P092,S006,4,0,7200,0.0,7200.0,2800.0,Cash
ORD00392,2024-03-26,C0139,P020,S006,1,5,750,37.5,712.5,292.5,Credit Card
ORD00393,2025-09-16,C0092,P087,S004,1,10,700,70.0,630.0,230.0,Debit Card
ORD00394,2026-10-24,C0332,P034,S005,1,10,250,25.0,225.0,105.0,UPI
ORD00395,2024-04-21,C0254,P025,S005,3,15,660,99.0,561.0,231.0,Wallet
ORD00396,2024-05-29,C0192,P041,S002,1,0,30,0.0,30.0,10.0,UPI
ORD00397,2026-09-24,C0311,P065,S003,4,0,560,0.0,560.0,280.0,Debit Card
ORD00398,2025-08-06,C0149,P032,S001,2,15,400,60.0,340.0,150.0,UPI
ORD00399,2025-09-18,C0318,P038,S005,2,0,600,0.0,600.0,160.0,Credit Card
ORD00400,2026-05-27,C0077,P068,S006,1,0,250,0.0,250.0,110.0,Debit Card
ORD00401,2026-06-12,C0018,P071,S003,1,0,180,0.0,180.0,80.0,Debit Card
ORD00402,2026-09-09,C0145,P033,S006,2,0,560,0.0,560.0,280.0,UPI
ORD00403,2024-12-25,C0147,P041,S003,1,0,30,0.0,30.0,10.0,Cash
ORD00404,2025-02-06,C0178,P087,S008,1,15,700,105.0,595.0,195.0,UPI
ORD00405,2024-02-08,C0290,P001,S008,3,5,3600,180.0,3420.0,1170.0,Cash
ORD00406,2025-03-11,C0395,P052,S005,4,5,200,10.0,190.0,70.0,Credit Card
ORD00407,2026-08-24,C0292,P089,S003,2,0,1600,0.0,1600.0,700.0,UPI
ORD00408,2025-08-18,C0153,P094,S004,1,5,350,17.5,332.5,162.5,UPI
ORD00409,2024-01-22,C0190,P039,S006,2,10,360,36.0,324.0,44.0,Cash
ORD00410,2024-12-05,C0390,P053,S007,1,0,120,0.0,120.0,50.0,Credit Card
ORD00411,2024-10-26,C0370,P053,S004,2,0,240,0.0,240.0,100.0,UPI
ORD00412,2024-05-08,C0375,P037,S007,1,0,650,0.0,650.0,150.0,Debit Card
ORD00413,2026-01-09,C0354,P037,S008,1,15,650,97.5,552.5,52.5,Cash
ORD00414,2025-12-06,C0399,P009,S007,2,0,1600,0.0,1600.0,700.0,Debit Card
ORD00415,2024-12-22,C0353,P059,S002,1,5,100,5.0,95.0,40.0,Cash
ORD00416,2025-05-30,C0355,P010,S002,1,15,250,37.5,212.5,102.5,Credit Card
ORD00417,2025-12-07,C0394,P044,S006,2,5,240,12.0,228.0,88.0,Credit Card
ORD00418,2024-12-05,C0217,P017,S002,2,0,500,0.0,500.0,240.0,UPI
ORD00419,2024-08-30,C0289,P014,S006,2,0,1400,0.0,1400.0,640.0,UPI
ORD00420,2026-09-07,C0349,P021,S003,2,5,2000,100.0,1900.0,700.0,Debit Card
ORD00421,2025-05-14,C0202,P047,S008,1,5,250,12.5,237.5,87.5,UPI
ORD00422,2024-03-21,C0268,P058,S005,3,0,120,0.0,120.0,54.0,UPI
ORD00423,2026-11-24,C0184,P092,S008,2,5,3600,180.0,3420.0,1220.0,UPI
ORD00424,2025-08-03,C0013,P069,S005,4,0,880,0.0,880.0,400.0,Credit Card
ORD00425,2026-09-13,C0145,P048,S006,1,10,450,45.0,405.0,105.0,Credit Card
ORD00426,2025-01-07,C0253,P070,S002,2,5,600,30.0,570.0,230.0,UPI
ORD00427,2026-07-17,C0207,P052,S001,2,0,100,0.0,100.0,40.0,UPI
ORD00428,2024-02-03,C0069,P018,S001,1,15,1200,180.0,1020.0,320.0,Credit Card
ORD00429,2024-11-02,C0400,P047,S002,1,15,250,37.5,212.5,62.5,Credit Card
ORD00430,2026-12-24,C0335,P076,S006,1,5,250,12.5,237.5,117.5,UPI
ORD00431,2024-01-03,C0064,P060,S005,3,10,210,21.0,189.0,69.0,Debit Card
ORD00432,2026-01-28,C0157,P043,S001,3,10,840,84.0,756.0,246.0,Credit Card
ORD00433,2026-09-14,C0290,P087,S008,3,0,2100,0.0,2100.0,900.0,Credit Card
ORD00434,2024-07-19,C0371,P061,S005,1,0,350,0.0,350.0,150.0,Debit Card
ORD00435,2024-06-20,C0279,P092,S002,1,15,1800,270.0,1530.0,430.0,Credit Card
ORD00436,2024-01-15,C0003,P034,S004,2,0,500,0.0,500.0,260.0,UPI
ORD00437,2025-10-08,C0038,P060,S004,1,0,70,0.0,70.0,30.0,Credit Card
ORD00438,2026-05-17,C0285,P034,S006,2,5,500,25.0,475.0,235.0,Wallet
ORD00439,2025-02-21,C0190,P040,S006,1,10,55,5.5,49.5,7.5,Credit Card
ORD00440,2026-09-17,C0078,P037,S007,1,0,650,0.0,650.0,150.0,UPI
ORD00441,2024-10-09,C0229,P067,S007,2,10,900,90.0,810.0,250.0,Credit Card
ORD00442,2024-12-05,C0191,P054,S008,1,0,110,0.0,110.0,45.0,Credit Card
ORD00443,2024-04-16,C0340,P059,S005,1,20,100,20.0,80.0,25.0,UPI
ORD00444,2024-10-24,C0191,P008,S008,2,0,1200,0.0,1200.0,560.0,UPI
ORD00445,2024-03-18,C0287,P043,S002,2,15,560,84.0,476.0,136.0,Credit Card
ORD00446,2025-08-09,C0278,P053,S005,2,5,240,12.0,228.0,88.0,Wallet
ORD00447,2026-10-09,C0367,P065,S002,1,10,140,14.0,126.0,56.0,Cash
ORD00448,2024-03-09,C0300,P025,S004,3,5,660,33.0,627.0,297.0,Debit Card
ORD00449,2024-03-14,C0260,P052,S006,1,10,50,5.0,45.0,15.0,Wallet
ORD00450,2025-07-19,C0009,P010,S007,3,0,750,0.0,750.0,420.0,UPI
ORD00451,2026-12-30,C0153,P055,S004,1,0,90,0.0,90.0,40.0,UPI
ORD00452,2025-12-13,C0258,P064,S001,3,0,240,0.0,240.0,135.0,Wallet
ORD00453,2026-04-07,C0132,P048,S007,2,0,900,0.0,900.0,300.0,Credit Card
ORD00454,2024-05-28,C0166,P020,S001,2,0,1500,0.0,1500.0,660.0,UPI
ORD00455,2025-06-11,C0162,P043,S005,3,10,840,84.0,756.0,246.0,Credit Card
ORD00456,2026-02-11,C0398,P056,S004,2,10,120,12.0,108.0,38.0,Debit Card
ORD00457,2026-07-28,C0027,P088,S004,2,15,4000,600.0,3400.0,800.0,Cash
ORD00458,2025-06-12,C0133,P041,S008,1,5,30,1.5,28.5,8.5,Wallet
ORD00459,2025-04-15,C0274,P053,S007,3,0,360,0.0,360.0,150.0,UPI
ORD00460,2025-06-23,C0144,P037,S005,1,0,650,0.0,650.0,150.0,Debit Card
ORD00461,2024-06-04,C0370,P063,S004,2,0,240,0.0,240.0,100.0,UPI
ORD00462,2025-07-05,C0335,P035,S006,1,10,300,30.0,270.0,120.0,Wallet
ORD00463,2025-02-12,C0119,P028,S004,1,0,350,0.0,350.0,170.0,UPI
ORD00464,2025-05-26,C0371,P036,S005,3,0,600,0.0,600.0,330.0,Debit Card
ORD00465,2024-06-09,C0242,P014,S007,2,10,1400,140.0,1260.0,500.0,Credit Card
ORD00466,2024-03-27,C0308,P064,S007,3,0,240,0.0,240.0,135.0,UPI
ORD00467,2025-07-16,C0358,P089,S006,2,20,1600,320.0,1280.0,380.0,Wallet
ORD00468,2025-03-30,C0383,P033,S008,3,0,840,0.0,840.0,420.0,Credit Card
ORD00469,2024-03-07,C0330,P040,S003,2,0,110,0.0,110.0,26.0,Debit Card
ORD00470,2024-09-03,C0351,P019,S007,2,5,1800,90.0,1710.0,710.0,Debit Card
ORD00471,2025-03-07,C0101,P001,S005,1,0,1200,0.0,1200.0,450.0,UPI
ORD00472,2025-01-18,C0322,P073,S001,2,0,1800,0.0,1800.0,500.0,Credit Card
ORD00473,2026-01-19,C0378,P050,S007,1,0,150,0.0,150.0,60.0,Credit Card
ORD00474,2026-01-17,C0117,P066,S006,3,0,900,0.0,900.0,360.0,UPI
ORD00475,2025-04-13,C0024,P016,S002,3,10,1950,195.0,1755.0,675.0,Cash
ORD00476,2026-02-19,C0292,P044,S003,1,10,120,12.0,108.0,38.0,Debit Card
ORD00477,2024-01-20,C0365,P047,S006,1,5,250,12.5,237.5,87.5,Wallet
ORD00478,2026-11-24,C0266,P076,S008,1,5,250,12.5,237.5,117.5,UPI
ORD00479,2024-04-07,C0279,P076,S002,1,10,250,25.0,225.0,105.0,UPI
ORD00480,2026-09-02,C0118,P064,S004,3,0,240,0.0,240.0,135.0,Debit Card
ORD00481,2026-01-07,C0393,P034,S007,2,15,500,75.0,425.0,185.0,UPI
ORD00482,2024-09-05,C0222,P002,S007,1,10,900,90.0,810.0,290.0,Credit Card
ORD00483,2024-12-23,C0201,P060,S004,1,0,70,0.0,70.0,30.0,Credit Card
ORD00484,2026-07-04,C0350,P063,S004,3,0,360,0.0,360.0,150.0,UPI
ORD00485,2024-10-23,C0291,P054,S003,2,15,220,33.0,187.0,57.0,Credit Card
ORD00486,2026-04-08,C0394,P057,S006,3,0,420,0.0,420.0,180.0,UPI
ORD00487,2025-10-10,C0254,P027,S005,2,5,900,45.0,855.0,375.0,UPI
ORD00488,2026-01-13,C0314,P076,S006,2,5,500,25.0,475.0,235.0,Credit Card
ORD00489,2024-02-17,C0246,P015,S007,1,0,350,0.0,350.0,170.0,UPI
ORD00490,2024-06-12,C0132,P061,S007,1,0,350,0.0,350.0,150.0,UPI
ORD00491,2026-08-27,C0239,P095,S008,2,0,1200,0.0,1200.0,560.0,UPI
ORD00492,2024-06-19,C0106,P062,S007,1,5,280,14.0,266.0,106.0,UPI
ORD00493,2026-03-09,C0106,P086,S007,1,0,1500,0.0,1500.0,600.0,UPI
ORD00494,2024-09-25,C0229,P057,S007,2,0,280,0.0,280.0,120.0,UPI
ORD00495,2025-10-28,C0212,P048,S005,2,15,900,135.0,765.0,165.0,Wallet
ORD00496,2024-10-03,C0090,P046,S008,2,0,800,0.0,800.0,280.0,Credit Card
ORD00497,2026-06-09,C0239,P050,S008,2,5,300,15.0,285.0,105.0,UPI
ORD00498,2025-04-10,C0137,P042,S008,3,0,270,0.0,270.0,105.0,UPI
ORD00499,2025-09-13,C0104,P028,S003,1,5,350,17.5,332.5,152.5,Debit Card
ORD00500,2025-08-10,C0287,P013,S002,2,0,1000,0.0,1000.0,440.0,Wallet
ORD00501,2026-09-04,C0283,P096,S006,1,10,500,50.0,450.0,190.0,Debit Card
ORD00502,2024-01-15,C0132,P051,S007,2,0,320,0.0,320.0,130.0,Cash
ORD00503,2025-05-26,C0298,P041,S002,1,10,30,3.0,27.0,7.0,UPI
ORD00504,2025-06-22,C0086,P041,S003,1,5,30,1.5,28.5,8.5,Credit Card
ORD00505,2025-07-10,C0036,P062,S001,1,10,280,28.0,252.0,92.0,Cash
ORD00506,2024-05-20,C0022,P047,S003,1,0,250,0.0,250.0,100.0,Debit Card
ORD00507,2025-07-11,C0395,P060,S005,2,5,140,7.0,133.0,53.0,UPI
ORD00508,2026-10-14,C0018,P023,S003,1,0,220,0.0,220.0,120.0,Credit Card
ORD00509,2024-07-03,C0142,P001,S002,1,5,1200,60.0,1140.0,390.0,UPI
ORD00510,2026-10-17,C0222,P030,S007,2,10,360,36.0,324.0,164.0,UPI
ORD00511,2024-11-20,C0048,P076,S001,1,5,250,12.5,237.5,117.5,UPI
ORD00512,2026-02-20,C0227,P080,S008,3,0,5400,0.0,5400.0,1800.0,Debit Card
ORD00513,2026-06-26,C0311,P030,S003,1,20,180,36.0,144.0,64.0,UPI
ORD00514,2024-07-11,C0059,P071,S002,2,20,360,72.0,288.0,88.0,Credit Card
ORD00515,2025-10-01,C0327,P059,S006,1,10,100,10.0,90.0,35.0,Debit Card
ORD00516,2024-09-07,C0207,P046,S001,1,5,400,20.0,380.0,120.0,UPI
ORD00517,2025-03-22,C0333,P076,S006,5,0,1250,0.0,1250.0,650.0,Credit Card
ORD00518,2025-07-19,C0062,P007,S001,2,0,900,0.0,900.0,460.0,UPI
ORD00519,2026-08-31,C0134,P087,S005,2,0,1400,0.0,1400.0,600.0,Debit Card
ORD00520,2026-12-19,C0217,P036,S002,1,20,200,40.0,160.0,70.0,Debit Card
ORD00521,2025-12-29,C0385,P011,S001,2,10,5000,500.0,4500.0,1100.0,UPI
ORD00522,2025-12-12,C0079,P030,S005,1,0,180,0.0,180.0,100.0,Debit Card
ORD00523,2024-10-02,C0383,P038,S008,1,10,300,30.0,270.0,50.0,Credit Card
ORD00524,2026-09-30,C0386,P038,S006,1,0,300,0.0,300.0,80.0,UPI
ORD00525,2025-07-17,C0167,P069,S008,3,5,660,33.0,627.0,267.0,Cash
ORD00526,2026-11-07,C0264,P013,S002,3,5,1500,75.0,1425.0,585.0,Credit Card
ORD00527,2026-11-02,C0328,P071,S006,1,0,180,0.0,180.0,80.0,Cash
ORD00528,2025-05-04,C0011,P063,S002,1,0,120,0.0,120.0,50.0,Wallet
ORD00529,2025-01-23,C0010,P068,S004,2,5,500,25.0,475.0,195.0,Credit Card
ORD00530,2025-10-22,C0140,P052,S006,1,0,50,0.0,50.0,20.0,Debit Card
ORD00531,2024-09-22,C0152,P009,S004,1,0,800,0.0,800.0,350.0,UPI
ORD00532,2024-03-06,C0202,P026,S008,2,10,320,32.0,288.0,138.0,Debit Card
ORD00533,2025-06-08,C0075,P042,S001,1,0,90,0.0,90.0,35.0,Debit Card
ORD00534,2025-03-03,C0227,P009,S008,2,15,1600,240.0,1360.0,460.0,Cash
ORD00535,2024-05-04,C0254,P047,S005,1,10,250,25.0,225.0,75.0,Cash
ORD00536,2024-04-29,C0320,P062,S002,3,0,840,0.0,840.0,360.0,UPI
ORD00537,2025-09-14,C0246,P012,S007,1,0,180,0.0,180.0,100.0,Credit Card
ORD00538,2025-04-18,C0213,P014,S003,2,0,1400,0.0,1400.0,640.0,Credit Card
ORD00539,2025-01-01,C0387,P035,S008,2,5,600,30.0,570.0,270.0,Debit Card
ORD00540,2026-01-03,C0334,P065,S005,2,10,280,28.0,252.0,112.0,Credit Card
ORD00541,2025-01-04,C0269,P024,S001,2,5,360,18.0,342.0,172.0,Debit Card
ORD00542,2026-06-26,C0185,P046,S006,4,15,1600,240.0,1360.0,320.0,Credit Card
ORD00543,2026-01-31,C0220,P095,S001,1,5,600,30.0,570.0,250.0,Cash
ORD00544,2025-05-07,C0400,P026,S002,2,0,320,0.0,320.0,170.0,Debit Card
ORD00545,2025-06-04,C0345,P095,S003,1,5,600,30.0,570.0,250.0,Wallet
ORD00546,2024-03-11,C0169,P009,S006,5,5,4000,200.0,3800.0,1550.0,Credit Card
ORD00547,2025-09-10,C0205,P091,S004,1,20,250,50.0,200.0,90.0,UPI
ORD00548,2025-07-19,C0083,P035,S006,4,5,1200,60.0,1140.0,540.0,Credit Card
ORD00549,2024-07-12,C0335,P050,S006,1,0,150,0.0,150.0,60.0,UPI
ORD00550,2025-05-26,C0183,P042,S001,1,10,90,9.0,81.0,26.0,UPI
ORD00551,2025-03-21,C0050,P046,S004,2,10,800,80.0,720.0,200.0,Debit Card
ORD00552,2024-07-14,C0258,P024,S001,2,0,360,0.0,360.0,190.0,Debit Card
ORD00553,2024-06-09,C0297,P055,S002,3,15,270,40.5,229.5,79.5,UPI
ORD00554,2026-06-08,C0389,P077,S006,1,15,220,33.0,187.0,87.0,Cash
ORD00555,2024-01-24,C0339,P025,S002,2,5,440,22.0,418.0,198.0,UPI
ORD00556,2025-10-15,C0020,P041,S006,1,5,30,1.5,28.5,8.5,UPI
ORD00557,2026-03-15,C0003,P011,S004,5,10,12500,1250.0,11250.0,2750.0,Credit Card
ORD00558,2026-06-03,C0368,P011,S003,1,0,2500,0.0,2500.0,800.0,UPI
ORD00559,2024-04-10,C0294,P001,S002,2,0,2400,0.0,2400.0,900.0,UPI
ORD00560,2024-09-24,C0312,P046,S007,3,5,1200,60.0,1140.0,360.0,UPI
ORD00561,2025-02-05,C0326,P048,S001,2,20,900,180.0,720.0,120.0,Credit Card
ORD00562,2025-06-29,C0171,P030,S001,3,0,540,0.0,540.0,300.0,Wallet
ORD00563,2026-04-27,C0353,P004,S002,1,0,1500,0.0,1500.0,600.0,UPI
ORD00564,2024-02-19,C0365,P051,S006,3,0,480,0.0,480.0,195.0,UPI
ORD00565,2026-06-24,C0199,P069,S004,2,0,440,0.0,440.0,200.0,Wallet
ORD00566,2026-02-04,C0285,P033,S006,1,10,280,28.0,252.0,112.0,UPI
ORD00567,2025-05-12,C0057,P065,S005,4,15,560,84.0,476.0,196.0,Cash
ORD00568,2024-01-29,C0135,P072,S001,1,10,120,12.0,108.0,48.0,UPI
ORD00569,2025-11-10,C0217,P045,S002,2,0,700,0.0,700.0,260.0,Credit Card
ORD00570,2026-09-16,C0253,P033,S002,2,20,560,112.0,448.0,168.0,Debit Card
ORD00571,2026-02-10,C0276,P053,S008,2,10,240,24.0,216.0,76.0,UPI
ORD00572,2025-08-04,C0222,P016,S007,1,10,650,65.0,585.0,225.0,UPI
ORD00573,2024-01-18,C0292,P046,S003,1,10,400,40.0,360.0,100.0,Debit Card
ORD00574,2026-01-07,C0337,P091,S007,3,0,750,0.0,750.0,420.0,Cash
ORD00575,2025-04-18,C0152,P054,S004,5,5,550,27.5,522.5,197.5,Debit Card
ORD00576,2026-09-19,C0343,P088,S007,3,5,6000,300.0,5700.0,1800.0,UPI
ORD00577,2026-07-26,C0365,P046,S006,2,10,800,80.0,720.0,200.0,UPI
ORD00578,2025-09-16,C0073,P089,S003,1,0,800,0.0,800.0,350.0,UPI
ORD00579,2025-12-21,C0358,P044,S006,1,20,120,24.0,96.0,26.0,Wallet
ORD00580,2024-05-06,C0358,P029,S006,2,15,1300,195.0,1105.0,345.0,Cash
ORD00581,2024-03-01,C0177,P063,S001,4,15,480,72.0,408.0,128.0,UPI
ORD00582,2026-03-15,C0247,P047,S004,2,0,500,0.0,500.0,200.0,UPI
ORD00583,2025-04-10,C0030,P092,S002,1,5,1800,90.0,1710.0,610.0,Credit Card
ORD00584,2025-11-05,C0144,P029,S005,1,10,650,65.0,585.0,205.0,Credit Card
ORD00585,2025-02-18,C0322,P057,S001,3,0,420,0.0,420.0,180.0,Debit Card
ORD00586,2024-10-03,C0186,P046,S006,4,10,1600,160.0,1440.0,400.0,Debit Card
ORD00587,2024-11-19,C0001,P052,S005,2,15,100,15.0,85.0,25.0,UPI
ORD00588,2024-10-25,C0164,P030,S001,3,15,540,81.0,459.0,219.0,Credit Card
ORD00589,2026-06-26,C0319,P048,S007,2,10,900,90.0,810.0,210.0,Debit Card
ORD00590,2024-11-07,C0260,P067,S006,1,0,450,0.0,450.0,170.0,Debit Card
ORD00591,2025-06-30,C0372,P051,S008,2,5,320,16.0,304.0,114.0,Credit Card
ORD00592,2024-02-23,C0347,P027,S007,1,10,450,45.0,405.0,165.0,Credit Card
ORD00593,2026-08-18,C0059,P045,S002,2,0,700,0.0,700.0,260.0,Cash
ORD00594,2024-10-29,C0198,P045,S001,1,10,350,35.0,315.0,95.0,UPI
ORD00595,2026-04-25,C0015,P027,S004,1,10,450,45.0,405.0,165.0,UPI
ORD00596,2024-12-28,C0018,P033,S003,5,15,1400,210.0,1190.0,490.0,Credit Card
ORD00597,2026-07-26,C0320,P035,S002,3,0,900,0.0,900.0,450.0,Debit Card
ORD00598,2026-02-18,C0222,P055,S007,2,0,180,0.0,180.0,80.0,Wallet
ORD00599,2026-12-11,C0004,P052,S004,2,0,100,0.0,100.0,40.0,UPI
ORD00600,2024-03-27,C0337,P041,S007,3,0,90,0.0,90.0,30.0,Credit Card
ORD00601,2024-03-21,C0347,P091,S007,2,5,500,25.0,475.0,255.0,Debit Card
ORD00602,2025-08-19,C0065,P008,S005,1,15,600,90.0,510.0,190.0,Debit Card
ORD00603,2024-12-06,C0280,P028,S003,2,0,700,0.0,700.0,340.0,Credit Card
ORD00604,2026-07-14,C0187,P020,S007,1,5,750,37.5,712.5,292.5,UPI
ORD00605,2024-10-04,C0112,P059,S007,1,0,100,0.0,100.0,45.0,Credit Card
ORD00606,2025-02-17,C0232,P086,S004,3,0,4500,0.0,4500.0,1800.0,UPI
ORD00607,2024-12-01,C0373,P056,S007,1,0,60,0.0,60.0,25.0,Credit Card
ORD00608,2026-12-08,C0291,P040,S003,2,20,110,22.0,88.0,4.0,Credit Card
ORD00609,2026-02-18,C0040,P024,S007,1,0,180,0.0,180.0,95.0,UPI
ORD00610,2024-10-19,C0081,P078,S002,1,10,350,35.0,315.0,135.0,Credit Card
ORD00611,2026-07-02,C0395,P032,S005,1,0,200,0.0,200.0,105.0,Cash
ORD00612,2024-01-08,C0092,P090,S004,2,0,600,0.0,600.0,300.0,Credit Card
ORD00613,2024-01-12,C0188,P076,S006,2,5,500,25.0,475.0,235.0,UPI
ORD00614,2026-07-18,C0084,P057,S006,1,0,140,0.0,140.0,60.0,Credit Card
ORD00615,2025-07-23,C0291,P031,S003,2,5,240,12.0,228.0,128.0,Cash
ORD00616,2024-11-14,C0092,P010,S004,1,15,250,37.5,212.5,102.5,Debit Card
ORD00617,2025-09-03,C0063,P065,S005,1,0,140,0.0,140.0,70.0,UPI
ORD00618,2024-11-26,C0176,P091,S001,2,10,500,50.0,450.0,230.0,Credit Card
ORD00619,2024-12-29,C0135,P065,S001,2,0,280,0.0,280.0,140.0,UPI
ORD00620,2025-10-23,C0131,P069,S008,1,0,220,0.0,220.0,100.0,Credit Card
ORD00621,2025-08-22,C0336,P042,S002,2,0,180,0.0,180.0,70.0,Cash
ORD00622,2026-04-27,C0251,P032,S007,2,10,400,40.0,360.0,170.0,Credit Card
ORD00623,2026-12-19,C0292,P020,S003,2,10,1500,150.0,1350.0,510.0,Wallet
ORD00624,2025-08-11,C0132,P093,S007,1,10,450,45.0,405.0,155.0,UPI
ORD00625,2025-12-25,C0187,P059,S007,2,5,200,10.0,190.0,80.0,Debit Card
ORD00626,2025-01-03,C0201,P047,S004,3,0,750,0.0,750.0,300.0,UPI
ORD00627,2024-08-30,C0107,P026,S001,1,5,160,8.0,152.0,77.0,UPI
ORD00628,2026-04-29,C0077,P073,S006,1,0,900,0.0,900.0,250.0,Credit Card
ORD00629,2024-01-24,C0117,P057,S006,2,10,280,28.0,252.0,92.0,UPI
ORD00630,2025-09-06,C0080,P010,S002,2,0,500,0.0,500.0,280.0,UPI
ORD00631,2025-11-30,C0349,P052,S003,2,20,100,20.0,80.0,20.0,Cash
ORD00632,2025-11-23,C0183,P030,S001,2,5,360,18.0,342.0,182.0,UPI
ORD00633,2024-11-14,C0268,P019,S005,3,5,2700,135.0,2565.0,1065.0,UPI
ORD00634,2026-04-27,C0123,P061,S004,4,0,1400,0.0,1400.0,600.0,Credit Card
ORD00635,2025-10-08,C0001,P060,S005,1,5,70,3.5,66.5,26.5,UPI
ORD00636,2025-10-20,C0223,P088,S008,1,0,2000,0.0,2000.0,700.0,Wallet
ORD00637,2024-12-05,C0175,P056,S003,1,5,60,3.0,57.0,22.0,Cash
ORD00638,2025-10-06,C0021,P064,S008,1,0,80,0.0,80.0,45.0,Cash
ORD00639,2025-09-11,C0375,P045,S007,1,0,350,0.0,350.0,130.0,UPI
ORD00640,2025-02-17,C0157,P068,S001,4,0,1000,0.0,1000.0,440.0,UPI
ORD00641,2026-11-13,C0054,P037,S002,4,10,2600,260.0,2340.0,340.0,Credit Card
ORD00642,2024-10-20,C0013,P069,S005,1,20,220,44.0,176.0,56.0,Credit Card
ORD00643,2025-02-24,C0366,P089,S004,2,5,1600,80.0,1520.0,620.0,Debit Card
ORD00644,2024-01-09,C0324,P043,S007,1,0,280,0.0,280.0,110.0,Cash
ORD00645,2025-11-13,C0362,P079,S003,1,5,500,25.0,475.0,195.0,Debit Card
ORD00646,2025-10-01,C0385,P025,S001,1,0,220,0.0,220.0,110.0,UPI
ORD00647,2026-06-22,C0102,P038,S008,2,0,600,0.0,600.0,160.0,UPI
ORD00648,2026-12-09,C0344,P018,S007,1,0,1200,0.0,1200.0,500.0,UPI
ORD00649,2025-08-03,C0288,P071,S001,2,0,360,0.0,360.0,160.0,UPI
ORD00650,2026-06-27,C0373,P094,S007,1,0,350,0.0,350.0,180.0,Wallet
ORD00651,2026-02-24,C0059,P011,S002,1,0,2500,0.0,2500.0,800.0,UPI
ORD00652,2026-07-02,C0012,P055,S008,2,0,180,0.0,180.0,80.0,Cash
ORD00653,2026-11-29,C0088,P067,S005,2,0,900,0.0,900.0,340.0,Cash
ORD00654,2024-07-18,C0043,P057,S004,2,10,280,28.0,252.0,92.0,Debit Card
ORD00655,2025-04-19,C0049,P040,S007,4,0,220,0.0,220.0,52.0,Cash
ORD00656,2026-01-14,C0094,P028,S007,1,10,350,35.0,315.0,135.0,Debit Card
ORD00657,2025-10-27,C0259,P064,S003,1,5,80,4.0,76.0,41.0,UPI
ORD00658,2024-12-15,C0066,P042,S007,1,5,90,4.5,85.5,30.5,Credit Card
ORD00659,2024-08-07,C0235,P047,S005,1,5,250,12.5,237.5,87.5,Debit Card
ORD00660,2026-03-31,C0257,P041,S004,2,0,60,0.0,60.0,20.0,UPI
ORD00661,2026-09-14,C0043,P015,S004,1,0,350,0.0,350.0,170.0,Cash
ORD00662,2026-06-10,C0359,P053,S002,2,0,240,0.0,240.0,100.0,Debit Card
ORD00663,2024-06-08,C0153,P019,S004,2,10,1800,180.0,1620.0,620.0,Cash
ORD00664,2026-08-06,C0154,P024,S007,1,0,180,0.0,180.0,95.0,Credit Card
ORD00665,2026-04-11,C0395,P033,S005,1,0,280,0.0,280.0,140.0,Cash
ORD00666,2026-02-15,C0034,P063,S008,1,5,120,6.0,114.0,44.0,UPI
ORD00667,2024-10-11,C0287,P025,S002,4,5,880,44.0,836.0,396.0,UPI
ORD00668,2024-11-01,C0094,P014,S007,1,5,700,35.0,665.0,285.0,Credit Card
ORD00669,2025-10-10,C0140,P031,S006,3,10,360,36.0,324.0,174.0,Wallet
ORD00670,2025-12-06,C0037,P088,S002,2,5,4000,200.0,3800.0,1200.0,Credit Card
ORD00671,2025-08-25,C0170,P083,S008,1,15,550,82.5,467.5,117.5,Wallet
ORD00672,2026-01-05,C0084,P001,S006,1,0,1200,0.0,1200.0,450.0,UPI
ORD00673,2026-03-18,C0093,P047,S008,2,10,500,50.0,450.0,150.0,Credit Card
ORD00674,2025-03-08,C0266,P048,S008,2,5,900,45.0,855.0,255.0,UPI
ORD00675,2026-01-07,C0348,P038,S006,3,0,900,0.0,900.0,240.0,Wallet
ORD00676,2024-12-22,C0180,P051,S008,1,10,160,16.0,144.0,49.0,Credit Card
ORD00677,2024-12-22,C0153,P045,S004,3,15,1050,157.5,892.5,232.5,Cash
ORD00678,2026-05-21,C0224,P050,S007,2,5,300,15.0,285.0,105.0,Credit Card
ORD00679,2026-02-26,C0146,P065,S005,1,0,140,0.0,140.0,70.0,Credit Card
ORD00680,2025-04-29,C0302,P056,S001,2,0,120,0.0,120.0,50.0,Wallet
ORD00681,2024-03-09,C0097,P057,S001,5,5,700,35.0,665.0,265.0,Debit Card
ORD00682,2026-09-13,C0249,P020,S007,4,0,3000,0.0,3000.0,1320.0,Debit Card
ORD00683,2025-07-26,C0236,P042,S001,2,0,180,0.0,180.0,70.0,Cash
ORD00684,2026-08-25,C0343,P003,S007,2,10,700,70.0,630.0,270.0,Debit Card
ORD00685,2025-10-01,C0063,P049,S005,4,5,120,6.0,114.0,54.0,UPI
ORD00686,2026-08-18,C0285,P045,S006,2,0,700,0.0,700.0,260.0,UPI
ORD00687,2025-08-26,C0269,P090,S001,1,0,300,0.0,300.0,150.0,Wallet
ORD00688,2025-06-17,C0218,P067,S008,1,5,450,22.5,427.5,147.5,UPI
ORD00689,2025-08-20,C0239,P007,S008,3,5,1350,67.5,1282.5,622.5,UPI
ORD00690,2026-11-05,C0178,P003,S008,1,5,350,17.5,332.5,152.5,UPI
ORD00691,2024-08-16,C0119,P025,S004,2,15,440,66.0,374.0,154.0,Debit Card
ORD00692,2026-01-27,C0043,P051,S004,3,0,480,0.0,480.0,195.0,Debit Card
ORD00693,2026-12-16,C0060,P045,S003,1,0,350,0.0,350.0,130.0,UPI
ORD00694,2024-11-11,C0075,P094,S001,3,0,1050,0.0,1050.0,540.0,UPI
ORD00695,2024-12-08,C0368,P050,S003,2,0,300,0.0,300.0,120.0,Debit Card
ORD00696,2024-08-25,C0085,P064,S005,1,5,80,4.0,76.0,41.0,Credit Card
ORD00697,2026-12-26,C0215,P048,S006,2,0,900,0.0,900.0,300.0,UPI
ORD00698,2026-06-09,C0087,P043,S005,1,15,280,42.0,238.0,68.0,Credit Card
ORD00699,2026-12-21,C0044,P053,S003,1,15,120,18.0,102.0,32.0,Debit Card
ORD00700,2026-06-03,C0069,P088,S001,2,10,4000,400.0,3600.0,1000.0,UPI
ORD00701,2024-07-20,C0384,P027,S003,1,5,450,22.5,427.5,187.5,Credit Card
ORD00702,2025-05-10,C0400,P052,S002,2,5,100,5.0,95.0,35.0,UPI
ORD00703,2025-01-03,C0117,P035,S006,1,0,300,0.0,300.0,150.0,UPI
ORD00704,2026-04-22,C0098,P011,S003,1,0,2500,0.0,2500.0,800.0,Credit Card
ORD00705,2025-08-03,C0288,P027,S001,1,0,450,0.0,450.0,210.0,Credit Card
ORD00706,2025-03-20,C0334,P001,S005,4,5,4800,240.0,4560.0,1560.0,Debit Card
ORD00707,2024-09-23,C0322,P015,S001,1,10,350,35.0,315.0,135.0,Debit Card
ORD00708,2025-01-13,C0143,P061,S004,3,10,1050,105.0,945.0,345.0,UPI
ORD00709,2024-06-04,C0252,P048,S001,2,15,900,135.0,765.0,165.0,UPI
ORD00710,2025-10-24,C0093,P046,S008,3,0,1200,0.0,1200.0,420.0,UPI
ORD00711,2024-05-03,C0194,P045,S006,1,10,350,35.0,315.0,95.0,UPI
ORD00712,2025-02-14,C0256,P004,S006,2,0,3000,0.0,3000.0,1200.0,Credit Card
ORD00713,2026-06-02,C0115,P016,S006,1,5,650,32.5,617.5,257.5,Wallet
ORD00714,2024-07-30,C0164,P063,S001,1,0,120,0.0,120.0,50.0,Debit Card
ORD00715,2024-02-08,C0131,P070,S008,3,0,900,0.0,900.0,390.0,Debit Card
ORD00716,2026-03-10,C0090,P091,S008,1,10,250,25.0,225.0,115.0,Wallet
ORD00717,2026-11-21,C0341,P057,S005,3,5,420,21.0,399.0,159.0,Credit Card
ORD00718,2024-05-23,C0149,P072,S001,2,0,240,0.0,240.0,120.0,Wallet
ORD00719,2026-09-14,C0338,P062,S006,1,5,280,14.0,266.0,106.0,Wallet
ORD00720,2025-09-12,C0124,P028,S005,1,5,350,17.5,332.5,152.5,Wallet
ORD00721,2026-12-30,C0090,P005,S008,1,10,300,30.0,270.0,120.0,Debit Card
ORD00722,2025-02-19,C0070,P033,S003,1,0,280,0.0,280.0,140.0,UPI
ORD00723,2026-03-09,C0273,P034,S001,3,5,750,37.5,712.5,352.5,UPI
ORD00724,2026-06-15,C0163,P007,S005,2,0,900,0.0,900.0,460.0,UPI
ORD00725,2025-05-03,C0214,P072,S005,2,0,240,0.0,240.0,120.0,Credit Card
ORD00726,2026-12-29,C0141,P035,S005,3,20,900,180.0,720.0,270.0,UPI
ORD00727,2025-11-22,C0045,P026,S002,1,0,160,0.0,160.0,85.0,Cash
ORD00728,2026-07-27,C0036,P055,S001,4,15,360,54.0,306.0,106.0,Credit Card
ORD00729,2025-04-22,C0190,P068,S006,4,0,1000,0.0,1000.0,440.0,UPI
ORD00730,2026-08-23,C0083,P053,S006,4,5,480,24.0,456.0,176.0,UPI
ORD00731,2024-01-30,C0261,P055,S007,1,0,90,0.0,90.0,40.0,UPI
ORD00732,2026-07-23,C0094,P063,S007,2,10,240,24.0,216.0,76.0,UPI
ORD00733,2024-08-21,C0086,P065,S003,2,10,280,28.0,252.0,112.0,UPI
ORD00734,2026-05-22,C0102,P069,S008,1,10,220,22.0,198.0,78.0,Debit Card
ORD00735,2024-09-04,C0399,P037,S007,5,5,3250,162.5,3087.5,587.5,UPI
ORD00736,2025-03-12,C0387,P063,S008,3,5,360,18.0,342.0,132.0,UPI
ORD00737,2024-10-16,C0363,P015,S007,1,0,350,0.0,350.0,170.0,UPI
ORD00738,2024-03-24,C0178,P030,S008,1,10,180,18.0,162.0,82.0,Debit Card
ORD00739,2024-12-02,C0024,P038,S002,1,0,300,0.0,300.0,80.0,Wallet
ORD00740,2025-08-04,C0004,P063,S004,1,10,120,12.0,108.0,38.0,Debit Card
ORD00741,2025-02-26,C0157,P055,S001,1,0,90,0.0,90.0,40.0,Credit Card
ORD00742,2024-12-23,C0186,P025,S006,1,0,220,0.0,220.0,110.0,Credit Card
ORD00743,2025-09-08,C0064,P085,S005,1,0,1200,0.0,1200.0,500.0,UPI
ORD00744,2026-12-21,C0329,P017,S006,2,15,500,75.0,425.0,165.0,Wallet
ORD00745,2026-08-08,C0157,P042,S001,3,10,270,27.0,243.0,78.0,UPI
ORD00746,2024-11-01,C0217,P031,S002,4,5,480,24.0,456.0,256.0,UPI
ORD00747,2024-03-29,C0002,P054,S002,1,0,110,0.0,110.0,45.0,UPI
ORD00748,2026-07-17,C0101,P026,S005,1,10,160,16.0,144.0,69.0,Wallet
ORD00749,2024-02-29,C0231,P015,S001,2,0,700,0.0,700.0,340.0,Cash
ORD00750,2025-10-29,C0193,P068,S007,2,15,500,75.0,425.0,145.0,UPI
ORD00751,2025-04-11,C0088,P013,S005,1,10,500,50.0,450.0,170.0,Cash
ORD00752,2025-03-27,C0380,P045,S008,1,5,350,17.5,332.5,112.5,UPI
ORD00753,2025-03-18,C0139,P041,S006,4,5,120,6.0,114.0,34.0,UPI
ORD00754,2025-02-01,C0223,P022,S008,2,20,3000,600.0,2400.0,500.0,UPI
ORD00755,2024-05-02,C0140,P022,S006,1,0,1500,0.0,1500.0,550.0,Credit Card
ORD00756,2025-12-04,C0099,P048,S006,1,0,450,0.0,450.0,150.0,Debit Card
ORD00757,2024-12-14,C0093,P087,S008,2,0,1400,0.0,1400.0,600.0,Credit Card
ORD00758,2025-03-19,C0025,P045,S005,2,10,700,70.0,630.0,190.0,UPI
ORD00759,2025-05-20,C0134,P069,S005,1,0,220,0.0,220.0,100.0,UPI
ORD00760,2024-11-01,C0143,P095,S004,3,0,1800,0.0,1800.0,840.0,UPI
ORD00761,2026-12-07,C0152,P096,S004,1,10,500,50.0,450.0,190.0,Debit Card
ORD00762,2026-10-11,C0210,P002,S003,2,0,1800,0.0,1800.0,760.0,Debit Card
ORD00763,2024-09-28,C0040,P089,S007,1,0,800,0.0,800.0,350.0,Wallet
ORD00764,2025-09-16,C0243,P004,S002,1,5,1500,75.0,1425.0,525.0,Credit Card
ORD00765,2026-07-20,C0026,P054,S003,2,0,220,0.0,220.0,90.0,Debit Card
ORD00766,2026-01-28,C0027,P036,S004,2,10,400,40.0,360.0,180.0,UPI
ORD00767,2026-02-27,C0308,P060,S007,3,0,210,0.0,210.0,90.0,UPI
ORD00768,2025-07-06,C0045,P046,S002,2,5,800,40.0,760.0,240.0,Credit Card
ORD00769,2024-06-14,C0006,P033,S006,2,0,560,0.0,560.0,280.0,Wallet
ORD00770,2026-01-15,C0307,P045,S008,3,0,1050,0.0,1050.0,390.0,UPI
ORD00771,2026-01-18,C0279,P055,S002,1,5,90,4.5,85.5,35.5,Debit Card
ORD00772,2025-02-23,C0032,P049,S005,1,0,30,0.0,30.0,15.0,Credit Card
ORD00773,2025-03-05,C0076,P051,S005,3,10,480,48.0,432.0,147.0,UPI
ORD00774,2026-10-28,C0063,P088,S005,1,0,2000,0.0,2000.0,700.0,UPI
ORD00775,2026-12-14,C0030,P039,S002,2,5,360,18.0,342.0,62.0,Cash
ORD00776,2026-07-14,C0013,P089,S005,2,10,1600,160.0,1440.0,540.0,Wallet
ORD00777,2024-05-14,C0031,P071,S003,1,15,180,27.0,153.0,53.0,UPI
ORD00778,2025-01-01,C0237,P041,S006,1,20,30,6.0,24.0,4.0,UPI
ORD00779,2024-10-30,C0378,P030,S007,3,5,540,27.0,513.0,273.0,Debit Card
ORD00780,2024-09-27,C0307,P030,S008,2,0,360,0.0,360.0,200.0,Debit Card
ORD00781,2025-01-22,C0302,P012,S001,1,15,180,27.0,153.0,73.0,UPI
ORD00782,2025-11-18,C0049,P093,S007,1,5,450,22.5,427.5,177.5,UPI
ORD00783,2026-12-21,C0041,P057,S007,1,0,140,0.0,140.0,60.0,UPI
ORD00784,2024-12-17,C0334,P068,S005,1,0,250,0.0,250.0,110.0,UPI
ORD00785,2024-10-30,C0237,P073,S006,2,0,1800,0.0,1800.0,500.0,Wallet
ORD00786,2025-08-07,C0294,P064,S002,1,0,80,0.0,80.0,45.0,Debit Card
ORD00787,2024-10-15,C0249,P087,S007,1,0,700,0.0,700.0,300.0,UPI
ORD00788,2025-01-12,C0092,P033,S004,1,10,280,28.0,252.0,112.0,Debit Card
ORD00789,2024-10-29,C0243,P086,S002,2,0,3000,0.0,3000.0,1200.0,UPI
ORD00790,2026-04-08,C0084,P091,S006,4,10,1000,100.0,900.0,460.0,Wallet
ORD00791,2024-12-09,C0012,P091,S008,5,0,1250,0.0,1250.0,700.0,Debit Card
ORD00792,2025-08-16,C0167,P045,S008,4,10,1400,140.0,1260.0,380.0,Wallet
ORD00793,2026-06-24,C0242,P050,S007,1,0,150,0.0,150.0,60.0,Credit Card
ORD00794,2024-08-27,C0095,P010,S007,1,0,250,0.0,250.0,140.0,Cash
ORD00795,2024-07-08,C0190,P046,S006,1,5,400,20.0,380.0,120.0,UPI
ORD00796,2025-07-23,C0389,P044,S006,1,0,120,0.0,120.0,50.0,Cash
ORD00797,2024-06-27,C0305,P057,S005,5,0,700,0.0,700.0,300.0,Credit Card
ORD00798,2026-11-13,C0006,P056,S006,4,0,240,0.0,240.0,100.0,UPI
ORD00799,2026-01-27,C0394,P081,S006,1,0,200,0.0,200.0,80.0,UPI
ORD00800,2026-07-01,C0335,P036,S006,3,0,600,0.0,600.0,330.0,Debit Card
ORD00801,2026-05-01,C0369,P043,S001,3,0,840,0.0,840.0,330.0,Cash
ORD00802,2026-05-18,C0375,P090,S007,2,0,600,0.0,600.0,300.0,Cash
ORD00803,2024-10-21,C0056,P059,S006,2,15,200,30.0,170.0,60.0,Wallet
ORD00804,2026-02-08,C0075,P008,S001,1,0,600,0.0,600.0,280.0,Wallet
ORD00805,2026-08-04,C0070,P047,S003,2,10,500,50.0,450.0,150.0,UPI
ORD00806,2026-02-20,C0130,P027,S006,1,5,450,22.5,427.5,187.5,Cash
ORD00807,2025-09-14,C0195,P033,S002,2,10,560,56.0,504.0,224.0,UPI
ORD00808,2024-11-11,C0314,P066,S006,4,10,1200,120.0,1080.0,360.0,Credit Card
ORD00809,2025-08-12,C0237,P058,S006,1,5,40,2.0,38.0,16.0,Debit Card
ORD00810,2024-09-01,C0232,P030,S004,3,5,540,27.0,513.0,273.0,Wallet
ORD00811,2026-01-10,C0221,P057,S004,2,5,280,14.0,266.0,106.0,Cash
ORD00812,2026-09-01,C0321,P056,S002,5,10,300,30.0,270.0,95.0,UPI
ORD00813,2024-02-05,C0243,P071,S002,3,0,540,0.0,540.0,240.0,UPI
ORD00814,2024-10-04,C0005,P033,S005,1,0,280,0.0,280.0,140.0,Debit Card
ORD00815,2024-04-09,C0202,P094,S008,1,5,350,17.5,332.5,162.5,Wallet
ORD00816,2025-01-10,C0150,P038,S002,3,5,900,45.0,855.0,195.0,UPI
ORD00817,2025-10-09,C0329,P034,S006,2,0,500,0.0,500.0,260.0,Debit Card
ORD00818,2024-07-15,C0037,P055,S002,2,0,180,0.0,180.0,80.0,UPI
ORD00819,2025-07-30,C0085,P020,S005,1,5,750,37.5,712.5,292.5,UPI
ORD00820,2024-07-28,C0246,P085,S007,1,5,1200,60.0,1140.0,440.0,Cash
ORD00821,2026-12-12,C0317,P072,S008,2,10,240,24.0,216.0,96.0,Cash
ORD00822,2024-06-05,C0065,P041,S005,1,0,30,0.0,30.0,10.0,UPI
ORD00823,2026-01-12,C0062,P045,S001,1,0,350,0.0,350.0,130.0,Wallet
ORD00824,2025-11-08,C0319,P040,S007,1,10,55,5.5,49.5,7.5,UPI
ORD00825,2024-10-18,C0018,P076,S003,1,0,250,0.0,250.0,130.0,Wallet
ORD00826,2024-08-16,C0297,P037,S002,1,10,650,65.0,585.0,85.0,Debit Card
ORD00827,2024-08-08,C0015,P004,S004,1,10,1500,150.0,1350.0,450.0,Credit Card
ORD00828,2025-06-02,C0075,P038,S001,1,0,300,0.0,300.0,80.0,UPI
ORD00829,2024-09-10,C0009,P006,S007,4,0,2600,0.0,2600.0,1200.0,Wallet
ORD00830,2025-10-19,C0221,P034,S004,3,15,750,112.5,637.5,277.5,Wallet
ORD00831,2024-11-24,C0116,P043,S002,3,5,840,42.0,798.0,288.0,Credit Card
ORD00832,2024-01-29,C0082,P004,S001,2,10,3000,300.0,2700.0,900.0,Wallet
ORD00833,2024-01-09,C0243,P013,S002,5,0,2500,0.0,2500.0,1100.0,UPI
ORD00834,2026-08-30,C0341,P040,S005,1,5,55,2.75,52.25,10.25,Credit Card
ORD00835,2025-01-05,C0306,P086,S008,3,20,4500,900.0,3600.0,900.0,Credit Card
ORD00836,2026-04-14,C0049,P046,S007,1,20,400,80.0,320.0,60.0,UPI
ORD00837,2024-10-05,C0257,P019,S004,1,0,900,0.0,900.0,400.0,Debit Card
ORD00838,2026-11-06,C0240,P003,S004,2,10,700,70.0,630.0,270.0,Debit Card
ORD00839,2025-04-07,C0132,P081,S007,2,0,400,0.0,400.0,160.0,Cash
ORD00840,2024-05-22,C0216,P027,S004,3,10,1350,135.0,1215.0,495.0,Wallet
ORD00841,2024-01-27,C0274,P038,S007,5,5,1500,75.0,1425.0,325.0,UPI
ORD00842,2024-06-23,C0400,P044,S002,1,0,120,0.0,120.0,50.0,Debit Card
ORD00843,2024-10-26,C0236,P096,S001,1,5,500,25.0,475.0,215.0,Wallet
ORD00844,2026-05-19,C0312,P018,S007,2,0,2400,0.0,2400.0,1000.0,Debit Card
ORD00845,2025-07-13,C0218,P057,S008,3,10,420,42.0,378.0,138.0,Wallet
ORD00846,2026-04-08,C0031,P039,S003,5,5,900,45.0,855.0,155.0,UPI
ORD00847,2024-09-07,C0016,P040,S001,1,5,55,2.75,52.25,10.25,Debit Card
ORD00848,2024-07-22,C0124,P016,S005,2,10,1300,130.0,1170.0,450.0,Credit Card
ORD00849,2025-01-01,C0240,P004,S004,1,10,1500,150.0,1350.0,450.0,UPI
ORD00850,2024-07-16,C0206,P059,S007,3,10,300,30.0,270.0,105.0,Credit Card
ORD00851,2026-08-12,C0242,P038,S007,1,10,300,30.0,270.0,50.0,Credit Card
ORD00852,2025-12-04,C0375,P031,S007,2,0,240,0.0,240.0,140.0,Debit Card
ORD00853,2024-08-31,C0232,P089,S004,1,0,800,0.0,800.0,350.0,UPI
ORD00854,2024-03-08,C0125,P043,S006,1,10,280,28.0,252.0,82.0,Debit Card
ORD00855,2024-12-02,C0062,P077,S001,1,10,220,22.0,198.0,98.0,Credit Card
ORD00856,2026-10-01,C0338,P019,S006,2,5,1800,90.0,1710.0,710.0,Credit Card
ORD00857,2026-11-03,C0387,P082,S008,2,20,560,112.0,448.0,148.0,Credit Card
ORD00858,2025-08-05,C0053,P039,S002,1,0,180,0.0,180.0,40.0,UPI
ORD00859,2025-12-15,C0056,P066,S006,2,10,600,60.0,540.0,180.0,Debit Card
ORD00860,2026-05-26,C0398,P045,S004,1,0,350,0.0,350.0,130.0,UPI
ORD00861,2025-05-22,C0294,P050,S002,1,0,150,0.0,150.0,60.0,UPI
ORD00862,2025-09-16,C0324,P055,S007,1,0,90,0.0,90.0,40.0,Credit Card
ORD00863,2026-05-15,C0134,P001,S005,2,15,2400,360.0,2040.0,540.0,UPI
ORD00864,2024-02-15,C0013,P053,S005,5,0,600,0.0,600.0,250.0,UPI
ORD00865,2026-09-27,C0287,P057,S002,1,10,140,14.0,126.0,46.0,UPI
ORD00866,2025-11-08,C0314,P037,S006,1,0,650,0.0,650.0,150.0,Credit Card
ORD00867,2024-06-03,C0189,P073,S003,3,5,2700,135.0,2565.0,615.0,UPI
ORD00868,2026-04-03,C0351,P005,S007,3,5,900,45.0,855.0,405.0,Wallet
ORD00869,2024-07-13,C0255,P067,S004,2,0,900,0.0,900.0,340.0,Credit Card
ORD00870,2026-05-24,C0001,P045,S005,1,10,350,35.0,315.0,95.0,Debit Card
ORD00871,2025-09-06,C0020,P029,S006,1,5,650,32.5,617.5,237.5,UPI
ORD00872,2026-11-21,C0399,P044,S007,3,0,360,0.0,360.0,150.0,UPI
ORD00873,2025-01-17,C0130,P067,S006,2,0,900,0.0,900.0,340.0,Wallet
ORD00874,2026-08-15,C0146,P068,S005,1,5,250,12.5,237.5,97.5,Cash
ORD00875,2026-06-07,C0206,P084,S007,4,10,720,72.0,648.0,288.0,UPI
ORD00876,2026-08-05,C0138,P027,S004,1,0,450,0.0,450.0,210.0,Debit Card
ORD00877,2026-06-10,C0008,P030,S005,1,15,180,27.0,153.0,73.0,Wallet
ORD00878,2026-04-24,C0174,P053,S008,1,0,120,0.0,120.0,50.0,UPI
ORD00879,2025-04-28,C0090,P057,S008,1,0,140,0.0,140.0,60.0,UPI
ORD00880,2025-09-27,C0067,P034,S005,2,5,500,25.0,475.0,235.0,Credit Card
ORD00881,2024-03-16,C0342,P052,S008,1,0,50,0.0,50.0,20.0,UPI
ORD00882,2025-07-22,C0224,P067,S007,2,0,900,0.0,900.0,340.0,Cash
ORD00883,2026-09-22,C0142,P088,S002,3,0,6000,0.0,6000.0,2100.0,Cash
ORD00884,2025-09-02,C0079,P026,S005,3,15,480,72.0,408.0,183.0,Credit Card
ORD00885,2024-07-03,C0028,P038,S001,1,10,300,30.0,270.0,50.0,Cash
ORD00886,2026-10-21,C0325,P033,S006,2,10,560,56.0,504.0,224.0,Wallet
ORD00887,2025-05-30,C0361,P091,S006,2,0,500,0.0,500.0,280.0,Credit Card
ORD00888,2025-10-03,C0057,P068,S005,2,0,500,0.0,500.0,220.0,Debit Card
ORD00889,2026-05-16,C0263,P034,S006,1,0,250,0.0,250.0,130.0,UPI
ORD00890,2026-04-16,C0307,P029,S008,1,5,650,32.5,617.5,237.5,Credit Card
ORD00891,2024-08-19,C0320,P037,S002,1,0,650,0.0,650.0,150.0,Debit Card
ORD00892,2024-10-23,C0338,P088,S006,2,10,4000,400.0,3600.0,1000.0,UPI
ORD00893,2024-03-12,C0341,P090,S005,3,10,900,90.0,810.0,360.0,Wallet
ORD00894,2025-05-05,C0032,P056,S005,1,0,60,0.0,60.0,25.0,Debit Card
ORD00895,2024-09-06,C0230,P064,S002,2,0,160,0.0,160.0,90.0,Credit Card
ORD00896,2026-03-15,C0316,P010,S003,4,15,1000,150.0,850.0,410.0,UPI
ORD00897,2025-04-27,C0300,P091,S004,1,15,250,37.5,212.5,102.5,UPI
ORD00898,2025-10-11,C0371,P048,S005,3,0,1350,0.0,1350.0,450.0,UPI
ORD00899,2026-10-03,C0354,P084,S008,1,10,180,18.0,162.0,72.0,Debit Card
ORD00900,2024-07-24,C0277,P073,S007,3,10,2700,270.0,2430.0,480.0,Credit Card
ORD00901,2025-10-31,C0255,P040,S004,1,0,55,0.0,55.0,13.0,Debit Card
ORD00902,2024-10-26,C0360,P051,S007,2,0,320,0.0,320.0,130.0,UPI
ORD00903,2026-11-23,C0007,P023,S002,3,5,660,33.0,627.0,327.0,UPI
ORD00904,2026-04-20,C0087,P049,S005,3,0,90,0.0,90.0,45.0,Credit Card
ORD00905,2025-06-17,C0094,P061,S007,1,5,350,17.5,332.5,132.5,UPI
ORD00906,2024-06-21,C0015,P025,S004,1,0,220,0.0,220.0,110.0,Cash
ORD00907,2025-04-04,C0340,P094,S005,1,0,350,0.0,350.0,180.0,Credit Card
ORD00908,2025-04-13,C0001,P055,S005,4,20,360,72.0,288.0,88.0,UPI
ORD00909,2024-12-19,C0057,P064,S005,1,0,80,0.0,80.0,45.0,UPI
ORD00910,2024-08-28,C0067,P039,S005,1,5,180,9.0,171.0,31.0,Debit Card
ORD00911,2026-12-31,C0288,P089,S001,1,15,800,120.0,680.0,230.0,Cash
ORD00912,2026-10-09,C0059,P036,S002,1,0,200,0.0,200.0,110.0,UPI
ORD00913,2025-01-22,C0338,P067,S006,1,0,450,0.0,450.0,170.0,UPI
ORD00914,2025-06-20,C0282,P031,S008,1,5,120,6.0,114.0,64.0,UPI
ORD00915,2026-07-27,C0022,P055,S003,1,5,90,4.5,85.5,35.5,Cash
ORD00916,2026-03-25,C0142,P089,S002,2,10,1600,160.0,1440.0,540.0,Debit Card
ORD00917,2025-06-08,C0193,P071,S007,1,5,180,9.0,171.0,71.0,UPI
ORD00918,2026-08-22,C0348,P090,S006,4,20,1200,240.0,960.0,360.0,Wallet
ORD00919,2024-04-03,C0158,P094,S005,1,5,350,17.5,332.5,162.5,UPI
ORD00920,2026-01-29,C0038,P094,S004,1,15,350,52.5,297.5,127.5,UPI
ORD00921,2024-12-13,C0246,P019,S007,4,15,3600,540.0,3060.0,1060.0,UPI
ORD00922,2026-12-22,C0288,P033,S001,1,0,280,0.0,280.0,140.0,Wallet
ORD00923,2025-07-29,C0354,P042,S008,2,15,180,27.0,153.0,43.0,UPI
ORD00924,2025-06-24,C0179,P081,S005,2,0,400,0.0,400.0,160.0,UPI
ORD00925,2026-10-03,C0239,P071,S008,1,15,180,27.0,153.0,53.0,Debit Card
ORD00926,2024-04-18,C0021,P065,S008,1,0,140,0.0,140.0,70.0,UPI
ORD00927,2024-11-30,C0055,P047,S002,1,20,250,50.0,200.0,50.0,Wallet
ORD00928,2025-12-31,C0340,P006,S005,2,5,1300,65.0,1235.0,535.0,UPI
ORD00929,2024-10-12,C0218,P070,S008,1,0,300,0.0,300.0,130.0,Cash
ORD00930,2025-07-12,C0279,P066,S002,2,10,600,60.0,540.0,180.0,UPI
ORD00931,2024-01-09,C0012,P094,S008,2,5,700,35.0,665.0,325.0,Credit Card
ORD00932,2026-10-17,C0042,P002,S001,3,0,2700,0.0,2700.0,1140.0,Debit Card
ORD00933,2026-03-18,C0226,P052,S007,1,15,50,7.5,42.5,12.5,UPI
ORD00934,2024-02-29,C0037,P031,S002,1,10,120,12.0,108.0,58.0,Debit Card
ORD00935,2025-07-05,C0034,P041,S008,2,0,60,0.0,60.0,20.0,Wallet
ORD00936,2026-07-16,C0095,P058,S007,1,10,40,4.0,36.0,14.0,Debit Card
ORD00937,2024-09-21,C0177,P094,S001,1,0,350,0.0,350.0,180.0,Debit Card
ORD00938,2024-04-23,C0317,P026,S008,2,5,320,16.0,304.0,154.0,Credit Card
ORD00939,2025-06-06,C0145,P012,S006,1,20,180,36.0,144.0,64.0,Cash
ORD00940,2025-03-02,C0156,P012,S003,1,10,180,18.0,162.0,82.0,UPI
ORD00941,2024-12-02,C0100,P065,S008,3,10,420,42.0,378.0,168.0,Wallet
ORD00942,2024-09-25,C0140,P087,S006,1,0,700,0.0,700.0,300.0,UPI
ORD00943,2026-07-01,C0059,P031,S002,3,5,360,18.0,342.0,192.0,Credit Card
ORD00944,2026-05-15,C0304,P040,S008,3,5,165,8.25,156.75,30.75,Credit Card
ORD00945,2024-03-23,C0346,P047,S003,2,20,500,100.0,400.0,100.0,Debit Card
ORD00946,2024-11-13,C0255,P053,S004,2,5,240,12.0,228.0,88.0,UPI
ORD00947,2024-06-11,C0223,P047,S008,4,5,1000,50.0,950.0,350.0,UPI
ORD00948,2025-09-07,C0242,P023,S007,3,5,660,33.0,627.0,327.0,UPI
ORD00949,2024-06-05,C0376,P004,S002,4,5,6000,300.0,5700.0,2100.0,Credit Card
ORD00950,2026-08-09,C0381,P043,S002,2,5,560,28.0,532.0,192.0,UPI
ORD00951,2024-06-16,C0206,P029,S007,3,0,1950,0.0,1950.0,810.0,Debit Card
ORD00952,2025-01-08,C0232,P046,S004,3,0,1200,0.0,1200.0,420.0,Credit Card
ORD00953,2025-10-04,C0121,P072,S002,2,10,240,24.0,216.0,96.0,Debit Card
ORD00954,2025-01-18,C0324,P030,S007,1,0,180,0.0,180.0,100.0,Wallet
ORD00955,2024-08-05,C0269,P032,S001,1,0,200,0.0,200.0,105.0,UPI
ORD00956,2026-09-04,C0006,P012,S006,2,0,360,0.0,360.0,200.0,Debit Card
ORD00957,2026-09-23,C0372,P061,S008,1,10,350,35.0,315.0,115.0,Credit Card
ORD00958,2026-03-19,C0287,P053,S002,3,0,360,0.0,360.0,150.0,UPI
ORD00959,2024-02-02,C0327,P035,S006,2,0,600,0.0,600.0,300.0,UPI
ORD00960,2024-10-24,C0305,P037,S005,1,5,650,32.5,617.5,117.5,Debit Card
ORD00961,2025-09-08,C0231,P034,S001,3,0,750,0.0,750.0,390.0,Credit Card
ORD00962,2024-11-08,C0243,P015,S002,1,5,350,17.5,332.5,152.5,UPI
ORD00963,2025-05-11,C0327,P038,S006,1,5,300,15.0,285.0,65.0,Cash
ORD00964,2024-01-17,C0028,P007,S001,1,10,450,45.0,405.0,185.0,Credit Card
ORD00965,2026-10-12,C0253,P042,S002,2,5,180,9.0,171.0,61.0,UPI
ORD00966,2026-09-22,C0190,P042,S006,2,10,180,18.0,162.0,52.0,Wallet
ORD00967,2026-09-26,C0376,P087,S002,1,0,700,0.0,700.0,300.0,UPI
ORD00968,2024-05-10,C0388,P055,S002,1,5,90,4.5,85.5,35.5,Cash
ORD00969,2025-12-11,C0188,P024,S006,1,0,180,0.0,180.0,95.0,Debit Card
ORD00970,2026-06-16,C0198,P038,S001,1,0,300,0.0,300.0,80.0,Wallet
ORD00971,2026-08-17,C0060,P036,S003,1,0,200,0.0,200.0,110.0,Debit Card
ORD00972,2026-01-07,C0109,P094,S004,3,10,1050,105.0,945.0,435.0,Cash
ORD00973,2025-08-01,C0305,P057,S005,2,0,280,0.0,280.0,120.0,Credit Card
ORD00974,2024-11-16,C0073,P016,S003,1,0,650,0.0,650.0,290.0,Wallet
ORD00975,2025-03-04,C0327,P027,S006,2,20,900,180.0,720.0,240.0,UPI
ORD00976,2024-12-04,C0039,P026,S003,1,0,160,0.0,160.0,85.0,Credit Card
ORD00977,2024-09-04,C0205,P057,S004,2,5,280,14.0,266.0,106.0,Wallet
ORD00978,2024-04-05,C0018,P066,S003,3,5,900,45.0,855.0,315.0,Cash
ORD00979,2026-11-21,C0383,P074,S008,1,0,850,0.0,850.0,250.0,Wallet
ORD00980,2024-08-15,C0091,P064,S006,5,10,400,40.0,360.0,185.0,Credit Card
ORD00981,2024-07-27,C0253,P081,S002,3,0,600,0.0,600.0,240.0,UPI
ORD00982,2025-02-24,C0372,P058,S008,4,0,160,0.0,160.0,72.0,UPI
ORD00983,2026-11-02,C0028,P041,S001,3,0,90,0.0,90.0,30.0,UPI
ORD00984,2024-09-08,C0313,P067,S006,3,0,1350,0.0,1350.0,510.0,Credit Card
ORD00985,2025-05-17,C0170,P061,S008,3,5,1050,52.5,997.5,397.5,UPI
ORD00986,2025-06-28,C0384,P021,S003,1,10,1000,100.0,900.0,300.0,UPI
ORD00987,2024-11-06,C0073,P055,S003,2,10,180,18.0,162.0,62.0,UPI
ORD00988,2026-04-18,C0237,P042,S006,3,20,270,54.0,216.0,51.0,Credit Card
ORD00989,2024-03-01,C0035,P059,S001,1,10,100,10.0,90.0,35.0,Debit Card
ORD00990,2024-05-22,C0244,P046,S005,1,0,400,0.0,400.0,140.0,Wallet
ORD00991,2024-05-05,C0031,P017,S003,1,0,250,0.0,250.0,120.0,Wallet
ORD00992,2024-04-28,C0240,P022,S004,5,20,7500,1500.0,6000.0,1250.0,Debit Card
ORD00993,2025-08-28,C0182,P076,S005,1,15,250,37.5,212.5,92.5,Debit Card
ORD00994,2025-10-04,C0203,P074,S005,1,0,850,0.0,850.0,250.0,Credit Card
ORD00995,2026-04-07,C0129,P085,S008,1,0,1200,0.0,1200.0,500.0,Credit Card
ORD00996,2026-06-24,C0264,P061,S002,2,15,700,105.0,595.0,195.0,Debit Card
ORD00997,2025-02-08,C0066,P042,S007,3,0,270,0.0,270.0,105.0,Credit Card
ORD00998,2024-09-15,C0176,P039,S001,2,5,360,18.0,342.0,62.0,UPI
ORD00999,2025-10-01,C0325,P038,S006,3,0,900,0.0,900.0,240.0,UPI
ORD01000,2025-06-13,C0331,P068,S003,1,10,250,25.0,225.0,85.0,Debit Card
ORD01001,2024-08-14,C0347,P090,S007,2,10,600,60.0,540.0,240.0,UPI
ORD01002,2024-09-10,C0313,P045,S006,1,10,350,35.0,315.0,95.0,UPI
ORD01003,2024-01-11,C0241,P025,S008,2,20,440,88.0,352.0,132.0,Cash
ORD01004,2026-12-28,C0366,P093,S004,1,0,450,0.0,450.0,200.0,Debit Card
ORD01005,2024-10-13,C0382,P071,S006,2,0,360,0.0,360.0,160.0,UPI
ORD01006,2026-01-09,C0323,P049,S007,2,0,60,0.0,60.0,30.0,Credit Card
ORD01007,2024-07-07,C0001,P048,S005,1,15,450,67.5,382.5,82.5,Credit Card
ORD01008,2026-01-26,C0377,P038,S008,2,0,600,0.0,600.0,160.0,Credit Card
ORD01009,2025-06-24,C0146,P070,S005,2,5,600,30.0,570.0,230.0,Wallet
ORD01010,2026-09-29,C0386,P053,S006,2,0,240,0.0,240.0,100.0,UPI
ORD01011,2026-09-19,C0289,P044,S006,2,0,240,0.0,240.0,100.0,Debit Card
ORD01012,2024-08-29,C0314,P075,S006,2,5,600,30.0,570.0,230.0,UPI
ORD01013,2026-01-26,C0200,P017,S003,4,0,1000,0.0,1000.0,480.0,Cash
ORD01014,2026-01-26,C0385,P017,S001,2,0,500,0.0,500.0,240.0,UPI
ORD01015,2026-02-05,C0028,P039,S001,1,5,180,9.0,171.0,31.0,Debit Card
ORD01016,2026-05-13,C0199,P020,S004,1,15,750,112.5,637.5,217.5,Cash
ORD01017,2026-09-28,C0388,P031,S002,1,5,120,6.0,114.0,64.0,UPI
ORD01018,2026-09-12,C0022,P006,S003,2,5,1300,65.0,1235.0,535.0,Wallet
ORD01019,2026-08-31,C0375,P063,S007,3,10,360,36.0,324.0,114.0,UPI
ORD01020,2026-08-01,C0199,P021,S004,3,10,3000,300.0,2700.0,900.0,UPI
ORD01021,2024-07-01,C0375,P068,S007,3,10,750,75.0,675.0,255.0,Credit Card
ORD01022,2026-03-20,C0385,P033,S001,1,0,280,0.0,280.0,140.0,Debit Card
ORD01023,2025-07-22,C0172,P047,S002,2,15,500,75.0,425.0,125.0,Debit Card
ORD01024,2025-09-24,C0192,P054,S002,2,0,220,0.0,220.0,90.0,Credit Card
ORD01025,2024-04-18,C0047,P033,S004,4,5,1120,56.0,1064.0,504.0,Debit Card
ORD01026,2024-02-08,C0033,P048,S004,1,15,450,67.5,382.5,82.5,UPI
ORD01027,2025-02-25,C0099,P010,S006,1,10,250,25.0,225.0,115.0,Cash
ORD01028,2026-12-28,C0293,P044,S007,1,0,120,0.0,120.0,50.0,Cash
ORD01029,2026-06-14,C0037,P007,S002,1,0,450,0.0,450.0,230.0,Credit Card
ORD01030,2024-07-05,C0124,P044,S005,1,0,120,0.0,120.0,50.0,UPI
ORD01031,2025-06-07,C0147,P018,S003,3,0,3600,0.0,3600.0,1500.0,Wallet
ORD01032,2024-04-30,C0007,P053,S002,2,0,240,0.0,240.0,100.0,UPI
ORD01033,2026-03-09,C0279,P007,S002,1,0,450,0.0,450.0,230.0,Cash
ORD01034,2024-09-04,C0256,P036,S006,1,0,200,0.0,200.0,110.0,Credit Card
ORD01035,2026-11-07,C0287,P029,S002,1,0,650,0.0,650.0,270.0,UPI
ORD01036,2026-04-13,C0300,P048,S004,1,0,450,0.0,450.0,150.0,Debit Card
ORD01037,2024-02-08,C0294,P092,S002,1,20,1800,360.0,1440.0,340.0,Debit Card
ORD01038,2024-09-14,C0031,P028,S003,1,0,350,0.0,350.0,170.0,UPI
ORD01039,2025-02-20,C0230,P060,S002,3,0,210,0.0,210.0,90.0,Credit Card
ORD01040,2025-05-17,C0055,P015,S002,2,0,700,0.0,700.0,340.0,Wallet
ORD01041,2024-01-03,C0109,P039,S004,3,20,540,108.0,432.0,12.0,Debit Card
ORD01042,2024-12-01,C0254,P060,S005,1,0,70,0.0,70.0,30.0,Debit Card
ORD01043,2025-03-11,C0198,P093,S001,2,5,900,45.0,855.0,355.0,UPI
ORD01044,2024-05-23,C0166,P064,S001,1,0,80,0.0,80.0,45.0,UPI
ORD01045,2025-07-26,C0161,P013,S003,3,0,1500,0.0,1500.0,660.0,Credit Card
ORD01046,2025-12-02,C0136,P066,S007,5,10,1500,150.0,1350.0,450.0,UPI
ORD01047,2025-10-20,C0172,P051,S002,2,5,320,16.0,304.0,114.0,UPI
ORD01048,2024-01-05,C0334,P059,S005,2,0,200,0.0,200.0,90.0,UPI
ORD01049,2026-09-28,C0054,P018,S002,3,5,3600,180.0,3420.0,1320.0,Debit Card
ORD01050,2024-06-07,C0095,P049,S007,2,15,60,9.0,51.0,21.0,Cash
ORD01051,2024-09-09,C0022,P040,S003,1,10,55,5.5,49.5,7.5,Cash
ORD01052,2024-12-28,C0076,P044,S005,3,20,360,72.0,288.0,78.0,UPI
ORD01053,2025-01-30,C0131,P037,S008,1,0,650,0.0,650.0,150.0,UPI
ORD01054,2026-01-02,C0288,P027,S001,1,10,450,45.0,405.0,165.0,Debit Card
ORD01055,2025-03-28,C0307,P064,S008,1,5,80,4.0,76.0,41.0,UPI
ORD01056,2025-03-04,C0161,P025,S003,1,20,220,44.0,176.0,66.0,Debit Card
ORD01057,2025-07-22,C0389,P013,S006,2,5,1000,50.0,950.0,390.0,Credit Card
ORD01058,2024-10-17,C0177,P055,S001,2,0,180,0.0,180.0,80.0,Wallet
ORD01059,2026-12-07,C0091,P076,S006,1,10,250,25.0,225.0,105.0,UPI
ORD01060,2026-12-27,C0246,P089,S007,2,15,1600,240.0,1360.0,460.0,UPI
ORD01061,2024-04-16,C0292,P038,S003,3,0,900,0.0,900.0,240.0,Cash
ORD01062,2024-09-06,C0276,P040,S008,2,5,110,5.5,104.5,20.5,UPI
ORD01063,2025-04-04,C0397,P063,S008,1,15,120,18.0,102.0,32.0,Credit Card
ORD01064,2026-03-13,C0162,P031,S005,1,0,120,0.0,120.0,70.0,Credit Card
ORD01065,2025-04-07,C0036,P006,S001,5,0,3250,0.0,3250.0,1500.0,UPI
ORD01066,2024-12-02,C0172,P027,S002,1,5,450,22.5,427.5,187.5,UPI
ORD01067,2024-02-19,C0170,P043,S008,2,5,560,28.0,532.0,192.0,UPI
ORD01068,2024-08-08,C0223,P035,S008,2,20,600,120.0,480.0,180.0,Cash
ORD01069,2026-11-30,C0141,P070,S005,4,10,1200,120.0,1080.0,400.0,Credit Card
ORD01070,2026-07-03,C0339,P068,S002,2,0,500,0.0,500.0,220.0,UPI
ORD01071,2025-10-03,C0126,P007,S006,2,10,900,90.0,810.0,370.0,UPI
ORD01072,2024-04-22,C0173,P062,S008,1,5,280,14.0,266.0,106.0,UPI
ORD01073,2024-04-16,C0382,P053,S006,1,0,120,0.0,120.0,50.0,UPI
ORD01074,2025-04-22,C0365,P068,S006,3,10,750,75.0,675.0,255.0,Debit Card
ORD01075,2026-08-08,C0128,P047,S007,3,15,750,112.5,637.5,187.5,Credit Card
ORD01076,2024-02-23,C0038,P027,S004,2,0,900,0.0,900.0,420.0,UPI
ORD01077,2024-05-18,C0372,P014,S008,2,10,1400,140.0,1260.0,500.0,Wallet
ORD01078,2026-11-08,C0086,P023,S003,1,10,220,22.0,198.0,98.0,Credit Card
ORD01079,2024-03-31,C0363,P032,S007,1,0,200,0.0,200.0,105.0,Credit Card
ORD01080,2026-01-02,C0076,P093,S005,1,15,450,67.5,382.5,132.5,Debit Card
ORD01081,2025-09-24,C0183,P020,S001,2,0,1500,0.0,1500.0,660.0,Wallet
ORD01082,2024-12-04,C0286,P048,S001,3,5,1350,67.5,1282.5,382.5,UPI
ORD01083,2025-02-14,C0254,P045,S005,2,0,700,0.0,700.0,260.0,UPI
ORD01084,2026-09-01,C0007,P028,S002,2,20,700,140.0,560.0,200.0,Credit Card
ORD01085,2025-11-18,C0302,P032,S001,1,0,200,0.0,200.0,105.0,Credit Card
ORD01086,2024-03-27,C0142,P066,S002,2,15,600,90.0,510.0,150.0,Debit Card
ORD01087,2026-08-13,C0264,P049,S002,2,0,60,0.0,60.0,30.0,Debit Card
ORD01088,2025-11-09,C0082,P094,S001,1,0,350,0.0,350.0,180.0,Cash
ORD01089,2024-01-21,C0177,P007,S001,1,0,450,0.0,450.0,230.0,UPI
ORD01090,2025-02-02,C0005,P036,S005,2,15,400,60.0,340.0,160.0,UPI
ORD01091,2025-02-11,C0172,P089,S002,1,0,800,0.0,800.0,350.0,Cash
ORD01092,2025-11-26,C0181,P072,S004,1,0,120,0.0,120.0,60.0,UPI
ORD01093,2024-07-26,C0287,P025,S002,1,10,220,22.0,198.0,88.0,UPI
ORD01094,2024-08-15,C0288,P070,S001,1,0,300,0.0,300.0,130.0,Credit Card
ORD01095,2026-02-01,C0108,P045,S005,2,15,700,105.0,595.0,155.0,Wallet
ORD01096,2026-06-07,C0198,P086,S001,3,0,4500,0.0,4500.0,1800.0,UPI
ORD01097,2025-01-23,C0047,P085,S004,1,0,1200,0.0,1200.0,500.0,UPI
ORD01098,2025-05-15,C0061,P059,S005,4,10,400,40.0,360.0,140.0,Credit Card
ORD01099,2025-08-25,C0205,P073,S004,3,0,2700,0.0,2700.0,750.0,UPI
ORD01100,2024-09-15,C0004,P064,S004,3,20,240,48.0,192.0,87.0,Cash
ORD01101,2024-06-15,C0268,P026,S005,3,10,480,48.0,432.0,207.0,Credit Card
ORD01102,2026-03-05,C0062,P015,S001,3,5,1050,52.5,997.5,457.5,Credit Card
ORD01103,2026-08-08,C0246,P045,S007,1,10,350,35.0,315.0,95.0,Credit Card
ORD01104,2026-10-10,C0107,P038,S001,2,5,600,30.0,570.0,130.0,Debit Card
ORD01105,2025-02-28,C0101,P057,S005,1,0,140,0.0,140.0,60.0,Cash
ORD01106,2025-09-18,C0064,P040,S005,1,0,55,0.0,55.0,13.0,UPI
ORD01107,2025-06-05,C0156,P074,S003,2,0,1700,0.0,1700.0,500.0,UPI
ORD01108,2025-12-21,C0391,P038,S006,1,5,300,15.0,285.0,65.0,UPI
ORD01109,2026-06-04,C0081,P040,S002,1,10,55,5.5,49.5,7.5,UPI
ORD01110,2025-01-02,C0014,P044,S004,1,0,120,0.0,120.0,50.0,UPI
ORD01111,2025-08-26,C0277,P092,S007,3,5,5400,270.0,5130.0,1830.0,Debit Card
ORD01112,2025-04-11,C0400,P063,S002,1,0,120,0.0,120.0,50.0,UPI
ORD01113,2025-02-06,C0115,P031,S006,2,0,240,0.0,240.0,140.0,Debit Card
ORD01114,2025-07-16,C0268,P064,S005,1,5,80,4.0,76.0,41.0,UPI
ORD01115,2025-06-18,C0107,P084,S001,1,0,180,0.0,180.0,90.0,Cash
ORD01116,2026-04-07,C0002,P064,S002,4,10,320,32.0,288.0,148.0,Debit Card
ORD01117,2026-11-15,C0275,P001,S002,4,15,4800,720.0,4080.0,1080.0,UPI
ORD01118,2025-03-05,C0360,P070,S007,2,5,600,30.0,570.0,230.0,Debit Card
ORD01119,2026-08-02,C0017,P068,S006,1,0,250,0.0,250.0,110.0,Cash
ORD01120,2026-05-05,C0295,P040,S005,1,0,55,0.0,55.0,13.0,Credit Card
ORD01121,2024-09-19,C0189,P047,S003,1,10,250,25.0,225.0,75.0,Credit Card
ORD01122,2025-12-27,C0033,P060,S004,1,10,70,7.0,63.0,23.0,Credit Card
ORD01123,2025-09-05,C0241,P068,S008,1,0,250,0.0,250.0,110.0,Debit Card
ORD01124,2024-11-10,C0330,P088,S003,5,5,10000,500.0,9500.0,3000.0,Debit Card
ORD01125,2026-03-11,C0098,P087,S003,5,0,3500,0.0,3500.0,1500.0,UPI
ORD01126,2025-01-20,C0159,P041,S002,2,0,60,0.0,60.0,20.0,Wallet
ORD01127,2025-09-15,C0148,P050,S005,1,0,150,0.0,150.0,60.0,Credit Card
ORD01128,2026-09-27,C0197,P008,S003,1,0,600,0.0,600.0,280.0,Wallet
ORD01129,2025-02-25,C0230,P040,S002,1,10,55,5.5,49.5,7.5,UPI
ORD01130,2026-11-11,C0331,P004,S003,3,0,4500,0.0,4500.0,1800.0,UPI
ORD01131,2026-05-06,C0098,P017,S003,2,0,500,0.0,500.0,240.0,Wallet
ORD01132,2024-09-23,C0381,P077,S002,3,0,660,0.0,660.0,360.0,Cash
ORD01133,2024-11-21,C0034,P050,S008,4,5,600,30.0,570.0,210.0,Credit Card
ORD01134,2025-07-18,C0143,P060,S004,1,20,70,14.0,56.0,16.0,Credit Card
ORD01135,2025-05-20,C0202,P062,S008,2,15,560,84.0,476.0,156.0,Cash
ORD01136,2024-03-21,C0106,P043,S007,2,0,560,0.0,560.0,220.0,Cash
ORD01137,2025-09-01,C0022,P038,S003,1,10,300,30.0,270.0,50.0,Cash
ORD01138,2025-01-02,C0143,P042,S004,3,10,270,27.0,243.0,78.0,Credit Card
ORD01139,2025-01-10,C0372,P090,S008,2,0,600,0.0,600.0,300.0,Debit Card
ORD01140,2024-11-19,C0145,P008,S006,2,0,1200,0.0,1200.0,560.0,Wallet
ORD01141,2025-03-20,C0228,P058,S006,4,0,160,0.0,160.0,72.0,Debit Card
ORD01142,2026-01-25,C0303,P013,S007,1,0,500,0.0,500.0,220.0,Debit Card
ORD01143,2026-07-12,C0241,P031,S008,1,0,120,0.0,120.0,70.0,UPI
ORD01144,2026-08-03,C0367,P003,S002,1,10,350,35.0,315.0,135.0,Cash
ORD01145,2024-01-22,C0200,P048,S003,1,10,450,45.0,405.0,105.0,UPI
ORD01146,2026-08-08,C0144,P060,S005,2,0,140,0.0,140.0,60.0,Credit Card
ORD01147,2026-06-15,C0007,P028,S002,1,10,350,35.0,315.0,135.0,Cash
ORD01148,2024-02-06,C0068,P018,S001,2,0,2400,0.0,2400.0,1000.0,UPI
ORD01149,2024-10-02,C0248,P069,S006,2,0,440,0.0,440.0,200.0,UPI
ORD01150,2024-03-11,C0018,P033,S003,3,5,840,42.0,798.0,378.0,Credit Card
ORD01151,2026-12-06,C0112,P012,S007,2,15,360,54.0,306.0,146.0,UPI
ORD01152,2024-04-17,C0198,P036,S001,2,0,400,0.0,400.0,220.0,UPI
ORD01153,2025-05-26,C0365,P027,S006,1,0,450,0.0,450.0,210.0,UPI
ORD01154,2024-01-30,C0014,P045,S004,1,0,350,0.0,350.0,130.0,Debit Card
ORD01155,2024-07-16,C0207,P033,S001,3,10,840,84.0,756.0,336.0,UPI
ORD01156,2026-05-01,C0350,P016,S004,2,10,1300,130.0,1170.0,450.0,UPI
ORD01157,2025-02-28,C0387,P055,S008,4,0,360,0.0,360.0,160.0,Credit Card
ORD01158,2024-08-04,C0057,P028,S005,1,0,350,0.0,350.0,170.0,Credit Card
ORD01159,2026-03-08,C0233,P027,S004,1,0,450,0.0,450.0,210.0,Debit Card
ORD01160,2026-01-25,C0098,P036,S003,1,15,200,30.0,170.0,80.0,Credit Card
ORD01161,2026-10-20,C0379,P065,S006,1,5,140,7.0,133.0,63.0,Wallet
ORD01162,2024-12-17,C0142,P076,S002,1,0,250,0.0,250.0,130.0,Debit Card
ORD01163,2024-09-29,C0018,P038,S003,1,5,300,15.0,285.0,65.0,Cash
ORD01164,2026-09-14,C0006,P027,S006,1,0,450,0.0,450.0,210.0,Wallet
ORD01165,2026-11-12,C0373,P045,S007,1,5,350,17.5,332.5,112.5,Wallet
ORD01166,2024-09-11,C0317,P026,S008,1,10,160,16.0,144.0,69.0,Debit Card
ORD01167,2024-05-02,C0034,P056,S008,1,5,60,3.0,57.0,22.0,UPI
ORD01168,2024-03-18,C0163,P042,S005,1,10,90,9.0,81.0,26.0,Wallet
ORD01169,2025-11-10,C0244,P042,S005,2,10,180,18.0,162.0,52.0,Credit Card
ORD01170,2025-08-13,C0207,P091,S001,3,0,750,0.0,750.0,420.0,Debit Card
ORD01171,2025-02-25,C0219,P039,S007,2,15,360,54.0,306.0,26.0,Debit Card
ORD01172,2025-03-31,C0305,P036,S005,2,0,400,0.0,400.0,220.0,UPI
ORD01173,2024-01-13,C0395,P046,S005,1,5,400,20.0,380.0,120.0,Wallet
ORD01174,2024-10-16,C0159,P004,S002,1,0,1500,0.0,1500.0,600.0,Credit Card
ORD01175,2025-02-22,C0134,P065,S005,1,0,140,0.0,140.0,70.0,Debit Card
ORD01176,2025-02-08,C0147,P031,S003,1,0,120,0.0,120.0,70.0,UPI
ORD01177,2026-07-07,C0318,P028,S005,4,0,1400,0.0,1400.0,680.0,Cash
ORD01178,2026-01-06,C0056,P041,S006,1,0,30,0.0,30.0,10.0,Credit Card
ORD01179,2026-06-06,C0380,P042,S008,3,10,270,27.0,243.0,78.0,Debit Card
ORD01180,2026-02-20,C0215,P012,S006,1,0,180,0.0,180.0,100.0,Wallet
ORD01181,2024-11-08,C0106,P033,S007,1,0,280,0.0,280.0,140.0,UPI
ORD01182,2026-09-11,C0180,P033,S008,1,0,280,0.0,280.0,140.0,Credit Card
ORD01183,2025-01-23,C0135,P024,S001,1,15,180,27.0,153.0,68.0,Debit Card
ORD01184,2026-04-08,C0136,P046,S007,4,15,1600,240.0,1360.0,320.0,Wallet
ORD01185,2026-09-29,C0299,P041,S005,1,20,30,6.0,24.0,4.0,UPI
ORD01186,2024-09-11,C0374,P079,S003,1,5,500,25.0,475.0,195.0,UPI
ORD01187,2025-06-06,C0184,P046,S008,3,10,1200,120.0,1080.0,300.0,UPI
ORD01188,2026-01-24,C0053,P064,S002,2,10,160,16.0,144.0,74.0,Wallet
ORD01189,2025-05-11,C0260,P064,S006,2,15,160,24.0,136.0,66.0,UPI
ORD01190,2024-02-27,C0147,P068,S003,2,5,500,25.0,475.0,195.0,UPI
ORD01191,2024-10-28,C0396,P045,S002,2,20,700,140.0,560.0,120.0,Cash
ORD01192,2024-07-08,C0386,P001,S006,2,15,2400,360.0,2040.0,540.0,UPI
ORD01193,2024-06-13,C0066,P059,S007,2,0,200,0.0,200.0,90.0,Credit Card
ORD01194,2025-06-01,C0140,P061,S006,2,5,700,35.0,665.0,265.0,Credit Card
ORD01195,2025-09-22,C0084,P078,S006,2,10,700,70.0,630.0,270.0,Wallet
ORD01196,2024-08-11,C0023,P082,S008,2,10,560,56.0,504.0,204.0,UPI
ORD01197,2025-03-05,C0190,P015,S006,4,0,1400,0.0,1400.0,680.0,UPI
ORD01198,2026-10-09,C0296,P095,S003,3,0,1800,0.0,1800.0,840.0,Credit Card
ORD01199,2026-06-01,C0330,P033,S003,1,0,280,0.0,280.0,140.0,Debit Card
ORD01200,2025-01-07,C0027,P027,S004,2,0,900,0.0,900.0,420.0,Credit Card
ORD01201,2025-02-15,C0168,P025,S008,1,0,220,0.0,220.0,110.0,Debit Card
ORD01202,2026-04-17,C0155,P036,S002,1,15,200,30.0,170.0,80.0,UPI
ORD01203,2024-06-12,C0170,P053,S008,1,0,120,0.0,120.0,50.0,UPI
ORD01204,2025-04-25,C0254,P037,S005,2,10,1300,130.0,1170.0,170.0,UPI
ORD01205,2024-01-15,C0133,P002,S008,2,10,1800,180.0,1620.0,580.0,UPI
ORD01206,2024-01-15,C0177,P030,S001,1,5,180,9.0,171.0,91.0,Wallet
ORD01207,2026-09-22,C0187,P036,S007,2,0,400,0.0,400.0,220.0,Credit Card
ORD01208,2025-12-03,C0217,P047,S002,3,15,750,112.5,637.5,187.5,Debit Card
ORD01209,2024-04-27,C0187,P046,S007,5,15,2000,300.0,1700.0,400.0,Cash
ORD01210,2026-04-02,C0279,P001,S002,2,15,2400,360.0,2040.0,540.0,UPI
ORD01211,2026-12-22,C0233,P049,S004,2,10,60,6.0,54.0,24.0,UPI
ORD01212,2026-08-31,C0311,P059,S003,2,10,200,20.0,180.0,70.0,UPI
ORD01213,2025-11-16,C0025,P051,S005,3,20,480,96.0,384.0,99.0,Debit Card
ORD01214,2025-04-23,C0298,P049,S002,2,0,60,0.0,60.0,30.0,Credit Card
ORD01215,2026-05-26,C0145,P008,S006,4,15,2400,360.0,2040.0,760.0,Credit Card
ORD01216,2024-07-24,C0365,P060,S006,2,0,140,0.0,140.0,60.0,UPI
ORD01217,2026-12-01,C0244,P022,S005,3,10,4500,450.0,4050.0,1200.0,UPI
ORD01218,2024-06-27,C0095,P047,S007,1,10,250,25.0,225.0,75.0,Credit Card
ORD01219,2024-12-10,C0192,P073,S002,4,5,3600,180.0,3420.0,820.0,Credit Card
ORD01220,2024-12-15,C0332,P030,S005,2,0,360,0.0,360.0,200.0,Credit Card
ORD01221,2024-11-24,C0394,P062,S006,1,0,280,0.0,280.0,120.0,UPI
ORD01222,2026-09-02,C0119,P072,S004,4,10,480,48.0,432.0,192.0,Debit Card
ORD01223,2026-12-28,C0350,P092,S004,1,0,1800,0.0,1800.0,700.0,Credit Card
ORD01224,2024-05-12,C0136,P092,S007,2,0,3600,0.0,3600.0,1400.0,Debit Card
ORD01225,2026-02-20,C0267,P066,S006,2,10,600,60.0,540.0,180.0,Wallet
ORD01226,2025-04-22,C0392,P041,S003,1,0,30,0.0,30.0,10.0,UPI
ORD01227,2025-01-20,C0283,P009,S006,2,0,1600,0.0,1600.0,700.0,UPI
ORD01228,2026-02-17,C0207,P073,S001,2,0,1800,0.0,1800.0,500.0,UPI
ORD01229,2026-03-05,C0333,P044,S006,5,0,600,0.0,600.0,250.0,UPI
ORD01230,2024-09-15,C0141,P059,S005,2,5,200,10.0,190.0,80.0,UPI
ORD01231,2026-08-01,C0018,P043,S003,1,10,280,28.0,252.0,82.0,UPI
ORD01232,2026-07-22,C0392,P032,S003,1,0,200,0.0,200.0,105.0,Debit Card
ORD01233,2024-03-11,C0105,P074,S002,2,0,1700,0.0,1700.0,500.0,Wallet
ORD01234,2026-09-06,C0367,P020,S002,2,0,1500,0.0,1500.0,660.0,UPI
ORD01235,2024-04-30,C0178,P088,S008,5,0,10000,0.0,10000.0,3500.0,Cash
ORD01236,2025-04-05,C0101,P029,S005,2,0,1300,0.0,1300.0,540.0,Cash
ORD01237,2026-09-25,C0079,P023,S005,2,0,440,0.0,440.0,240.0,Cash
ORD01238,2024-11-22,C0291,P092,S003,2,0,3600,0.0,3600.0,1400.0,Debit Card
ORD01239,2026-03-12,C0364,P088,S003,1,5,2000,100.0,1900.0,600.0,UPI
ORD01240,2025-02-03,C0374,P057,S003,2,5,280,14.0,266.0,106.0,UPI
ORD01241,2024-04-20,C0315,P029,S004,3,10,1950,195.0,1755.0,615.0,Credit Card
ORD01242,2024-10-08,C0189,P021,S003,2,15,2000,300.0,1700.0,500.0,UPI
ORD01243,2025-02-04,C0141,P071,S005,2,0,360,0.0,360.0,160.0,Debit Card
ORD01244,2024-10-29,C0386,P049,S006,5,10,150,15.0,135.0,60.0,UPI
ORD01245,2025-12-29,C0282,P003,S008,1,0,350,0.0,350.0,170.0,Wallet
ORD01246,2026-06-07,C0139,P059,S006,4,5,400,20.0,380.0,160.0,Credit Card
ORD01247,2025-05-08,C0100,P002,S008,1,0,900,0.0,900.0,380.0,Credit Card
ORD01248,2026-02-07,C0073,P016,S003,3,20,1950,390.0,1560.0,480.0,Debit Card
ORD01249,2026-08-07,C0014,P006,S004,3,10,1950,195.0,1755.0,705.0,UPI
ORD01250,2026-01-22,C0074,P055,S004,1,0,90,0.0,90.0,40.0,UPI
ORD01251,2026-11-09,C0099,P059,S006,2,20,200,40.0,160.0,50.0,Credit Card
ORD01252,2024-07-12,C0286,P056,S001,3,0,180,0.0,180.0,75.0,Credit Card
ORD01253,2026-06-07,C0057,P052,S005,1,0,50,0.0,50.0,20.0,UPI
ORD01254,2025-01-13,C0329,P063,S006,1,10,120,12.0,108.0,38.0,UPI
ORD01255,2026-12-21,C0006,P067,S006,2,5,900,45.0,855.0,295.0,Debit Card
ORD01256,2024-09-11,C0380,P070,S008,3,0,900,0.0,900.0,390.0,Debit Card
ORD01257,2025-01-03,C0136,P019,S007,1,0,900,0.0,900.0,400.0,UPI
ORD01258,2025-02-26,C0366,P008,S004,2,0,1200,0.0,1200.0,560.0,UPI
ORD01259,2024-06-22,C0398,P063,S004,5,5,600,30.0,570.0,220.0,UPI
ORD01260,2026-05-16,C0307,P042,S008,5,10,450,45.0,405.0,130.0,UPI
ORD01261,2026-11-29,C0016,P002,S001,1,5,900,45.0,855.0,335.0,UPI
ORD01262,2025-10-02,C0078,P044,S007,5,0,600,0.0,600.0,250.0,Credit Card
ORD01263,2024-07-21,C0135,P025,S001,2,0,440,0.0,440.0,220.0,UPI
ORD01264,2025-03-16,C0160,P023,S007,4,5,880,44.0,836.0,436.0,UPI
ORD01265,2024-09-20,C0178,P037,S008,2,0,1300,0.0,1300.0,300.0,Credit Card
ORD01266,2024-11-30,C0046,P030,S002,1,0,180,0.0,180.0,100.0,Credit Card
ORD01267,2025-02-21,C0346,P057,S003,1,10,140,14.0,126.0,46.0,Wallet
ORD01268,2025-01-29,C0012,P058,S008,2,5,80,4.0,76.0,32.0,Debit Card
ORD01269,2024-12-01,C0265,P042,S002,1,20,90,18.0,72.0,17.0,Credit Card
ORD01270,2025-05-21,C0245,P002,S007,1,0,900,0.0,900.0,380.0,UPI
ORD01271,2024-05-15,C0028,P044,S001,1,0,120,0.0,120.0,50.0,Wallet
ORD01272,2024-10-26,C0266,P070,S008,1,0,300,0.0,300.0,130.0,UPI
ORD01273,2026-02-14,C0269,P085,S001,4,10,4800,480.0,4320.0,1520.0,UPI
ORD01274,2025-09-19,C0003,P039,S004,2,10,360,36.0,324.0,44.0,UPI
ORD01275,2025-07-31,C0018,P041,S003,2,5,60,3.0,57.0,17.0,Cash
ORD01276,2026-03-08,C0400,P022,S002,1,10,1500,150.0,1350.0,400.0,Debit Card
ORD01277,2026-04-04,C0057,P062,S005,2,0,560,0.0,560.0,240.0,UPI
ORD01278,2024-11-14,C0038,P048,S004,1,5,450,22.5,427.5,127.5,UPI
ORD01279,2026-01-28,C0037,P090,S002,2,0,600,0.0,600.0,300.0,Credit Card
ORD01280,2025-01-09,C0187,P069,S007,1,0,220,0.0,220.0,100.0,Credit Card
ORD01281,2026-05-26,C0045,P027,S002,2,10,900,90.0,810.0,330.0,Wallet
ORD01282,2024-06-27,C0162,P030,S005,4,0,720,0.0,720.0,400.0,UPI
ORD01283,2024-06-11,C0256,P009,S006,1,0,800,0.0,800.0,350.0,UPI
ORD01284,2024-06-22,C0314,P058,S006,2,5,80,4.0,76.0,32.0,Credit Card
ORD01285,2026-05-18,C0325,P084,S006,2,15,360,54.0,306.0,126.0,UPI
ORD01286,2026-12-26,C0240,P048,S004,1,5,450,22.5,427.5,127.5,Wallet
ORD01287,2026-05-20,C0211,P070,S008,2,10,600,60.0,540.0,200.0,UPI
ORD01288,2026-12-17,C0003,P063,S004,1,0,120,0.0,120.0,50.0,UPI
ORD01289,2026-12-08,C0272,P087,S006,1,0,700,0.0,700.0,300.0,UPI
ORD01290,2024-04-14,C0186,P037,S006,1,0,650,0.0,650.0,150.0,UPI
ORD01291,2025-05-26,C0141,P017,S005,3,15,750,112.5,637.5,247.5,Cash
ORD01292,2026-09-16,C0373,P026,S007,1,0,160,0.0,160.0,85.0,Debit Card
ORD01293,2025-03-21,C0234,P049,S001,4,15,120,18.0,102.0,42.0,Wallet
ORD01294,2024-03-13,C0240,P043,S004,4,15,1120,168.0,952.0,272.0,Cash
ORD01295,2024-01-13,C0063,P011,S005,2,0,5000,0.0,5000.0,1600.0,UPI
ORD01296,2025-01-16,C0353,P007,S002,1,0,450,0.0,450.0,230.0,Credit Card
ORD01297,2026-12-19,C0293,P033,S007,1,0,280,0.0,280.0,140.0,Credit Card
ORD01298,2025-05-27,C0384,P020,S003,1,0,750,0.0,750.0,330.0,UPI
ORD01299,2025-01-08,C0346,P045,S003,2,0,700,0.0,700.0,260.0,Wallet
ORD01300,2026-06-18,C0238,P052,S007,1,0,50,0.0,50.0,20.0,Credit Card
ORD01301,2025-02-10,C0068,P047,S001,1,0,250,0.0,250.0,100.0,UPI
ORD01302,2025-11-09,C0294,P043,S002,1,0,280,0.0,280.0,110.0,Credit Card
ORD01303,2025-06-28,C0117,P049,S006,1,5,30,1.5,28.5,13.5,Credit Card
ORD01304,2024-09-17,C0245,P052,S007,1,10,50,5.0,45.0,15.0,Cash
ORD01305,2026-03-07,C0210,P045,S003,1,20,350,70.0,280.0,60.0,Debit Card
ORD01306,2025-12-05,C0156,P015,S003,3,0,1050,0.0,1050.0,510.0,Debit Card
ORD01307,2024-01-17,C0381,P047,S002,1,0,250,0.0,250.0,100.0,Credit Card
ORD01308,2025-05-22,C0003,P068,S004,2,10,500,50.0,450.0,170.0,UPI
ORD01309,2024-08-23,C0220,P031,S001,3,20,360,72.0,288.0,138.0,UPI
ORD01310,2025-02-10,C0239,P069,S008,2,10,440,44.0,396.0,156.0,UPI
ORD01311,2025-01-06,C0032,P065,S005,1,15,140,21.0,119.0,49.0,Debit Card
ORD01312,2024-09-03,C0223,P018,S008,1,0,1200,0.0,1200.0,500.0,Wallet
ORD01313,2026-05-23,C0290,P086,S008,1,0,1500,0.0,1500.0,600.0,Cash
ORD01314,2026-12-11,C0055,P039,S002,2,0,360,0.0,360.0,80.0,UPI
ORD01315,2026-11-10,C0298,P042,S002,1,0,90,0.0,90.0,35.0,UPI
ORD01316,2026-05-06,C0007,P095,S002,1,15,600,90.0,510.0,190.0,UPI
ORD01317,2025-10-20,C0218,P003,S008,2,15,700,105.0,595.0,235.0,UPI
ORD01318,2026-10-03,C0127,P029,S007,1,0,650,0.0,650.0,270.0,UPI
ORD01319,2024-09-23,C0233,P048,S004,1,10,450,45.0,405.0,105.0,UPI
ORD01320,2026-12-19,C0091,P068,S006,1,0,250,0.0,250.0,110.0,Credit Card
ORD01321,2024-08-05,C0077,P010,S006,1,10,250,25.0,225.0,115.0,UPI
ORD01322,2025-01-25,C0140,P059,S006,1,0,100,0.0,100.0,45.0,UPI
ORD01323,2025-12-03,C0398,P089,S004,2,10,1600,160.0,1440.0,540.0,Credit Card
ORD01324,2024-09-18,C0036,P021,S001,1,5,1000,50.0,950.0,350.0,UPI
ORD01325,2025-12-12,C0097,P076,S001,1,10,250,25.0,225.0,105.0,Wallet
ORD01326,2026-05-08,C0307,P001,S008,2,20,2400,480.0,1920.0,420.0,Debit Card
ORD01327,2025-07-15,C0072,P022,S007,2,0,3000,0.0,3000.0,1100.0,UPI
ORD01328,2025-01-24,C0229,P060,S007,2,0,140,0.0,140.0,60.0,Debit Card
ORD01329,2024-06-02,C0009,P074,S007,1,10,850,85.0,765.0,165.0,UPI
ORD01330,2026-03-31,C0049,P069,S007,2,0,440,0.0,440.0,200.0,UPI
ORD01331,2024-01-19,C0095,P051,S007,3,10,480,48.0,432.0,147.0,Credit Card
ORD01332,2026-12-11,C0287,P061,S002,3,0,1050,0.0,1050.0,450.0,UPI
ORD01333,2025-04-03,C0004,P021,S004,1,0,1000,0.0,1000.0,400.0,UPI
ORD01334,2025-07-22,C0235,P017,S005,4,0,1000,0.0,1000.0,480.0,Debit Card
ORD01335,2025-05-24,C0140,P052,S006,5,0,250,0.0,250.0,100.0,UPI
ORD01336,2026-01-25,C0103,P056,S004,1,15,60,9.0,51.0,16.0,Cash
ORD01337,2024-09-30,C0089,P026,S006,1,5,160,8.0,152.0,77.0,UPI
ORD01338,2024-01-22,C0252,P010,S001,3,0,750,0.0,750.0,420.0,Wallet
ORD01339,2024-02-02,C0004,P021,S004,2,20,2000,400.0,1600.0,400.0,Debit Card
ORD01340,2024-08-05,C0331,P071,S003,2,10,360,36.0,324.0,124.0,Wallet
ORD01341,2025-02-26,C0012,P033,S008,3,0,840,0.0,840.0,420.0,UPI
ORD01342,2026-03-20,C0095,P057,S007,1,0,140,0.0,140.0,60.0,Debit Card
ORD01343,2026-09-08,C0367,P042,S002,1,0,90,0.0,90.0,35.0,UPI
ORD01344,2025-01-21,C0388,P077,S002,2,15,440,66.0,374.0,174.0,UPI
ORD01345,2025-09-27,C0300,P032,S004,1,0,200,0.0,200.0,105.0,UPI
ORD01346,2024-05-22,C0183,P059,S001,1,0,100,0.0,100.0,45.0,Credit Card
ORD01347,2026-04-04,C0054,P059,S002,1,5,100,5.0,95.0,40.0,Debit Card
ORD01348,2024-07-23,C0313,P070,S006,1,0,300,0.0,300.0,130.0,Cash
ORD01349,2024-03-30,C0311,P061,S003,1,10,350,35.0,315.0,115.0,UPI
ORD01350,2024-01-28,C0016,P096,S001,3,0,1500,0.0,1500.0,720.0,Debit Card
ORD01351,2025-11-24,C0358,P046,S006,1,0,400,0.0,400.0,140.0,Debit Card
ORD01352,2024-11-30,C0399,P094,S007,2,0,700,0.0,700.0,360.0,Credit Card
ORD01353,2024-09-09,C0270,P025,S005,1,0,220,0.0,220.0,110.0,Credit Card
ORD01354,2026-04-30,C0247,P016,S004,1,15,650,97.5,552.5,192.5,UPI
ORD01355,2024-10-28,C0383,P042,S008,1,15,90,13.5,76.5,21.5,Debit Card
ORD01356,2024-08-18,C0307,P051,S008,2,20,320,64.0,256.0,66.0,UPI
ORD01357,2025-07-31,C0161,P090,S003,1,5,300,15.0,285.0,135.0,UPI
ORD01358,2024-06-22,C0048,P096,S001,3,5,1500,75.0,1425.0,645.0,UPI
ORD01359,2025-01-06,C0106,P046,S007,2,0,800,0.0,800.0,280.0,Debit Card
ORD01360,2025-08-10,C0218,P029,S008,1,0,650,0.0,650.0,270.0,Wallet
ORD01361,2025-06-27,C0212,P056,S005,3,10,180,18.0,162.0,57.0,UPI
ORD01362,2024-10-31,C0146,P008,S005,1,0,600,0.0,600.0,280.0,Credit Card
ORD01363,2026-09-06,C0176,P069,S001,3,0,660,0.0,660.0,300.0,Credit Card
ORD01364,2024-10-17,C0259,P070,S003,1,0,300,0.0,300.0,130.0,UPI
ORD01365,2026-04-27,C0193,P037,S007,2,5,1300,65.0,1235.0,235.0,UPI
ORD01366,2025-05-18,C0038,P087,S004,1,5,700,35.0,665.0,265.0,Credit Card
ORD01367,2025-04-16,C0312,P048,S007,1,5,450,22.5,427.5,127.5,Credit Card
ORD01368,2025-03-25,C0041,P060,S007,2,0,140,0.0,140.0,60.0,UPI
ORD01369,2024-02-05,C0327,P090,S006,1,5,300,15.0,285.0,135.0,UPI
ORD01370,2025-12-16,C0296,P023,S003,3,10,660,66.0,594.0,294.0,UPI
ORD01371,2026-05-12,C0022,P048,S003,1,10,450,45.0,405.0,105.0,UPI
ORD01372,2024-10-20,C0151,P019,S003,1,20,900,180.0,720.0,220.0,UPI
ORD01373,2024-05-31,C0395,P063,S005,2,5,240,12.0,228.0,88.0,UPI
ORD01374,2024-10-10,C0350,P024,S004,1,10,180,18.0,162.0,77.0,Credit Card
ORD01375,2026-08-20,C0129,P064,S008,2,10,160,16.0,144.0,74.0,Debit Card
ORD01376,2026-04-22,C0025,P035,S005,2,0,600,0.0,600.0,300.0,Debit Card
ORD01377,2024-08-15,C0173,P003,S008,1,15,350,52.5,297.5,117.5,UPI
ORD01378,2026-11-20,C0079,P062,S005,3,10,840,84.0,756.0,276.0,Cash
ORD01379,2025-06-12,C0087,P041,S005,4,5,120,6.0,114.0,34.0,Debit Card
ORD01380,2024-11-17,C0398,P043,S004,1,0,280,0.0,280.0,110.0,Wallet
ORD01381,2026-03-31,C0313,P068,S006,2,0,500,0.0,500.0,220.0,UPI
ORD01382,2024-06-07,C0148,P068,S005,3,5,750,37.5,712.5,292.5,UPI
ORD01383,2026-02-18,C0342,P054,S008,1,10,110,11.0,99.0,34.0,Debit Card
ORD01384,2024-08-10,C0002,P027,S002,1,0,450,0.0,450.0,210.0,Debit Card
ORD01385,2025-05-05,C0130,P031,S006,1,5,120,6.0,114.0,64.0,UPI
ORD01386,2025-09-25,C0396,P057,S002,1,0,140,0.0,140.0,60.0,Wallet
ORD01387,2024-06-23,C0158,P032,S005,5,5,1000,50.0,950.0,475.0,Credit Card
ORD01388,2024-04-03,C0014,P070,S004,1,0,300,0.0,300.0,130.0,UPI
ORD01389,2025-08-01,C0190,P092,S006,4,5,7200,360.0,6840.0,2440.0,UPI
ORD01390,2025-12-29,C0024,P045,S002,2,0,700,0.0,700.0,260.0,Credit Card
ORD01391,2024-07-25,C0277,P063,S007,2,10,240,24.0,216.0,76.0,UPI
ORD01392,2026-09-03,C0019,P072,S005,2,15,240,36.0,204.0,84.0,UPI
ORD01393,2026-08-06,C0274,P017,S007,1,5,250,12.5,237.5,107.5,Wallet
ORD01394,2025-03-17,C0009,P026,S007,3,10,480,48.0,432.0,207.0,Debit Card
ORD01395,2026-10-24,C0243,P015,S002,2,10,700,70.0,630.0,270.0,Wallet
ORD01396,2024-09-25,C0244,P046,S005,1,0,400,0.0,400.0,140.0,Cash
ORD01397,2026-03-04,C0008,P043,S005,1,20,280,56.0,224.0,54.0,Credit Card
ORD01398,2026-10-02,C0385,P096,S001,1,15,500,75.0,425.0,165.0,Credit Card
ORD01399,2024-06-27,C0001,P092,S005,2,5,3600,180.0,3420.0,1220.0,UPI
ORD01400,2024-05-19,C0001,P032,S005,1,0,200,0.0,200.0,105.0,UPI
ORD01401,2026-08-01,C0168,P015,S008,1,5,350,17.5,332.5,152.5,UPI
ORD01402,2024-10-14,C0373,P076,S007,5,5,1250,62.5,1187.5,587.5,UPI
ORD01403,2026-04-17,C0280,P031,S003,3,15,360,54.0,306.0,156.0,UPI
ORD01404,2025-10-04,C0253,P041,S002,2,5,60,3.0,57.0,17.0,UPI
ORD01405,2024-03-28,C0104,P074,S003,2,5,1700,85.0,1615.0,415.0,Debit Card
ORD01406,2024-01-17,C0234,P032,S001,1,0,200,0.0,200.0,105.0,UPI
ORD01407,2024-05-29,C0216,P056,S004,1,15,60,9.0,51.0,16.0,Debit Card
ORD01408,2026-08-17,C0126,P045,S006,2,15,700,105.0,595.0,155.0,Credit Card
ORD01409,2024-08-09,C0327,P007,S006,4,15,1800,270.0,1530.0,650.0,Debit Card
ORD01410,2025-11-13,C0041,P032,S007,5,5,1000,50.0,950.0,475.0,Debit Card
ORD01411,2025-07-24,C0032,P042,S005,2,5,180,9.0,171.0,61.0,Wallet
ORD01412,2025-03-13,C0219,P021,S007,1,0,1000,0.0,1000.0,400.0,Credit Card
ORD01413,2026-01-10,C0151,P041,S003,3,20,90,18.0,72.0,12.0,UPI
ORD01414,2024-02-16,C0192,P025,S002,4,10,880,88.0,792.0,352.0,UPI
ORD01415,2024-06-20,C0139,P057,S006,1,0,140,0.0,140.0,60.0,UPI
ORD01416,2026-07-13,C0389,P081,S006,3,5,600,30.0,570.0,210.0,Debit Card
ORD01417,2024-04-20,C0324,P029,S007,1,15,650,97.5,552.5,172.5,UPI
ORD01418,2024-11-23,C0376,P064,S002,2,5,160,8.0,152.0,82.0,Debit Card
ORD01419,2026-06-13,C0251,P096,S007,1,10,500,50.0,450.0,190.0,UPI
ORD01420,2025-02-10,C0350,P001,S004,1,10,1200,120.0,1080.0,330.0,Credit Card
ORD01421,2025-11-28,C0309,P036,S005,4,5,800,40.0,760.0,400.0,UPI
ORD01422,2026-04-12,C0054,P066,S002,1,10,300,30.0,270.0,90.0,Wallet
ORD01423,2024-09-14,C0053,P092,S002,2,5,3600,180.0,3420.0,1220.0,Credit Card
ORD01424,2025-01-19,C0154,P012,S007,1,5,180,9.0,171.0,91.0,UPI
ORD01425,2025-12-13,C0182,P047,S005,1,10,250,25.0,225.0,75.0,Wallet
ORD01426,2026-01-15,C0338,P045,S006,1,15,350,52.5,297.5,77.5,Credit Card
ORD01427,2026-10-19,C0390,P077,S007,2,0,440,0.0,440.0,240.0,UPI
ORD01428,2026-12-07,C0038,P038,S004,1,15,300,45.0,255.0,35.0,Credit Card
ORD01429,2024-11-29,C0228,P041,S006,1,10,30,3.0,27.0,7.0,Debit Card
ORD01430,2025-08-03,C0287,P039,S002,2,15,360,54.0,306.0,26.0,Wallet
ORD01431,2024-06-28,C0259,P010,S003,3,0,750,0.0,750.0,420.0,Debit Card
ORD01432,2026-04-22,C0193,P055,S007,1,10,90,9.0,81.0,31.0,Debit Card
ORD01433,2026-06-28,C0290,P048,S008,2,10,900,90.0,810.0,210.0,Debit Card
ORD01434,2025-03-09,C0301,P074,S005,1,5,850,42.5,807.5,207.5,UPI
ORD01435,2026-08-19,C0070,P036,S003,4,0,800,0.0,800.0,440.0,Debit Card
ORD01436,2026-03-21,C0383,P042,S008,1,0,90,0.0,90.0,35.0,UPI
ORD01437,2025-06-25,C0307,P032,S008,1,15,200,30.0,170.0,75.0,Wallet
ORD01438,2024-01-09,C0195,P050,S002,4,0,600,0.0,600.0,240.0,UPI
ORD01439,2026-02-05,C0220,P024,S001,3,5,540,27.0,513.0,258.0,Debit Card
ORD01440,2024-12-15,C0023,P034,S008,5,0,1250,0.0,1250.0,650.0,Wallet
ORD01441,2026-03-16,C0192,P036,S002,3,10,600,60.0,540.0,270.0,Credit Card
ORD01442,2026-03-10,C0374,P014,S003,5,0,3500,0.0,3500.0,1600.0,Wallet
ORD01443,2026-06-14,C0378,P047,S007,1,10,250,25.0,225.0,75.0,UPI
ORD01444,2026-03-13,C0270,P015,S005,3,5,1050,52.5,997.5,457.5,UPI
ORD01445,2025-10-22,C0146,P047,S005,1,0,250,0.0,250.0,100.0,Debit Card
ORD01446,2024-02-26,C0219,P049,S007,2,5,60,3.0,57.0,27.0,Wallet
ORD01447,2024-02-21,C0268,P050,S005,2,0,300,0.0,300.0,120.0,Credit Card
ORD01448,2026-01-03,C0359,P060,S002,1,10,70,7.0,63.0,23.0,UPI
ORD01449,2025-05-17,C0286,P029,S001,2,10,1300,130.0,1170.0,410.0,UPI
ORD01450,2024-04-15,C0192,P030,S002,1,15,180,27.0,153.0,73.0,Debit Card
ORD01451,2024-07-30,C0172,P058,S002,1,15,40,6.0,34.0,12.0,UPI
ORD01452,2025-06-20,C0026,P020,S003,3,0,2250,0.0,2250.0,990.0,Credit Card
ORD01453,2025-03-01,C0196,P041,S002,1,5,30,1.5,28.5,8.5,UPI
ORD01454,2024-06-05,C0231,P001,S001,1,0,1200,0.0,1200.0,450.0,Cash
ORD01455,2026-07-12,C0304,P056,S008,3,0,180,0.0,180.0,75.0,UPI
ORD01456,2024-03-05,C0234,P017,S001,1,0,250,0.0,250.0,120.0,UPI
ORD01457,2024-01-11,C0390,P093,S007,1,10,450,45.0,405.0,155.0,Wallet
ORD01458,2024-03-01,C0361,P026,S006,2,5,320,16.0,304.0,154.0,Debit Card
ORD01459,2026-01-17,C0157,P029,S001,1,0,650,0.0,650.0,270.0,UPI
ORD01460,2024-09-16,C0075,P033,S001,1,5,280,14.0,266.0,126.0,Wallet
ORD01461,2025-08-25,C0098,P039,S003,2,10,360,36.0,324.0,44.0,Credit Card
ORD01462,2025-01-30,C0025,P093,S005,1,0,450,0.0,450.0,200.0,Cash
ORD01463,2026-03-15,C0195,P071,S002,1,10,180,18.0,162.0,62.0,Credit Card
ORD01464,2025-02-25,C0081,P013,S002,4,5,2000,100.0,1900.0,780.0,Cash
ORD01465,2025-07-10,C0161,P042,S003,3,5,270,13.5,256.5,91.5,Credit Card
ORD01466,2025-12-23,C0219,P046,S007,2,0,800,0.0,800.0,280.0,UPI
ORD01467,2026-11-13,C0111,P010,S008,1,5,250,12.5,237.5,127.5,Cash
ORD01468,2026-12-22,C0071,P085,S004,1,0,1200,0.0,1200.0,500.0,UPI
ORD01469,2026-01-02,C0227,P066,S008,1,0,300,0.0,300.0,120.0,UPI
ORD01470,2025-11-10,C0132,P016,S007,2,10,1300,130.0,1170.0,450.0,UPI
ORD01471,2025-10-20,C0173,P053,S008,2,0,240,0.0,240.0,100.0,Credit Card
ORD01472,2024-07-29,C0347,P047,S007,2,10,500,50.0,450.0,150.0,Wallet
ORD01473,2024-06-02,C0294,P071,S002,2,5,360,18.0,342.0,142.0,Debit Card
ORD01474,2025-10-07,C0043,P046,S004,3,5,1200,60.0,1140.0,360.0,Wallet
ORD01475,2024-09-11,C0339,P042,S002,2,5,180,9.0,171.0,61.0,Credit Card
ORD01476,2024-02-13,C0250,P025,S008,1,5,220,11.0,209.0,99.0,Cash
ORD01477,2026-08-03,C0322,P089,S001,1,10,800,80.0,720.0,270.0,Credit Card
ORD01478,2026-12-22,C0210,P090,S003,1,5,300,15.0,285.0,135.0,Cash
ORD01479,2025-09-08,C0307,P045,S008,1,10,350,35.0,315.0,95.0,Credit Card
ORD01480,2025-10-03,C0336,P039,S002,1,0,180,0.0,180.0,40.0,Wallet
ORD01481,2024-09-05,C0040,P044,S007,3,15,360,54.0,306.0,96.0,UPI
ORD01482,2024-01-22,C0121,P031,S002,1,20,120,24.0,96.0,46.0,Cash
ORD01483,2025-04-08,C0376,P064,S002,1,0,80,0.0,80.0,45.0,Wallet
ORD01484,2024-01-11,C0180,P039,S008,4,15,720,108.0,612.0,52.0,UPI
ORD01485,2024-08-14,C0104,P069,S003,1,0,220,0.0,220.0,100.0,UPI
ORD01486,2026-02-16,C0071,P049,S004,1,0,30,0.0,30.0,15.0,UPI
ORD01487,2024-09-15,C0122,P046,S001,1,0,400,0.0,400.0,140.0,Credit Card
ORD01488,2026-04-26,C0281,P081,S003,2,10,400,40.0,360.0,120.0,Credit Card
ORD01489,2026-09-05,C0167,P035,S008,2,20,600,120.0,480.0,180.0,UPI
ORD01490,2025-04-07,C0284,P061,S008,1,10,350,35.0,315.0,115.0,Debit Card
ORD01491,2025-05-11,C0339,P048,S002,2,10,900,90.0,810.0,210.0,UPI
ORD01492,2026-10-02,C0204,P008,S005,2,5,1200,60.0,1140.0,500.0,UPI
ORD01493,2025-11-28,C0003,P037,S004,2,5,1300,65.0,1235.0,235.0,Cash
ORD01494,2025-09-30,C0100,P061,S008,2,10,700,70.0,630.0,230.0,Cash
ORD01495,2024-09-23,C0361,P020,S006,1,0,750,0.0,750.0,330.0,Wallet
ORD01496,2026-11-17,C0277,P073,S007,1,0,900,0.0,900.0,250.0,Credit Card
ORD01497,2024-07-28,C0040,P052,S007,1,15,50,7.5,42.5,12.5,Debit Card
ORD01498,2026-08-01,C0226,P036,S007,1,0,200,0.0,200.0,110.0,Debit Card
ORD01499,2025-06-27,C0162,P042,S005,1,5,90,4.5,85.5,30.5,UPI
ORD01500,2026-03-23,C0250,P030,S008,2,5,360,18.0,342.0,182.0,UPI
ORD01501,2024-07-19,C0189,P033,S003,1,0,280,0.0,280.0,140.0,Wallet
ORD01502,2025-01-22,C0016,P029,S001,1,5,650,32.5,617.5,237.5,Credit Card
ORD01503,2026-06-06,C0042,P037,S001,1,0,650,0.0,650.0,150.0,UPI
ORD01504,2024-08-23,C0318,P015,S005,1,0,350,0.0,350.0,170.0,UPI
ORD01505,2024-07-25,C0051,P008,S001,1,15,600,90.0,510.0,190.0,Debit Card
ORD01506,2026-03-15,C0186,P037,S006,1,10,650,65.0,585.0,85.0,Cash
ORD01507,2025-02-25,C0391,P029,S006,1,0,650,0.0,650.0,270.0,Debit Card
ORD01508,2025-08-12,C0299,P064,S005,2,0,160,0.0,160.0,90.0,Credit Card
ORD01509,2026-09-03,C0182,P063,S005,2,15,240,36.0,204.0,64.0,Debit Card
ORD01510,2024-05-22,C0397,P016,S008,1,0,650,0.0,650.0,290.0,Credit Card
ORD01511,2026-08-29,C0233,P091,S004,1,0,250,0.0,250.0,140.0,Wallet
ORD01512,2024-12-15,C0029,P073,S006,3,5,2700,135.0,2565.0,615.0,Wallet
ORD01513,2026-09-27,C0293,P052,S007,3,5,150,7.5,142.5,52.5,UPI
ORD01514,2025-08-18,C0219,P011,S007,3,5,7500,375.0,7125.0,2025.0,UPI
ORD01515,2024-07-11,C0305,P016,S005,1,10,650,65.0,585.0,225.0,UPI
ORD01516,2025-12-19,C0390,P040,S007,1,5,55,2.75,52.25,10.25,UPI
ORD01517,2025-12-23,C0295,P005,S005,1,5,300,15.0,285.0,135.0,Debit Card
ORD01518,2026-09-18,C0175,P074,S003,1,10,850,85.0,765.0,165.0,Debit Card
ORD01519,2026-04-20,C0264,P009,S002,3,10,2400,240.0,2160.0,810.0,UPI
ORD01520,2025-05-15,C0270,P046,S005,2,10,800,80.0,720.0,200.0,Credit Card
ORD01521,2024-07-01,C0387,P026,S008,1,20,160,32.0,128.0,53.0,Debit Card
ORD01522,2026-07-09,C0256,P088,S006,5,15,10000,1500.0,8500.0,2000.0,UPI
ORD01523,2025-12-15,C0312,P090,S007,1,0,300,0.0,300.0,150.0,Wallet
ORD01524,2024-03-25,C0050,P031,S004,2,10,240,24.0,216.0,116.0,Cash
ORD01525,2026-07-20,C0232,P014,S004,2,10,1400,140.0,1260.0,500.0,UPI
ORD01526,2024-01-18,C0048,P024,S001,2,10,360,36.0,324.0,154.0,Credit Card
ORD01527,2025-08-16,C0102,P018,S008,2,10,2400,240.0,2160.0,760.0,UPI
ORD01528,2025-08-26,C0171,P034,S001,1,0,250,0.0,250.0,130.0,UPI
ORD01529,2024-04-18,C0352,P049,S004,2,0,60,0.0,60.0,30.0,UPI
ORD01530,2024-04-12,C0189,P065,S003,1,0,140,0.0,140.0,70.0,UPI
ORD01531,2024-11-13,C0030,P082,S002,2,0,560,0.0,560.0,260.0,Debit Card
ORD01532,2024-06-14,C0160,P048,S007,1,0,450,0.0,450.0,150.0,Wallet
ORD01533,2026-03-02,C0363,P026,S007,1,20,160,32.0,128.0,53.0,UPI
ORD01534,2025-09-10,C0112,P034,S007,2,0,500,0.0,500.0,260.0,Credit Card
ORD01535,2024-10-12,C0154,P081,S007,1,0,200,0.0,200.0,80.0,Credit Card
ORD01536,2024-06-24,C0075,P033,S001,1,15,280,42.0,238.0,98.0,Credit Card
ORD01537,2026-06-13,C0019,P025,S005,1,5,220,11.0,209.0,99.0,Debit Card
ORD01538,2026-01-02,C0324,P039,S007,2,0,360,0.0,360.0,80.0,Credit Card
ORD01539,2024-02-26,C0255,P047,S004,4,0,1000,0.0,1000.0,400.0,Debit Card
ORD01540,2024-10-14,C0052,P001,S003,1,0,1200,0.0,1200.0,450.0,Credit Card
ORD01541,2025-08-23,C0286,P013,S001,1,10,500,50.0,450.0,170.0,UPI
ORD01542,2026-08-05,C0065,P060,S005,3,15,210,31.5,178.5,58.5,Credit Card
ORD01543,2024-04-22,C0198,P005,S001,1,20,300,60.0,240.0,90.0,UPI
ORD01544,2025-08-18,C0382,P051,S006,2,10,320,32.0,288.0,98.0,Cash
ORD01545,2026-11-12,C0236,P016,S001,1,0,650,0.0,650.0,290.0,UPI
ORD01546,2026-12-26,C0287,P071,S002,2,0,360,0.0,360.0,160.0,Debit Card
ORD01547,2024-01-14,C0390,P065,S007,3,5,420,21.0,399.0,189.0,UPI
ORD01548,2024-11-09,C0339,P001,S002,1,0,1200,0.0,1200.0,450.0,UPI
ORD01549,2026-11-01,C0136,P045,S007,1,0,350,0.0,350.0,130.0,Credit Card
ORD01550,2025-04-26,C0368,P089,S003,3,5,2400,120.0,2280.0,930.0,Cash
ORD01551,2024-09-09,C0322,P060,S001,1,5,70,3.5,66.5,26.5,UPI
ORD01552,2025-05-07,C0033,P067,S004,1,10,450,45.0,405.0,125.0,Credit Card
ORD01553,2025-08-16,C0289,P047,S006,1,0,250,0.0,250.0,100.0,Credit Card
ORD01554,2025-07-17,C0353,P042,S002,1,10,90,9.0,81.0,26.0,UPI
ORD01555,2026-05-20,C0065,P047,S005,1,0,250,0.0,250.0,100.0,UPI
ORD01556,2025-09-12,C0165,P038,S001,1,10,300,30.0,270.0,50.0,Debit Card
ORD01557,2025-12-27,C0337,P044,S007,2,10,240,24.0,216.0,76.0,UPI
ORD01558,2026-01-02,C0330,P086,S003,2,15,3000,450.0,2550.0,750.0,UPI
ORD01559,2026-12-11,C0249,P086,S007,1,10,1500,150.0,1350.0,450.0,UPI
ORD01560,2025-11-25,C0198,P065,S001,3,0,420,0.0,420.0,210.0,Debit Card
ORD01561,2026-03-17,C0079,P050,S005,1,10,150,15.0,135.0,45.0,Credit Card
ORD01562,2025-01-04,C0075,P091,S001,2,15,500,75.0,425.0,205.0,Debit Card
ORD01563,2024-09-22,C0089,P043,S006,2,5,560,28.0,532.0,192.0,Credit Card
ORD01564,2026-04-06,C0052,P049,S003,1,0,30,0.0,30.0,15.0,Debit Card
ORD01565,2024-08-05,C0292,P028,S003,2,10,700,70.0,630.0,270.0,UPI
ORD01566,2025-04-29,C0305,P034,S005,1,15,250,37.5,212.5,92.5,Debit Card
ORD01567,2026-05-10,C0290,P045,S008,4,0,1400,0.0,1400.0,520.0,UPI
ORD01568,2024-05-29,C0138,P012,S004,1,0,180,0.0,180.0,100.0,Debit Card
ORD01569,2024-12-22,C0299,P004,S005,2,0,3000,0.0,3000.0,1200.0,Wallet
ORD01570,2025-02-13,C0318,P057,S005,1,5,140,7.0,133.0,53.0,Debit Card
ORD01571,2024-11-27,C0048,P030,S001,2,10,360,36.0,324.0,164.0,UPI
ORD01572,2024-07-16,C0187,P003,S007,1,10,350,35.0,315.0,135.0,Cash
ORD01573,2026-04-15,C0231,P042,S001,2,15,180,27.0,153.0,43.0,UPI
ORD01574,2026-12-17,C0179,P055,S005,3,5,270,13.5,256.5,106.5,Credit Card
ORD01575,2024-10-09,C0035,P040,S001,1,5,55,2.75,52.25,10.25,Cash
ORD01576,2024-09-17,C0388,P055,S002,3,0,270,0.0,270.0,120.0,UPI
ORD01577,2025-11-07,C0127,P027,S007,4,0,1800,0.0,1800.0,840.0,Debit Card
ORD01578,2024-11-19,C0301,P003,S005,1,5,350,17.5,332.5,152.5,Cash
ORD01579,2026-10-21,C0400,P086,S002,2,5,3000,150.0,2850.0,1050.0,Cash
ORD01580,2025-06-22,C0197,P053,S003,2,0,240,0.0,240.0,100.0,Credit Card
ORD01581,2024-05-01,C0381,P036,S002,1,5,200,10.0,190.0,100.0,Debit Card
ORD01582,2024-05-07,C0044,P094,S003,1,0,350,0.0,350.0,180.0,Wallet
ORD01583,2024-03-13,C0043,P088,S004,1,0,2000,0.0,2000.0,700.0,Credit Card
ORD01584,2024-06-14,C0125,P066,S006,3,5,900,45.0,855.0,315.0,UPI
ORD01585,2024-08-01,C0273,P063,S001,1,5,120,6.0,114.0,44.0,Debit Card
ORD01586,2025-09-13,C0090,P045,S008,3,15,1050,157.5,892.5,232.5,UPI
ORD01587,2024-02-23,C0004,P092,S004,3,10,5400,540.0,4860.0,1560.0,Credit Card
ORD01588,2024-02-07,C0331,P081,S003,2,0,400,0.0,400.0,160.0,Debit Card
ORD01589,2026-05-30,C0170,P056,S008,2,5,120,6.0,114.0,44.0,UPI
ORD01590,2026-01-23,C0120,P024,S004,1,0,180,0.0,180.0,95.0,Wallet
ORD01591,2024-07-07,C0395,P031,S005,2,0,240,0.0,240.0,140.0,Debit Card
ORD01592,2024-04-03,C0011,P076,S002,5,0,1250,0.0,1250.0,650.0,Debit Card
ORD01593,2024-06-05,C0376,P064,S002,1,0,80,0.0,80.0,45.0,UPI
ORD01594,2025-05-15,C0183,P028,S001,5,0,1750,0.0,1750.0,850.0,UPI
ORD01595,2024-06-06,C0015,P059,S004,1,15,100,15.0,85.0,30.0,UPI
ORD01596,2026-01-01,C0003,P071,S004,3,15,540,81.0,459.0,159.0,Credit Card
ORD01597,2026-01-21,C0010,P034,S004,3,0,750,0.0,750.0,390.0,Debit Card
ORD01598,2025-07-01,C0061,P048,S005,1,5,450,22.5,427.5,127.5,UPI
ORD01599,2026-04-21,C0174,P042,S008,2,5,180,9.0,171.0,61.0,UPI
ORD01600,2024-10-07,C0110,P027,S001,2,0,900,0.0,900.0,420.0,Credit Card
ORD01601,2024-10-31,C0155,P024,S002,2,5,360,18.0,342.0,172.0,Credit Card
ORD01602,2026-10-18,C0279,P017,S002,1,5,250,12.5,237.5,107.5,UPI
ORD01603,2024-05-02,C0285,P089,S006,1,5,800,40.0,760.0,310.0,Credit Card
ORD01604,2026-02-26,C0225,P081,S003,1,0,200,0.0,200.0,80.0,UPI
ORD01605,2026-11-09,C0233,P060,S004,1,10,70,7.0,63.0,23.0,Wallet
ORD01606,2025-11-19,C0255,P090,S004,4,10,1200,120.0,1080.0,480.0,Credit Card
ORD01607,2025-11-29,C0088,P065,S005,2,15,280,42.0,238.0,98.0,Debit Card
ORD01608,2024-04-26,C0374,P088,S003,3,5,6000,300.0,5700.0,1800.0,Wallet
ORD01609,2025-08-11,C0264,P095,S002,3,15,1800,270.0,1530.0,570.0,Credit Card
ORD01610,2026-11-28,C0158,P051,S005,4,5,640,32.0,608.0,228.0,Wallet
ORD01611,2024-02-01,C0009,P031,S007,1,10,120,12.0,108.0,58.0,UPI
ORD01612,2025-08-28,C0001,P087,S005,1,0,700,0.0,700.0,300.0,Credit Card
ORD01613,2025-05-28,C0073,P039,S003,3,10,540,54.0,486.0,66.0,Credit Card
ORD01614,2025-10-19,C0104,P019,S003,3,0,2700,0.0,2700.0,1200.0,UPI
ORD01615,2024-03-16,C0232,P007,S004,4,5,1800,90.0,1710.0,830.0,Cash
ORD01616,2024-04-29,C0266,P034,S008,2,0,500,0.0,500.0,260.0,Cash
ORD01617,2024-05-11,C0244,P047,S005,1,0,250,0.0,250.0,100.0,Debit Card
ORD01618,2026-12-20,C0384,P026,S003,1,15,160,24.0,136.0,61.0,Debit Card
ORD01619,2024-03-19,C0290,P029,S008,1,5,650,32.5,617.5,237.5,Credit Card
ORD01620,2025-04-11,C0291,P026,S003,1,10,160,16.0,144.0,69.0,UPI
ORD01621,2025-12-24,C0400,P030,S002,1,0,180,0.0,180.0,100.0,UPI
ORD01622,2024-08-19,C0312,P048,S007,2,0,900,0.0,900.0,300.0,UPI
ORD01623,2026-05-01,C0259,P037,S003,1,0,650,0.0,650.0,150.0,UPI
ORD01624,2026-01-07,C0279,P006,S002,1,0,650,0.0,650.0,300.0,Debit Card
ORD01625,2025-08-25,C0328,P044,S006,2,0,240,0.0,240.0,100.0,UPI
ORD01626,2024-02-22,C0145,P094,S006,1,0,350,0.0,350.0,180.0,UPI
ORD01627,2026-11-06,C0181,P072,S004,2,15,240,36.0,204.0,84.0,UPI
ORD01628,2024-11-03,C0240,P049,S004,5,0,150,0.0,150.0,75.0,UPI
ORD01629,2025-04-04,C0380,P093,S008,2,20,900,180.0,720.0,220.0,Debit Card
ORD01630,2024-09-05,C0071,P066,S004,3,5,900,45.0,855.0,315.0,UPI
ORD01631,2026-12-10,C0332,P048,S005,1,0,450,0.0,450.0,150.0,Credit Card
ORD01632,2025-11-04,C0118,P096,S004,3,0,1500,0.0,1500.0,720.0,Credit Card
ORD01633,2024-08-24,C0277,P067,S007,2,0,900,0.0,900.0,340.0,Wallet
ORD01634,2024-06-12,C0148,P037,S005,1,5,650,32.5,617.5,117.5,Wallet
ORD01635,2025-04-16,C0141,P054,S005,1,0,110,0.0,110.0,45.0,Credit Card
ORD01636,2024-09-13,C0066,P067,S007,4,0,1800,0.0,1800.0,680.0,Wallet
ORD01637,2024-10-09,C0128,P053,S007,3,0,360,0.0,360.0,150.0,UPI
ORD01638,2026-10-31,C0378,P046,S007,2,5,800,40.0,760.0,240.0,Debit Card
ORD01639,2026-07-18,C0324,P086,S007,1,0,1500,0.0,1500.0,600.0,UPI
ORD01640,2026-08-20,C0089,P037,S006,2,0,1300,0.0,1300.0,300.0,UPI
ORD01641,2024-12-07,C0144,P037,S005,1,15,650,97.5,552.5,52.5,Wallet
ORD01642,2025-12-29,C0208,P086,S008,2,10,3000,300.0,2700.0,900.0,UPI
ORD01643,2025-11-20,C0361,P087,S006,2,20,1400,280.0,1120.0,320.0,UPI
ORD01644,2025-12-27,C0189,P071,S003,4,5,720,36.0,684.0,284.0,Debit Card
ORD01645,2026-09-04,C0143,P044,S004,2,10,240,24.0,216.0,76.0,Debit Card
ORD01646,2026-10-01,C0168,P057,S008,2,0,280,0.0,280.0,120.0,Debit Card
ORD01647,2026-06-17,C0057,P047,S005,1,10,250,25.0,225.0,75.0,UPI
ORD01648,2025-04-20,C0176,P070,S001,1,0,300,0.0,300.0,130.0,Credit Card
ORD01649,2026-11-06,C0079,P096,S005,1,0,500,0.0,500.0,240.0,UPI
ORD01650,2024-10-27,C0109,P022,S004,1,0,1500,0.0,1500.0,550.0,Cash
ORD01651,2025-12-12,C0002,P027,S002,1,0,450,0.0,450.0,210.0,Credit Card
ORD01652,2025-08-13,C0294,P075,S002,4,0,1200,0.0,1200.0,520.0,Credit Card
ORD01653,2025-04-19,C0269,P019,S001,2,0,1800,0.0,1800.0,800.0,UPI
ORD01654,2024-10-06,C0371,P068,S005,4,5,1000,50.0,950.0,390.0,Debit Card
ORD01655,2024-02-22,C0189,P008,S003,1,0,600,0.0,600.0,280.0,Wallet
ORD01656,2026-06-30,C0373,P046,S007,2,10,800,80.0,720.0,200.0,UPI
ORD01657,2024-09-02,C0052,P015,S003,1,0,350,0.0,350.0,170.0,UPI
ORD01658,2025-07-24,C0363,P074,S007,2,0,1700,0.0,1700.0,500.0,UPI
ORD01659,2025-03-31,C0317,P001,S008,2,0,2400,0.0,2400.0,900.0,Credit Card
ORD01660,2026-11-16,C0367,P026,S002,1,10,160,16.0,144.0,69.0,Cash
ORD01661,2024-07-24,C0318,P006,S005,4,10,2600,260.0,2340.0,940.0,UPI
ORD01662,2024-03-13,C0227,P073,S008,4,5,3600,180.0,3420.0,820.0,UPI
ORD01663,2025-03-26,C0313,P050,S006,2,0,300,0.0,300.0,120.0,UPI
ORD01664,2026-10-14,C0248,P066,S006,1,15,300,45.0,255.0,75.0,Wallet
ORD01665,2025-03-14,C0182,P084,S005,1,0,180,0.0,180.0,90.0,Credit Card
ORD01666,2024-12-28,C0280,P026,S003,1,0,160,0.0,160.0,85.0,Credit Card
ORD01667,2026-09-18,C0390,P056,S007,2,20,120,24.0,96.0,26.0,Cash
ORD01668,2025-08-21,C0206,P084,S007,2,5,360,18.0,342.0,162.0,Debit Card
ORD01669,2026-09-12,C0283,P060,S006,1,0,70,0.0,70.0,30.0,Wallet
ORD01670,2025-08-11,C0335,P086,S006,1,0,1500,0.0,1500.0,600.0,UPI
ORD01671,2024-12-26,C0366,P046,S004,1,0,400,0.0,400.0,140.0,Debit Card
ORD01672,2026-09-17,C0050,P063,S004,3,15,360,54.0,306.0,96.0,Credit Card
ORD01673,2024-02-29,C0303,P059,S007,1,5,100,5.0,95.0,40.0,Cash
ORD01674,2024-05-04,C0108,P065,S005,2,0,280,0.0,280.0,140.0,Debit Card
ORD01675,2026-06-24,C0305,P046,S005,1,0,400,0.0,400.0,140.0,UPI
ORD01676,2025-03-24,C0361,P047,S006,1,10,250,25.0,225.0,75.0,UPI
ORD01677,2024-12-07,C0357,P048,S003,3,0,1350,0.0,1350.0,450.0,Wallet
ORD01678,2024-09-21,C0328,P059,S006,2,0,200,0.0,200.0,90.0,Debit Card
ORD01679,2024-07-03,C0339,P072,S002,3,0,360,0.0,360.0,180.0,UPI
ORD01680,2024-05-09,C0388,P062,S002,2,5,560,28.0,532.0,212.0,UPI
ORD01681,2024-11-17,C0361,P027,S006,1,10,450,45.0,405.0,165.0,UPI
ORD01682,2026-02-04,C0161,P013,S003,1,0,500,0.0,500.0,220.0,Debit Card
ORD01683,2024-03-14,C0318,P095,S005,3,10,1800,180.0,1620.0,660.0,Credit Card
ORD01684,2026-09-20,C0365,P047,S006,1,0,250,0.0,250.0,100.0,UPI
ORD01685,2025-05-21,C0239,P053,S008,1,10,120,12.0,108.0,38.0,Cash
ORD01686,2026-03-31,C0341,P037,S005,1,10,650,65.0,585.0,85.0,UPI
ORD01687,2024-05-31,C0069,P011,S001,2,10,5000,500.0,4500.0,1100.0,Debit Card
ORD01688,2024-12-15,C0178,P011,S008,3,0,7500,0.0,7500.0,2400.0,Credit Card
ORD01689,2025-10-24,C0053,P028,S002,2,0,700,0.0,700.0,340.0,Credit Card
ORD01690,2026-08-23,C0234,P008,S001,1,0,600,0.0,600.0,280.0,UPI
ORD01691,2025-07-24,C0046,P042,S002,2,15,180,27.0,153.0,43.0,Credit Card
ORD01692,2024-02-05,C0311,P029,S003,5,10,3250,325.0,2925.0,1025.0,Wallet
ORD01693,2024-08-09,C0176,P068,S001,2,5,500,25.0,475.0,195.0,UPI
ORD01694,2026-07-04,C0130,P067,S006,1,5,450,22.5,427.5,147.5,Debit Card
ORD01695,2024-06-20,C0290,P033,S008,1,0,280,0.0,280.0,140.0,Cash
ORD01696,2025-05-26,C0119,P038,S004,1,0,300,0.0,300.0,80.0,Cash
ORD01697,2025-04-21,C0164,P037,S001,1,5,650,32.5,617.5,117.5,Credit Card
ORD01698,2024-12-28,C0337,P067,S007,2,0,900,0.0,900.0,340.0,UPI
ORD01699,2026-09-27,C0235,P055,S005,2,0,180,0.0,180.0,80.0,Debit Card
ORD01700,2026-09-16,C0163,P035,S005,2,15,600,90.0,510.0,210.0,Wallet
ORD01701,2024-08-03,C0132,P010,S007,1,0,250,0.0,250.0,140.0,UPI
ORD01702,2026-11-30,C0331,P009,S003,1,0,800,0.0,800.0,350.0,Wallet
ORD01703,2026-05-18,C0111,P009,S008,2,5,1600,80.0,1520.0,620.0,Credit Card
ORD01704,2026-05-06,C0254,P021,S005,1,0,1000,0.0,1000.0,400.0,Credit Card
ORD01705,2025-07-09,C0336,P025,S002,2,5,440,22.0,418.0,198.0,UPI
ORD01706,2024-10-16,C0292,P058,S003,2,10,80,8.0,72.0,28.0,Wallet
ORD01707,2025-05-29,C0338,P045,S006,2,0,700,0.0,700.0,260.0,UPI
ORD01708,2024-12-31,C0192,P070,S002,3,0,900,0.0,900.0,390.0,Credit Card
ORD01709,2024-05-17,C0230,P024,S002,5,0,900,0.0,900.0,475.0,Debit Card
ORD01710,2024-07-11,C0093,P030,S008,2,0,360,0.0,360.0,200.0,UPI
ORD01711,2024-12-21,C0313,P038,S006,2,0,600,0.0,600.0,160.0,Debit Card
ORD01712,2025-07-16,C0022,P094,S003,1,15,350,52.5,297.5,127.5,Credit Card
ORD01713,2026-01-22,C0133,P072,S008,2,0,240,0.0,240.0,120.0,UPI
ORD01714,2025-02-18,C0374,P046,S003,1,0,400,0.0,400.0,140.0,Debit Card
ORD01715,2025-06-22,C0369,P032,S001,2,0,400,0.0,400.0,210.0,Credit Card
ORD01716,2026-02-23,C0359,P049,S002,1,10,30,3.0,27.0,12.0,Credit Card
ORD01717,2026-08-27,C0212,P036,S005,1,0,200,0.0,200.0,110.0,UPI
ORD01718,2024-11-30,C0338,P036,S006,3,0,600,0.0,600.0,330.0,Cash
ORD01719,2026-11-13,C0297,P002,S002,1,5,900,45.0,855.0,335.0,UPI
ORD01720,2025-05-08,C0026,P068,S003,2,0,500,0.0,500.0,220.0,UPI
ORD01721,2025-09-30,C0253,P040,S002,3,0,165,0.0,165.0,39.0,UPI
ORD01722,2025-03-14,C0208,P058,S008,4,15,160,24.0,136.0,48.0,Cash
ORD01723,2026-06-14,C0065,P066,S005,2,5,600,30.0,570.0,210.0,Debit Card
ORD01724,2026-06-10,C0131,P052,S008,2,0,100,0.0,100.0,40.0,Cash
ORD01725,2025-12-09,C0153,P081,S004,1,5,200,10.0,190.0,70.0,Wallet
ORD01726,2026-02-22,C0124,P093,S005,1,15,450,67.5,382.5,132.5,Wallet
ORD01727,2026-01-09,C0210,P030,S003,2,0,360,0.0,360.0,200.0,UPI
ORD01728,2026-01-25,C0092,P012,S004,4,5,720,36.0,684.0,364.0,UPI
ORD01729,2025-07-17,C0328,P033,S006,2,0,560,0.0,560.0,280.0,Wallet
ORD01730,2025-07-15,C0113,P067,S007,2,20,900,180.0,720.0,160.0,Cash
ORD01731,2026-08-22,C0139,P076,S006,5,5,1250,62.5,1187.5,587.5,Credit Card
ORD01732,2024-07-31,C0121,P042,S002,1,0,90,0.0,90.0,35.0,Cash
ORD01733,2024-12-28,C0074,P019,S004,1,0,900,0.0,900.0,400.0,Cash
ORD01734,2024-05-07,C0202,P006,S008,1,15,650,97.5,552.5,202.5,UPI
ORD01735,2024-02-04,C0134,P079,S005,1,10,500,50.0,450.0,170.0,Cash
ORD01736,2024-12-12,C0233,P091,S004,2,15,500,75.0,425.0,205.0,Credit Card
ORD01737,2026-04-05,C0362,P096,S003,1,10,500,50.0,450.0,190.0,UPI
ORD01738,2026-11-04,C0022,P030,S003,1,0,180,0.0,180.0,100.0,UPI
ORD01739,2026-11-01,C0331,P034,S003,2,10,500,50.0,450.0,210.0,Wallet
ORD01740,2025-11-29,C0021,P031,S008,2,10,240,24.0,216.0,116.0,Credit Card
ORD01741,2024-08-26,C0209,P040,S006,4,0,220,0.0,220.0,52.0,UPI
ORD01742,2024-02-11,C0208,P036,S008,3,10,600,60.0,540.0,270.0,UPI
ORD01743,2024-06-15,C0271,P039,S007,3,15,540,81.0,459.0,39.0,UPI
ORD01744,2025-01-26,C0321,P059,S002,2,10,200,20.0,180.0,70.0,UPI
ORD01745,2025-08-10,C0095,P044,S007,1,0,120,0.0,120.0,50.0,UPI
ORD01746,2025-01-20,C0371,P033,S005,1,0,280,0.0,280.0,140.0,Wallet
ORD01747,2026-06-19,C0245,P031,S007,1,5,120,6.0,114.0,64.0,Credit Card
ORD01748,2026-12-07,C0239,P044,S008,2,10,240,24.0,216.0,76.0,UPI
ORD01749,2026-02-28,C0122,P069,S001,1,5,220,11.0,209.0,89.0,Wallet
ORD01750,2025-08-14,C0083,P046,S006,1,10,400,40.0,360.0,100.0,Credit Card
ORD01751,2025-07-04,C0119,P065,S004,1,10,140,14.0,126.0,56.0,UPI
ORD01752,2024-03-05,C0322,P040,S001,4,5,220,11.0,209.0,41.0,Debit Card
ORD01753,2026-08-14,C0227,P041,S008,2,0,60,0.0,60.0,20.0,UPI
ORD01754,2024-03-10,C0167,P057,S008,1,0,140,0.0,140.0,60.0,UPI
ORD01755,2024-11-21,C0302,P091,S001,1,5,250,12.5,237.5,127.5,UPI
ORD01756,2025-09-19,C0263,P096,S006,1,5,500,25.0,475.0,215.0,Debit Card
ORD01757,2026-07-23,C0163,P040,S005,2,10,110,11.0,99.0,15.0,Debit Card
ORD01758,2025-05-13,C0340,P037,S005,1,0,650,0.0,650.0,150.0,UPI
ORD01759,2025-09-06,C0154,P058,S007,1,15,40,6.0,34.0,12.0,UPI
ORD01760,2026-11-24,C0148,P089,S005,3,20,2400,480.0,1920.0,570.0,Credit Card
ORD01761,2026-11-08,C0153,P007,S004,3,20,1350,270.0,1080.0,420.0,Wallet
ORD01762,2024-11-12,C0158,P025,S005,3,0,660,0.0,660.0,330.0,UPI
ORD01763,2024-10-16,C0170,P065,S008,2,0,280,0.0,280.0,140.0,UPI
ORD01764,2024-12-18,C0371,P020,S005,1,0,750,0.0,750.0,330.0,UPI
ORD01765,2025-05-16,C0158,P011,S005,1,5,2500,125.0,2375.0,675.0,Debit Card
ORD01766,2024-11-22,C0055,P001,S002,2,10,2400,240.0,2160.0,660.0,Debit Card
ORD01767,2026-02-09,C0166,P086,S001,3,10,4500,450.0,4050.0,1350.0,Debit Card
ORD01768,2024-09-20,C0332,P009,S005,1,15,800,120.0,680.0,230.0,UPI
ORD01769,2025-08-02,C0015,P035,S004,3,10,900,90.0,810.0,360.0,Credit Card
ORD01770,2024-05-26,C0092,P042,S004,1,10,90,9.0,81.0,26.0,Wallet
ORD01771,2024-12-30,C0079,P006,S005,1,0,650,0.0,650.0,300.0,Cash
ORD01772,2026-03-26,C0139,P057,S006,4,5,560,28.0,532.0,212.0,UPI
ORD01773,2025-03-08,C0016,P025,S001,1,0,220,0.0,220.0,110.0,UPI
ORD01774,2024-11-04,C0111,P024,S008,1,10,180,18.0,162.0,77.0,UPI
ORD01775,2026-05-13,C0397,P086,S008,1,0,1500,0.0,1500.0,600.0,Credit Card
ORD01776,2024-06-18,C0166,P016,S001,1,10,650,65.0,585.0,225.0,Debit Card
ORD01777,2024-01-26,C0127,P045,S007,1,0,350,0.0,350.0,130.0,Credit Card
ORD01778,2024-01-24,C0180,P050,S008,2,20,300,60.0,240.0,60.0,Credit Card
ORD01779,2025-09-12,C0058,P068,S006,1,10,250,25.0,225.0,85.0,UPI
ORD01780,2026-07-11,C0280,P067,S003,2,10,900,90.0,810.0,250.0,Debit Card
ORD01781,2026-01-17,C0189,P082,S003,1,0,280,0.0,280.0,130.0,Credit Card
ORD01782,2024-06-12,C0353,P070,S002,1,0,300,0.0,300.0,130.0,Wallet
ORD01783,2025-02-08,C0060,P052,S003,2,5,100,5.0,95.0,35.0,Cash
ORD01784,2026-08-09,C0129,P046,S008,1,0,400,0.0,400.0,140.0,Credit Card
ORD01785,2026-01-26,C0105,P039,S002,1,0,180,0.0,180.0,40.0,UPI
ORD01786,2025-07-01,C0076,P068,S005,1,0,250,0.0,250.0,110.0,UPI
ORD01787,2024-03-13,C0257,P036,S004,2,0,400,0.0,400.0,220.0,UPI
ORD01788,2025-05-24,C0084,P061,S006,1,5,350,17.5,332.5,132.5,UPI
ORD01789,2026-10-07,C0386,P023,S006,1,20,220,44.0,176.0,76.0,Debit Card
ORD01790,2026-12-08,C0121,P027,S002,1,0,450,0.0,450.0,210.0,UPI
ORD01791,2024-07-26,C0103,P059,S004,1,20,100,20.0,80.0,25.0,UPI
ORD01792,2025-09-10,C0297,P085,S002,1,0,1200,0.0,1200.0,500.0,Wallet
ORD01793,2024-06-11,C0210,P035,S003,3,0,900,0.0,900.0,450.0,UPI
ORD01794,2025-06-18,C0389,P029,S006,5,5,3250,162.5,3087.5,1187.5,Credit Card
ORD01795,2024-04-10,C0270,P063,S005,1,5,120,6.0,114.0,44.0,Debit Card
ORD01796,2025-01-15,C0173,P039,S008,1,10,180,18.0,162.0,22.0,Credit Card
ORD01797,2025-08-06,C0160,P093,S007,1,0,450,0.0,450.0,200.0,UPI
ORD01798,2024-09-22,C0087,P044,S005,1,5,120,6.0,114.0,44.0,Debit Card
ORD01799,2024-07-17,C0216,P058,S004,1,0,40,0.0,40.0,18.0,UPI
ORD01800,2025-08-12,C0221,P009,S004,2,5,1600,80.0,1520.0,620.0,Credit Card
ORD01801,2025-11-04,C0316,P041,S003,2,5,60,3.0,57.0,17.0,UPI
ORD01802,2026-06-29,C0116,P036,S002,1,15,200,30.0,170.0,80.0,Credit Card
ORD01803,2024-12-14,C0292,P038,S003,1,0,300,0.0,300.0,80.0,Cash
ORD01804,2026-09-23,C0198,P086,S001,2,0,3000,0.0,3000.0,1200.0,UPI
ORD01805,2026-01-26,C0383,P091,S008,1,10,250,25.0,225.0,115.0,Credit Card
ORD01806,2024-11-15,C0319,P040,S007,1,0,55,0.0,55.0,13.0,Credit Card
ORD01807,2024-02-17,C0075,P095,S001,3,0,1800,0.0,1800.0,840.0,Debit Card
ORD01808,2026-02-07,C0050,P093,S004,4,0,1800,0.0,1800.0,800.0,Credit Card
ORD01809,2024-07-17,C0225,P081,S003,1,0,200,0.0,200.0,80.0,UPI
ORD01810,2024-11-21,C0030,P030,S002,5,20,900,180.0,720.0,320.0,Credit Card
ORD01811,2025-03-21,C0373,P043,S007,1,5,280,14.0,266.0,96.0,UPI
ORD01812,2024-08-04,C0311,P043,S003,2,10,560,56.0,504.0,164.0,Debit Card
ORD01813,2026-10-25,C0192,P049,S002,1,15,30,4.5,25.5,10.5,Credit Card
ORD01814,2026-07-09,C0029,P047,S006,1,15,250,37.5,212.5,62.5,Credit Card
ORD01815,2025-11-15,C0162,P003,S005,2,10,700,70.0,630.0,270.0,UPI
ORD01816,2026-05-06,C0330,P056,S003,5,0,300,0.0,300.0,125.0,Debit Card
ORD01817,2024-10-10,C0041,P050,S007,2,0,300,0.0,300.0,120.0,Credit Card
ORD01818,2024-02-16,C0238,P040,S007,1,0,55,0.0,55.0,13.0,Credit Card
ORD01819,2024-07-05,C0201,P039,S004,4,0,720,0.0,720.0,160.0,Credit Card
ORD01820,2026-03-08,C0338,P064,S006,2,15,160,24.0,136.0,66.0,Cash
ORD01821,2026-01-25,C0350,P023,S004,2,0,440,0.0,440.0,240.0,Credit Card
ORD01822,2025-02-13,C0274,P072,S007,1,0,120,0.0,120.0,60.0,Cash
ORD01823,2026-08-02,C0293,P031,S007,2,10,240,24.0,216.0,116.0,Credit Card
ORD01824,2024-12-28,C0109,P031,S004,2,0,240,0.0,240.0,140.0,Credit Card
ORD01825,2024-11-22,C0332,P031,S005,2,0,240,0.0,240.0,140.0,Debit Card
ORD01826,2026-04-12,C0344,P060,S007,3,20,210,42.0,168.0,48.0,Cash
ORD01827,2026-05-04,C0344,P002,S007,4,15,3600,540.0,3060.0,980.0,Credit Card
ORD01828,2026-12-29,C0328,P063,S006,1,10,120,12.0,108.0,38.0,UPI
ORD01829,2024-03-22,C0173,P063,S008,1,10,120,12.0,108.0,38.0,Credit Card
ORD01830,2026-05-27,C0169,P051,S006,3,0,480,0.0,480.0,195.0,Cash
ORD01831,2024-08-16,C0335,P072,S006,2,0,240,0.0,240.0,120.0,Debit Card
ORD01832,2025-05-12,C0231,P023,S001,3,0,660,0.0,660.0,360.0,UPI
ORD01833,2024-05-31,C0334,P057,S005,2,10,280,28.0,252.0,92.0,Debit Card
ORD01834,2025-12-02,C0142,P062,S002,1,10,280,28.0,252.0,92.0,Debit Card
ORD01835,2024-03-14,C0099,P053,S006,3,0,360,0.0,360.0,150.0,UPI
ORD01836,2026-01-29,C0359,P025,S002,2,10,440,44.0,396.0,176.0,UPI
ORD01837,2025-09-16,C0195,P064,S002,2,0,160,0.0,160.0,90.0,UPI
ORD01838,2024-09-20,C0300,P065,S004,1,0,140,0.0,140.0,70.0,UPI
ORD01839,2024-02-27,C0381,P052,S002,3,5,150,7.5,142.5,52.5,UPI
ORD01840,2026-01-15,C0030,P009,S002,2,10,1600,160.0,1440.0,540.0,Wallet
ORD01841,2024-12-14,C0176,P042,S001,2,5,180,9.0,171.0,61.0,Credit Card
ORD01842,2026-02-13,C0026,P041,S003,3,5,90,4.5,85.5,25.5,UPI
ORD01843,2024-12-25,C0310,P042,S002,1,10,90,9.0,81.0,26.0,UPI
ORD01844,2025-02-26,C0112,P033,S007,1,0,280,0.0,280.0,140.0,Debit Card
ORD01845,2025-02-07,C0265,P064,S002,1,5,80,4.0,76.0,41.0,Wallet
ORD01846,2026-12-09,C0115,P091,S006,2,0,500,0.0,500.0,280.0,UPI
ORD01847,2025-11-05,C0299,P059,S005,1,20,100,20.0,80.0,25.0,Cash
ORD01848,2024-06-11,C0039,P040,S003,5,0,275,0.0,275.0,65.0,Credit Card
ORD01849,2025-06-08,C0314,P033,S006,3,0,840,0.0,840.0,420.0,Wallet
ORD01850,2025-04-12,C0333,P080,S006,2,5,3600,180.0,3420.0,1020.0,UPI
ORD01851,2025-07-22,C0270,P060,S005,1,0,70,0.0,70.0,30.0,Cash
ORD01852,2024-09-28,C0350,P005,S004,2,0,600,0.0,600.0,300.0,UPI
ORD01853,2026-09-04,C0001,P051,S005,2,5,320,16.0,304.0,114.0,Debit Card
ORD01854,2024-05-29,C0384,P030,S003,1,0,180,0.0,180.0,100.0,UPI
ORD01855,2025-03-16,C0005,P033,S005,2,0,560,0.0,560.0,280.0,UPI
ORD01856,2024-08-16,C0092,P045,S004,2,0,700,0.0,700.0,260.0,Debit Card
ORD01857,2026-07-23,C0200,P057,S003,5,0,700,0.0,700.0,300.0,Credit Card
ORD01858,2024-12-27,C0152,P026,S004,2,0,320,0.0,320.0,170.0,Debit Card
ORD01859,2026-12-25,C0069,P029,S001,1,5,650,32.5,617.5,237.5,UPI
ORD01860,2025-01-08,C0131,P038,S008,2,0,600,0.0,600.0,160.0,Wallet
ORD01861,2024-11-25,C0261,P042,S007,2,0,180,0.0,180.0,70.0,Cash
ORD01862,2025-01-09,C0386,P043,S006,1,0,280,0.0,280.0,110.0,UPI
ORD01863,2025-09-17,C0224,P035,S007,1,5,300,15.0,285.0,135.0,UPI
ORD01864,2025-03-06,C0206,P028,S007,2,0,700,0.0,700.0,340.0,UPI
ORD01865,2024-12-17,C0132,P067,S007,2,0,900,0.0,900.0,340.0,Wallet
ORD01866,2026-05-03,C0385,P085,S001,3,0,3600,0.0,3600.0,1500.0,Wallet
ORD01867,2025-09-13,C0249,P044,S007,1,0,120,0.0,120.0,50.0,Debit Card
ORD01868,2025-10-07,C0040,P066,S007,1,0,300,0.0,300.0,120.0,Credit Card
ORD01869,2026-04-07,C0210,P068,S003,1,0,250,0.0,250.0,110.0,Debit Card
ORD01870,2026-07-24,C0165,P014,S001,3,0,2100,0.0,2100.0,960.0,Debit Card
ORD01871,2025-06-08,C0370,P036,S004,1,0,200,0.0,200.0,110.0,UPI
ORD01872,2025-10-29,C0373,P066,S007,2,10,600,60.0,540.0,180.0,Credit Card
ORD01873,2025-07-15,C0326,P048,S001,1,0,450,0.0,450.0,150.0,UPI
ORD01874,2026-08-20,C0201,P048,S004,4,15,1800,270.0,1530.0,330.0,Debit Card
ORD01875,2026-09-24,C0383,P043,S008,1,20,280,56.0,224.0,54.0,Credit Card
ORD01876,2024-04-24,C0361,P002,S006,2,0,1800,0.0,1800.0,760.0,UPI
ORD01877,2024-08-15,C0171,P089,S001,2,15,1600,240.0,1360.0,460.0,UPI
ORD01878,2026-04-27,C0236,P086,S001,3,15,4500,675.0,3825.0,1125.0,Credit Card
ORD01879,2024-06-29,C0219,P052,S007,1,0,50,0.0,50.0,20.0,Credit Card
ORD01880,2026-12-23,C0299,P049,S005,2,0,60,0.0,60.0,30.0,Debit Card
ORD01881,2025-10-04,C0184,P076,S008,1,10,250,25.0,225.0,105.0,Debit Card
ORD01882,2025-10-19,C0309,P029,S005,2,0,1300,0.0,1300.0,540.0,Debit Card
ORD01883,2025-06-06,C0048,P068,S001,2,15,500,75.0,425.0,145.0,UPI
ORD01884,2026-05-25,C0196,P049,S002,1,5,30,1.5,28.5,13.5,UPI
ORD01885,2026-11-15,C0067,P048,S005,2,20,900,180.0,720.0,120.0,Wallet
ORD01886,2025-10-31,C0207,P082,S001,2,5,560,28.0,532.0,232.0,Debit Card
ORD01887,2024-07-07,C0200,P069,S003,5,10,1100,110.0,990.0,390.0,Credit Card
ORD01888,2024-06-28,C0127,P063,S007,2,5,240,12.0,228.0,88.0,Debit Card
ORD01889,2024-05-29,C0200,P033,S003,3,0,840,0.0,840.0,420.0,UPI
ORD01890,2024-11-07,C0217,P040,S002,1,5,55,2.75,52.25,10.25,UPI
ORD01891,2026-06-04,C0033,P045,S004,3,0,1050,0.0,1050.0,390.0,UPI
ORD01892,2026-03-09,C0115,P055,S006,1,0,90,0.0,90.0,40.0,Credit Card
ORD01893,2025-04-01,C0357,P031,S003,2,10,240,24.0,216.0,116.0,Credit Card
ORD01894,2025-02-14,C0371,P058,S005,3,5,120,6.0,114.0,48.0,UPI
ORD01895,2024-10-19,C0209,P080,S006,1,0,1800,0.0,1800.0,600.0,UPI
ORD01896,2024-03-21,C0134,P053,S005,3,5,360,18.0,342.0,132.0,Wallet
ORD01897,2025-10-07,C0190,P035,S006,2,0,600,0.0,600.0,300.0,UPI
ORD01898,2025-04-22,C0011,P085,S002,4,0,4800,0.0,4800.0,2000.0,UPI
ORD01899,2026-06-19,C0263,P021,S006,1,15,1000,150.0,850.0,250.0,UPI
ORD01900,2025-03-03,C0148,P077,S005,1,0,220,0.0,220.0,120.0,UPI
ORD01901,2026-02-18,C0175,P034,S003,2,0,500,0.0,500.0,260.0,Wallet
ORD01902,2026-10-27,C0207,P042,S001,1,5,90,4.5,85.5,30.5,Credit Card
ORD01903,2025-10-10,C0149,P068,S001,1,0,250,0.0,250.0,110.0,Credit Card
ORD01904,2026-11-28,C0069,P047,S001,1,0,250,0.0,250.0,100.0,Credit Card
ORD01905,2024-07-23,C0385,P095,S001,1,15,600,90.0,510.0,190.0,Cash
ORD01906,2025-09-07,C0072,P037,S007,1,10,650,65.0,585.0,85.0,Debit Card
ORD01907,2026-08-23,C0341,P072,S005,1,20,120,24.0,96.0,36.0,Debit Card
ORD01908,2024-04-02,C0166,P086,S001,1,0,1500,0.0,1500.0,600.0,Credit Card
ORD01909,2024-11-30,C0298,P016,S002,3,0,1950,0.0,1950.0,870.0,Cash
ORD01910,2025-08-23,C0301,P081,S005,1,0,200,0.0,200.0,80.0,UPI
ORD01911,2026-11-28,C0234,P019,S001,2,10,1800,180.0,1620.0,620.0,UPI
ORD01912,2024-08-12,C0304,P081,S008,3,0,600,0.0,600.0,240.0,UPI
ORD01913,2026-02-03,C0186,P040,S006,4,0,220,0.0,220.0,52.0,UPI
ORD01914,2025-11-30,C0389,P067,S006,1,15,450,67.5,382.5,102.5,Wallet
ORD01915,2026-02-11,C0241,P010,S008,3,10,750,75.0,675.0,345.0,UPI
ORD01916,2025-12-15,C0308,P020,S007,1,20,750,150.0,600.0,180.0,UPI
ORD01917,2026-04-30,C0108,P044,S005,3,5,360,18.0,342.0,132.0,UPI
ORD01918,2024-01-02,C0382,P049,S006,1,5,30,1.5,28.5,13.5,Wallet
ORD01919,2026-01-18,C0010,P023,S004,4,10,880,88.0,792.0,392.0,UPI
ORD01920,2025-02-05,C0101,P045,S005,1,5,350,17.5,332.5,112.5,Cash
ORD01921,2024-06-17,C0024,P023,S002,2,10,440,44.0,396.0,196.0,UPI
ORD01922,2025-05-26,C0001,P057,S005,1,0,140,0.0,140.0,60.0,Debit Card
ORD01923,2026-08-04,C0095,P036,S007,2,5,400,20.0,380.0,200.0,Credit Card
ORD01924,2024-09-26,C0038,P076,S004,1,0,250,0.0,250.0,130.0,UPI
ORD01925,2024-03-11,C0160,P069,S007,2,10,440,44.0,396.0,156.0,Debit Card
ORD01926,2025-01-08,C0010,P068,S004,1,5,250,12.5,237.5,97.5,Cash
ORD01927,2026-03-23,C0190,P032,S006,1,5,200,10.0,190.0,95.0,Credit Card
ORD01928,2026-04-10,C0184,P046,S008,2,0,800,0.0,800.0,280.0,Debit Card
ORD01929,2024-08-29,C0247,P043,S004,2,10,560,56.0,504.0,164.0,Credit Card
ORD01930,2025-01-16,C0296,P031,S003,1,10,120,12.0,108.0,58.0,Credit Card
ORD01931,2024-07-16,C0110,P048,S001,2,0,900,0.0,900.0,300.0,Credit Card
ORD01932,2026-01-18,C0170,P006,S008,1,0,650,0.0,650.0,300.0,Credit Card
ORD01933,2026-07-25,C0111,P009,S008,3,0,2400,0.0,2400.0,1050.0,Debit Card
ORD01934,2025-12-12,C0244,P013,S005,1,20,500,100.0,400.0,120.0,UPI
ORD01935,2026-12-05,C0227,P078,S008,1,10,350,35.0,315.0,135.0,UPI
ORD01936,2025-12-25,C0209,P005,S006,3,5,900,45.0,855.0,405.0,Credit Card
ORD01937,2026-12-27,C0155,P012,S002,1,15,180,27.0,153.0,73.0,Credit Card
ORD01938,2024-07-24,C0219,P040,S007,2,5,110,5.5,104.5,20.5,Cash
ORD01939,2024-11-07,C0353,P029,S002,4,0,2600,0.0,2600.0,1080.0,UPI
ORD01940,2026-03-31,C0179,P006,S005,1,15,650,97.5,552.5,202.5,Wallet
ORD01941,2026-08-16,C0353,P091,S002,1,10,250,25.0,225.0,115.0,UPI
ORD01942,2025-09-30,C0022,P009,S003,1,10,800,80.0,720.0,270.0,Credit Card
ORD01943,2026-04-20,C0098,P012,S003,1,5,180,9.0,171.0,91.0,UPI
ORD01944,2025-05-11,C0279,P091,S002,1,0,250,0.0,250.0,140.0,Credit Card
ORD01945,2025-05-24,C0054,P051,S002,3,0,480,0.0,480.0,195.0,Wallet
ORD01946,2026-04-02,C0369,P034,S001,1,10,250,25.0,225.0,105.0,Wallet
ORD01947,2026-06-27,C0130,P015,S006,1,0,350,0.0,350.0,170.0,UPI
ORD01948,2026-12-02,C0162,P050,S005,1,5,150,7.5,142.5,52.5,Credit Card
ORD01949,2025-09-03,C0324,P055,S007,3,5,270,13.5,256.5,106.5,Credit Card
ORD01950,2025-11-30,C0239,P016,S008,4,0,2600,0.0,2600.0,1160.0,Cash
ORD01951,2026-08-13,C0289,P027,S006,1,0,450,0.0,450.0,210.0,Debit Card
ORD01952,2026-09-24,C0051,P081,S001,3,0,600,0.0,600.0,240.0,UPI
ORD01953,2026-01-12,C0024,P089,S002,1,10,800,80.0,720.0,270.0,Credit Card
ORD01954,2026-06-04,C0229,P064,S007,1,5,80,4.0,76.0,41.0,Cash
ORD01955,2025-07-18,C0338,P029,S006,4,5,2600,130.0,2470.0,950.0,UPI
ORD01956,2025-05-29,C0182,P054,S005,5,0,550,0.0,550.0,225.0,UPI
ORD01957,2025-05-12,C0064,P070,S005,2,0,600,0.0,600.0,260.0,Credit Card
ORD01958,2026-09-26,C0134,P025,S005,2,10,440,44.0,396.0,176.0,UPI
ORD01959,2026-02-22,C0185,P048,S006,1,0,450,0.0,450.0,150.0,Cash
ORD01960,2024-07-20,C0091,P054,S006,2,0,220,0.0,220.0,90.0,Debit Card
ORD01961,2026-05-13,C0002,P045,S002,3,10,1050,105.0,945.0,285.0,UPI
ORD01962,2026-06-20,C0321,P050,S002,3,5,450,22.5,427.5,157.5,Credit Card
ORD01963,2026-06-03,C0039,P090,S003,2,0,600,0.0,600.0,300.0,Credit Card
ORD01964,2025-11-22,C0104,P008,S003,3,10,1800,180.0,1620.0,660.0,Cash
ORD01965,2025-12-05,C0161,P025,S003,4,0,880,0.0,880.0,440.0,Debit Card
ORD01966,2025-06-22,C0330,P036,S003,3,0,600,0.0,600.0,330.0,Credit Card
ORD01967,2025-10-21,C0134,P075,S005,3,10,900,90.0,810.0,300.0,UPI
ORD01968,2024-07-01,C0246,P045,S007,1,5,350,17.5,332.5,112.5,Debit Card
ORD01969,2025-04-11,C0050,P068,S004,1,0,250,0.0,250.0,110.0,Wallet
ORD01970,2026-04-11,C0120,P010,S004,1,5,250,12.5,237.5,127.5,UPI
ORD01971,2025-06-26,C0080,P041,S002,3,5,90,4.5,85.5,25.5,UPI
ORD01972,2026-01-10,C0146,P039,S005,3,20,540,108.0,432.0,12.0,UPI
ORD01973,2025-09-27,C0270,P020,S005,4,10,3000,300.0,2700.0,1020.0,Credit Card
ORD01974,2024-12-30,C0321,P068,S002,2,0,500,0.0,500.0,220.0,UPI
ORD01975,2026-04-08,C0112,P057,S007,3,0,420,0.0,420.0,180.0,UPI
ORD01976,2024-09-29,C0155,P046,S002,4,0,1600,0.0,1600.0,560.0,Wallet
ORD01977,2025-08-24,C0224,P069,S007,2,20,440,88.0,352.0,112.0,UPI
ORD01978,2024-03-24,C0009,P034,S007,1,0,250,0.0,250.0,130.0,Wallet
ORD01979,2025-04-04,C0080,P008,S002,3,20,1800,360.0,1440.0,480.0,UPI
ORD01980,2025-03-18,C0240,P028,S004,1,0,350,0.0,350.0,170.0,Wallet
ORD01981,2026-09-16,C0074,P080,S004,3,0,5400,0.0,5400.0,1800.0,Credit Card
ORD01982,2026-04-24,C0193,P049,S007,1,5,30,1.5,28.5,13.5,UPI
ORD01983,2026-03-03,C0104,P053,S003,2,10,240,24.0,216.0,76.0,Wallet
ORD01984,2025-06-23,C0269,P072,S001,1,0,120,0.0,120.0,60.0,Wallet
ORD01985,2026-01-01,C0385,P029,S001,1,10,650,65.0,585.0,205.0,UPI
ORD01986,2025-05-20,C0247,P063,S004,3,5,360,18.0,342.0,132.0,UPI
ORD01987,2026-11-05,C0085,P092,S005,2,0,3600,0.0,3600.0,1400.0,Cash
ORD01988,2025-12-14,C0126,P026,S006,2,5,320,16.0,304.0,154.0,Wallet
ORD01989,2024-04-18,C0299,P044,S005,2,0,240,0.0,240.0,100.0,Credit Card
ORD01990,2024-11-27,C0230,P004,S002,2,0,3000,0.0,3000.0,1200.0,UPI
ORD01991,2024-11-15,C0200,P075,S003,1,10,300,30.0,270.0,100.0,Credit Card
ORD01992,2024-02-26,C0287,P090,S002,2,5,600,30.0,570.0,270.0,Debit Card
ORD01993,2026-03-22,C0323,P089,S007,1,5,800,40.0,760.0,310.0,Credit Card
ORD01994,2025-11-07,C0294,P051,S002,3,5,480,24.0,456.0,171.0,Credit Card
ORD01995,2025-10-06,C0015,P069,S004,5,0,1100,0.0,1100.0,500.0,Debit Card
ORD01996,2024-05-25,C0141,P058,S005,2,5,80,4.0,76.0,32.0,Debit Card
ORD01997,2025-05-24,C0343,P062,S007,5,10,1400,140.0,1260.0,460.0,Wallet
ORD01998,2024-03-01,C0386,P064,S006,2,5,160,8.0,152.0,82.0,UPI
ORD01999,2026-04-06,C0120,P005,S004,2,15,600,90.0,510.0,210.0,UPI
ORD02000,2026-08-29,C0010,P040,S004,1,0,55,0.0,55.0,13.0,UPI
ORD02001,2026-05-31,C0309,P046,S005,3,5,1200,60.0,1140.0,360.0,UPI
ORD02002,2025-04-09,C0028,P038,S001,1,5,300,15.0,285.0,65.0,UPI
ORD02003,2024-07-11,C0237,P037,S006,2,0,1300,0.0,1300.0,300.0,Credit Card
ORD02004,2024-05-01,C0354,P090,S008,2,0,600,0.0,600.0,300.0,UPI
ORD02005,2024-01-26,C0358,P090,S006,1,0,300,0.0,300.0,150.0,UPI
ORD02006,2026-02-06,C0036,P085,S001,3,20,3600,720.0,2880.0,780.0,UPI
ORD02007,2025-01-07,C0264,P053,S002,2,20,240,48.0,192.0,52.0,UPI
ORD02008,2024-11-12,C0025,P050,S005,2,15,300,45.0,255.0,75.0,Debit Card
ORD02009,2024-12-29,C0298,P075,S002,3,0,900,0.0,900.0,390.0,Debit Card
ORD02010,2024-09-03,C0167,P092,S008,3,0,5400,0.0,5400.0,2100.0,UPI
ORD02011,2025-01-04,C0275,P046,S002,2,0,800,0.0,800.0,280.0,UPI
ORD02012,2024-11-13,C0022,P027,S003,4,15,1800,270.0,1530.0,570.0,Wallet
ORD02013,2026-03-07,C0004,P043,S004,3,15,840,126.0,714.0,204.0,Debit Card
ORD02014,2025-05-19,C0135,P010,S001,1,0,250,0.0,250.0,140.0,Cash
ORD02015,2026-04-07,C0144,P032,S005,1,0,200,0.0,200.0,105.0,Wallet
ORD02016,2024-07-21,C0383,P037,S008,3,0,1950,0.0,1950.0,450.0,Debit Card
ORD02017,2026-12-25,C0286,P093,S001,3,5,1350,67.5,1282.5,532.5,UPI
ORD02018,2025-02-09,C0305,P014,S005,1,5,700,35.0,665.0,285.0,Credit Card
ORD02019,2026-10-14,C0035,P042,S001,1,5,90,4.5,85.5,30.5,UPI
ORD02020,2025-08-11,C0070,P044,S003,3,10,360,36.0,324.0,114.0,Credit Card
ORD02021,2024-07-01,C0112,P001,S007,1,5,1200,60.0,1140.0,390.0,Wallet
ORD02022,2025-10-04,C0272,P040,S006,2,0,110,0.0,110.0,26.0,UPI
ORD02023,2024-04-17,C0374,P032,S003,3,10,600,60.0,540.0,255.0,Credit Card
ORD02024,2024-12-31,C0214,P043,S005,2,0,560,0.0,560.0,220.0,UPI
ORD02025,2025-01-15,C0019,P047,S005,3,10,750,75.0,675.0,225.0,UPI
ORD02026,2025-02-27,C0059,P030,S002,2,5,360,18.0,342.0,182.0,UPI
ORD02027,2024-08-26,C0317,P040,S008,4,0,220,0.0,220.0,52.0,UPI
ORD02028,2025-11-08,C0086,P069,S003,5,10,1100,110.0,990.0,390.0,UPI
ORD02029,2024-04-01,C0260,P064,S006,1,5,80,4.0,76.0,41.0,Debit Card
ORD02030,2026-05-15,C0389,P029,S006,2,10,1300,130.0,1170.0,410.0,Wallet
ORD02031,2025-07-12,C0206,P030,S007,1,0,180,0.0,180.0,100.0,Cash
ORD02032,2025-01-23,C0049,P040,S007,3,5,165,8.25,156.75,30.75,Credit Card
ORD02033,2026-03-20,C0158,P060,S005,1,10,70,7.0,63.0,23.0,UPI
ORD02034,2024-05-24,C0348,P054,S006,2,0,220,0.0,220.0,90.0,Wallet
ORD02035,2025-01-10,C0376,P040,S002,2,0,110,0.0,110.0,26.0,Debit Card
ORD02036,2026-03-26,C0376,P086,S002,1,0,1500,0.0,1500.0,600.0,Cash
ORD02037,2024-09-01,C0174,P030,S008,1,15,180,27.0,153.0,73.0,UPI
ORD02038,2026-10-16,C0343,P001,S007,2,0,2400,0.0,2400.0,900.0,Credit Card
ORD02039,2024-03-18,C0122,P013,S001,3,0,1500,0.0,1500.0,660.0,Debit Card
ORD02040,2025-05-10,C0330,P061,S003,1,0,350,0.0,350.0,150.0,Debit Card
ORD02041,2024-03-25,C0290,P038,S008,2,5,600,30.0,570.0,130.0,Wallet
ORD02042,2025-10-02,C0014,P061,S004,4,0,1400,0.0,1400.0,600.0,Wallet
ORD02043,2025-12-18,C0353,P096,S002,4,0,2000,0.0,2000.0,960.0,UPI
ORD02044,2026-10-24,C0325,P093,S006,2,0,900,0.0,900.0,400.0,Debit Card
ORD02045,2026-06-21,C0098,P004,S003,1,0,1500,0.0,1500.0,600.0,Credit Card
ORD02046,2024-10-20,C0241,P046,S008,1,0,400,0.0,400.0,140.0,UPI
ORD02047,2024-02-05,C0361,P044,S006,2,0,240,0.0,240.0,100.0,Wallet
ORD02048,2024-10-20,C0008,P038,S005,2,0,600,0.0,600.0,160.0,UPI
ORD02049,2026-03-04,C0103,P008,S004,3,0,1800,0.0,1800.0,840.0,UPI
ORD02050,2024-05-31,C0205,P052,S004,1,10,50,5.0,45.0,15.0,Credit Card
ORD02051,2026-03-01,C0263,P052,S006,1,5,50,2.5,47.5,17.5,Credit Card
ORD02052,2026-10-01,C0351,P066,S007,1,20,300,60.0,240.0,60.0,Credit Card
ORD02053,2024-11-09,C0299,P096,S005,3,0,1500,0.0,1500.0,720.0,UPI
ORD02054,2026-03-06,C0039,P072,S003,5,15,600,90.0,510.0,210.0,UPI
ORD02055,2025-09-06,C0067,P010,S005,1,5,250,12.5,237.5,127.5,Debit Card
ORD02056,2025-04-09,C0030,P042,S002,5,0,450,0.0,450.0,175.0,Debit Card
ORD02057,2026-04-11,C0036,P026,S001,1,0,160,0.0,160.0,85.0,Debit Card
ORD02058,2026-03-06,C0327,P045,S006,2,0,700,0.0,700.0,260.0,Debit Card
ORD02059,2026-12-21,C0285,P020,S006,1,0,750,0.0,750.0,330.0,UPI
ORD02060,2026-01-14,C0158,P073,S005,4,5,3600,180.0,3420.0,820.0,Debit Card
ORD02061,2025-09-20,C0361,P039,S006,1,0,180,0.0,180.0,40.0,UPI
ORD02062,2025-09-07,C0104,P060,S003,4,20,280,56.0,224.0,64.0,Cash
ORD02063,2025-02-12,C0039,P037,S003,1,5,650,32.5,617.5,117.5,UPI
ORD02064,2026-11-25,C0168,P048,S008,4,0,1800,0.0,1800.0,600.0,UPI
ORD02065,2024-12-18,C0341,P060,S005,2,5,140,7.0,133.0,53.0,UPI
ORD02066,2025-02-09,C0113,P046,S007,1,0,400,0.0,400.0,140.0,UPI
ORD02067,2026-09-23,C0297,P070,S002,1,15,300,45.0,255.0,85.0,Credit Card
ORD02068,2024-03-13,C0165,P064,S001,2,10,160,16.0,144.0,74.0,UPI
ORD02069,2024-04-18,C0140,P005,S006,1,0,300,0.0,300.0,150.0,Wallet
ORD02070,2024-11-04,C0368,P039,S003,1,0,180,0.0,180.0,40.0,Debit Card
ORD02071,2026-07-03,C0037,P032,S002,2,10,400,40.0,360.0,170.0,UPI
ORD02072,2024-11-23,C0029,P015,S006,1,0,350,0.0,350.0,170.0,Credit Card
ORD02073,2024-11-20,C0389,P049,S006,2,10,60,6.0,54.0,24.0,UPI
ORD02074,2025-05-25,C0199,P077,S004,5,10,1100,110.0,990.0,490.0,UPI
ORD02075,2024-03-21,C0381,P040,S002,1,0,55,0.0,55.0,13.0,UPI
ORD02076,2024-02-10,C0216,P024,S004,2,20,360,72.0,288.0,118.0,UPI
ORD02077,2025-01-07,C0250,P043,S008,1,0,280,0.0,280.0,110.0,Credit Card
ORD02078,2025-12-05,C0137,P058,S008,5,15,200,30.0,170.0,60.0,UPI
ORD02079,2025-09-06,C0311,P020,S003,2,15,1500,225.0,1275.0,435.0,UPI
ORD02080,2025-02-07,C0221,P096,S004,4,0,2000,0.0,2000.0,960.0,Debit Card
ORD02081,2024-06-19,C0113,P093,S007,1,20,450,90.0,360.0,110.0,Credit Card
ORD02082,2026-05-05,C0319,P057,S007,5,0,700,0.0,700.0,300.0,UPI
ORD02083,2026-12-01,C0338,P043,S006,1,0,280,0.0,280.0,110.0,UPI
ORD02084,2025-09-19,C0391,P054,S006,1,20,110,22.0,88.0,23.0,UPI
ORD02085,2026-07-27,C0189,P036,S003,2,0,400,0.0,400.0,220.0,UPI
ORD02086,2024-01-22,C0290,P079,S008,2,0,1000,0.0,1000.0,440.0,UPI
ORD02087,2026-02-17,C0334,P090,S005,1,10,300,30.0,270.0,120.0,UPI
ORD02088,2026-01-21,C0011,P046,S002,3,15,1200,180.0,1020.0,240.0,Debit Card
ORD02089,2025-11-14,C0116,P043,S002,2,5,560,28.0,532.0,192.0,Credit Card
ORD02090,2026-07-10,C0050,P035,S004,4,0,1200,0.0,1200.0,600.0,Debit Card
ORD02091,2026-11-08,C0165,P025,S001,1,0,220,0.0,220.0,110.0,Debit Card
ORD02092,2024-12-28,C0130,P026,S006,1,10,160,16.0,144.0,69.0,Debit Card
ORD02093,2024-01-20,C0157,P081,S001,2,10,400,40.0,360.0,120.0,UPI
ORD02094,2024-05-24,C0250,P094,S008,1,5,350,17.5,332.5,162.5,Cash
ORD02095,2025-11-08,C0204,P046,S005,1,0,400,0.0,400.0,140.0,Debit Card
ORD02096,2024-06-15,C0089,P035,S006,1,10,300,30.0,270.0,120.0,UPI
ORD02097,2025-04-22,C0082,P047,S001,1,10,250,25.0,225.0,75.0,UPI
ORD02098,2025-01-29,C0256,P054,S006,2,0,220,0.0,220.0,90.0,Wallet
ORD02099,2025-01-16,C0148,P058,S005,2,10,80,8.0,72.0,28.0,Credit Card
ORD02100,2026-06-25,C0217,P079,S002,1,0,500,0.0,500.0,220.0,UPI
ORD02101,2024-10-21,C0085,P031,S005,2,0,240,0.0,240.0,140.0,UPI
ORD02102,2025-01-20,C0239,P067,S008,1,0,450,0.0,450.0,170.0,Wallet
ORD02103,2025-08-30,C0398,P015,S004,2,5,700,35.0,665.0,305.0,UPI
ORD02104,2025-12-07,C0131,P046,S008,2,10,800,80.0,720.0,200.0,Wallet
ORD02105,2024-10-09,C0067,P035,S005,2,15,600,90.0,510.0,210.0,UPI
ORD02106,2026-05-30,C0090,P066,S008,1,10,300,30.0,270.0,90.0,Debit Card
ORD02107,2024-06-29,C0299,P009,S005,1,10,800,80.0,720.0,270.0,Wallet
ORD02108,2024-05-14,C0044,P053,S003,2,10,240,24.0,216.0,76.0,UPI
ORD02109,2026-09-10,C0030,P038,S002,1,0,300,0.0,300.0,80.0,Credit Card
ORD02110,2025-01-24,C0290,P044,S008,1,0,120,0.0,120.0,50.0,Debit Card
ORD02111,2026-08-03,C0343,P040,S007,1,10,55,5.5,49.5,7.5,Wallet
ORD02112,2026-08-09,C0049,P037,S007,2,0,1300,0.0,1300.0,300.0,Debit Card
ORD02113,2024-02-20,C0350,P045,S004,3,10,1050,105.0,945.0,285.0,UPI
ORD02114,2024-11-01,C0009,P075,S007,1,10,300,30.0,270.0,100.0,Debit Card
ORD02115,2025-01-11,C0172,P018,S002,1,0,1200,0.0,1200.0,500.0,Credit Card
ORD02116,2025-02-09,C0030,P031,S002,1,0,120,0.0,120.0,70.0,UPI
ORD02117,2025-07-22,C0188,P093,S006,1,5,450,22.5,427.5,177.5,Debit Card
ORD02118,2024-11-23,C0029,P038,S006,2,0,600,0.0,600.0,160.0,UPI
ORD02119,2026-09-03,C0272,P086,S006,2,0,3000,0.0,3000.0,1200.0,Credit Card
ORD02120,2025-03-19,C0331,P043,S003,1,0,280,0.0,280.0,110.0,UPI
ORD02121,2025-09-28,C0052,P023,S003,2,0,440,0.0,440.0,240.0,UPI
ORD02122,2025-07-31,C0049,P018,S007,1,0,1200,0.0,1200.0,500.0,Debit Card
ORD02123,2026-08-27,C0348,P022,S006,1,0,1500,0.0,1500.0,550.0,Credit Card
ORD02124,2025-10-30,C0107,P031,S001,4,15,480,72.0,408.0,208.0,Debit Card
ORD02125,2026-09-02,C0311,P095,S003,3,5,1800,90.0,1710.0,750.0,Credit Card
ORD02126,2025-02-02,C0291,P032,S003,4,20,800,160.0,640.0,260.0,Debit Card
ORD02127,2025-04-13,C0023,P049,S008,2,5,60,3.0,57.0,27.0,Cash
ORD02128,2026-08-20,C0327,P032,S006,3,0,600,0.0,600.0,315.0,Cash
ORD02129,2024-10-30,C0030,P045,S002,1,5,350,17.5,332.5,112.5,Credit Card
ORD02130,2025-06-28,C0075,P093,S001,1,0,450,0.0,450.0,200.0,UPI
ORD02131,2024-10-20,C0154,P063,S007,3,5,360,18.0,342.0,132.0,UPI
ORD02132,2025-12-30,C0202,P004,S008,2,0,3000,0.0,3000.0,1200.0,UPI
ORD02133,2025-10-05,C0106,P031,S007,2,10,240,24.0,216.0,116.0,Debit Card
ORD02134,2024-09-03,C0282,P090,S008,1,0,300,0.0,300.0,150.0,Cash
ORD02135,2026-10-29,C0031,P037,S003,3,0,1950,0.0,1950.0,450.0,Cash
ORD02136,2025-06-18,C0113,P006,S007,1,0,650,0.0,650.0,300.0,UPI
ORD02137,2026-05-13,C0056,P052,S006,1,5,50,2.5,47.5,17.5,Wallet
ORD02138,2026-02-21,C0220,P017,S001,2,5,500,25.0,475.0,215.0,Debit Card
ORD02139,2025-07-14,C0281,P015,S003,2,0,700,0.0,700.0,340.0,Credit Card
ORD02140,2024-09-20,C0309,P032,S005,1,0,200,0.0,200.0,105.0,UPI
ORD02141,2026-09-04,C0278,P026,S005,1,0,160,0.0,160.0,85.0,Debit Card
ORD02142,2026-06-08,C0081,P043,S002,2,0,560,0.0,560.0,220.0,UPI
ORD02143,2024-03-11,C0161,P067,S003,2,0,900,0.0,900.0,340.0,Debit Card
ORD02144,2026-12-31,C0392,P010,S003,2,5,500,25.0,475.0,255.0,Wallet
ORD02145,2024-07-28,C0142,P014,S002,2,15,1400,210.0,1190.0,430.0,UPI
ORD02146,2026-01-01,C0170,P062,S008,1,0,280,0.0,280.0,120.0,Debit Card
ORD02147,2024-05-07,C0246,P047,S007,2,5,500,25.0,475.0,175.0,UPI
ORD02148,2024-07-02,C0211,P022,S008,3,0,4500,0.0,4500.0,1650.0,UPI
ORD02149,2025-06-18,C0389,P094,S006,1,0,350,0.0,350.0,180.0,Debit Card
ORD02150,2025-04-06,C0299,P001,S005,2,0,2400,0.0,2400.0,900.0,Debit Card
ORD02151,2024-10-08,C0069,P085,S001,1,10,1200,120.0,1080.0,380.0,Debit Card
ORD02152,2025-08-16,C0078,P011,S007,2,10,5000,500.0,4500.0,1100.0,Debit Card
ORD02153,2024-03-23,C0217,P047,S002,1,0,250,0.0,250.0,100.0,UPI
ORD02154,2025-12-16,C0396,P045,S002,2,0,700,0.0,700.0,260.0,Cash
ORD02155,2025-03-11,C0204,P019,S005,1,0,900,0.0,900.0,400.0,Debit Card
ORD02156,2025-06-28,C0079,P049,S005,2,5,60,3.0,57.0,27.0,UPI
ORD02157,2025-06-08,C0076,P027,S005,1,0,450,0.0,450.0,210.0,UPI
ORD02158,2025-08-07,C0396,P015,S002,2,0,700,0.0,700.0,340.0,Wallet
ORD02159,2026-04-10,C0269,P050,S001,1,0,150,0.0,150.0,60.0,UPI
ORD02160,2025-02-25,C0274,P020,S007,1,5,750,37.5,712.5,292.5,Debit Card
ORD02161,2025-03-14,C0312,P071,S007,3,10,540,54.0,486.0,186.0,UPI
ORD02162,2025-04-15,C0139,P006,S006,2,15,1300,195.0,1105.0,405.0,UPI
ORD02163,2025-09-26,C0087,P046,S005,1,10,400,40.0,360.0,100.0,Cash
ORD02164,2026-03-06,C0393,P033,S007,2,5,560,28.0,532.0,252.0,UPI
ORD02165,2026-10-03,C0225,P066,S003,2,10,600,60.0,540.0,180.0,Debit Card
ORD02166,2024-06-08,C0313,P096,S006,2,15,1000,150.0,850.0,330.0,Cash
ORD02167,2024-01-23,C0147,P059,S003,4,15,400,60.0,340.0,120.0,UPI
ORD02168,2024-11-17,C0245,P048,S007,1,0,450,0.0,450.0,150.0,Credit Card
ORD02169,2024-06-04,C0166,P082,S001,1,10,280,28.0,252.0,102.0,UPI
ORD02170,2024-09-02,C0001,P010,S005,1,0,250,0.0,250.0,140.0,Wallet
ORD02171,2025-02-23,C0187,P077,S007,1,5,220,11.0,209.0,109.0,Wallet
ORD02172,2026-09-02,C0139,P072,S006,1,0,120,0.0,120.0,60.0,Debit Card
ORD02173,2025-07-13,C0084,P047,S006,1,10,250,25.0,225.0,75.0,Credit Card
ORD02174,2024-11-09,C0233,P063,S004,1,0,120,0.0,120.0,50.0,UPI
ORD02175,2026-08-11,C0256,P044,S006,1,20,120,24.0,96.0,26.0,Credit Card
ORD02176,2024-05-09,C0354,P001,S008,4,15,4800,720.0,4080.0,1080.0,Debit Card
ORD02177,2025-02-19,C0212,P070,S005,3,0,900,0.0,900.0,390.0,UPI
ORD02178,2025-04-25,C0297,P073,S002,2,10,1800,180.0,1620.0,320.0,Wallet
ORD02179,2026-06-10,C0323,P003,S007,2,10,700,70.0,630.0,270.0,Debit Card
ORD02180,2024-04-06,C0354,P062,S008,1,0,280,0.0,280.0,120.0,UPI
ORD02181,2024-12-01,C0072,P062,S007,4,10,1120,112.0,1008.0,368.0,Credit Card
ORD02182,2025-12-11,C0063,P030,S005,2,0,360,0.0,360.0,200.0,Wallet
ORD02183,2024-10-29,C0268,P070,S005,3,5,900,45.0,855.0,345.0,Credit Card
ORD02184,2026-06-03,C0082,P043,S001,1,0,280,0.0,280.0,110.0,UPI
ORD02185,2026-08-13,C0036,P089,S001,2,5,1600,80.0,1520.0,620.0,Debit Card
ORD02186,2025-12-04,C0329,P076,S006,3,5,750,37.5,712.5,352.5,Credit Card
ORD02187,2024-11-22,C0357,P046,S003,2,20,800,160.0,640.0,120.0,Debit Card
ORD02188,2026-03-22,C0158,P066,S005,1,0,300,0.0,300.0,120.0,UPI
ORD02189,2024-03-26,C0299,P041,S005,2,5,60,3.0,57.0,17.0,UPI
ORD02190,2024-12-03,C0278,P047,S005,2,10,500,50.0,450.0,150.0,Credit Card
ORD02191,2026-02-03,C0260,P034,S006,2,0,500,0.0,500.0,260.0,Debit Card
ORD02192,2025-12-20,C0261,P040,S007,2,20,110,22.0,88.0,4.0,UPI
ORD02193,2024-11-14,C0256,P052,S006,3,0,150,0.0,150.0,60.0,UPI
ORD02194,2026-10-30,C0355,P066,S002,2,15,600,90.0,510.0,150.0,Debit Card
ORD02195,2026-04-11,C0193,P033,S007,1,0,280,0.0,280.0,140.0,Debit Card
ORD02196,2025-01-26,C0180,P093,S008,1,0,450,0.0,450.0,200.0,UPI
ORD02197,2024-05-26,C0004,P034,S004,1,5,250,12.5,237.5,117.5,UPI
ORD02198,2026-04-05,C0389,P094,S006,1,5,350,17.5,332.5,162.5,UPI
ORD02199,2025-09-14,C0383,P040,S008,1,5,55,2.75,52.25,10.25,Credit Card
ORD02200,2024-03-26,C0276,P050,S008,2,20,300,60.0,240.0,60.0,Credit Card
ORD02201,2025-06-07,C0313,P043,S006,2,15,560,84.0,476.0,136.0,UPI
ORD02202,2024-07-19,C0070,P040,S003,1,5,55,2.75,52.25,10.25,Cash
ORD02203,2026-10-01,C0201,P086,S004,1,20,1500,300.0,1200.0,300.0,Debit Card
ORD02204,2025-05-31,C0170,P001,S008,2,0,2400,0.0,2400.0,900.0,Debit Card
ORD02205,2024-07-11,C0207,P066,S001,2,10,600,60.0,540.0,180.0,UPI
ORD02206,2024-03-11,C0057,P086,S005,1,5,1500,75.0,1425.0,525.0,Debit Card
ORD02207,2026-04-20,C0237,P045,S006,1,10,350,35.0,315.0,95.0,Credit Card
ORD02208,2024-02-27,C0109,P056,S004,4,0,240,0.0,240.0,100.0,Credit Card
ORD02209,2026-03-05,C0041,P039,S007,3,5,540,27.0,513.0,93.0,Debit Card
ORD02210,2024-08-28,C0362,P027,S003,2,5,900,45.0,855.0,375.0,Wallet
ORD02211,2024-12-16,C0297,P031,S002,1,0,120,0.0,120.0,70.0,UPI
ORD02212,2025-02-11,C0050,P062,S004,2,0,560,0.0,560.0,240.0,UPI
ORD02213,2024-12-27,C0053,P062,S002,1,0,280,0.0,280.0,120.0,UPI
ORD02214,2026-10-07,C0214,P058,S005,1,10,40,4.0,36.0,14.0,Wallet
ORD02215,2024-12-17,C0294,P014,S002,2,0,1400,0.0,1400.0,640.0,UPI
ORD02216,2024-02-12,C0268,P055,S005,2,15,180,27.0,153.0,53.0,UPI
ORD02217,2026-05-07,C0138,P046,S004,2,0,800,0.0,800.0,280.0,Credit Card
ORD02218,2024-05-13,C0105,P048,S002,1,15,450,67.5,382.5,82.5,Debit Card
ORD02219,2026-11-04,C0209,P038,S006,4,15,1200,180.0,1020.0,140.0,UPI
ORD02220,2025-01-17,C0192,P014,S002,2,0,1400,0.0,1400.0,640.0,Wallet
ORD02221,2025-06-22,C0114,P040,S005,2,20,110,22.0,88.0,4.0,Debit Card
ORD02222,2024-08-25,C0290,P059,S008,2,0,200,0.0,200.0,90.0,UPI
ORD02223,2026-03-11,C0335,P020,S006,1,0,750,0.0,750.0,330.0,Debit Card
ORD02224,2025-06-28,C0384,P022,S003,2,0,3000,0.0,3000.0,1100.0,Cash
ORD02225,2025-05-14,C0151,P013,S003,3,10,1500,150.0,1350.0,510.0,UPI
ORD02226,2026-09-07,C0301,P043,S005,1,0,280,0.0,280.0,110.0,Credit Card
ORD02227,2024-05-25,C0233,P060,S004,1,0,70,0.0,70.0,30.0,Credit Card
ORD02228,2024-05-19,C0238,P075,S007,2,20,600,120.0,480.0,140.0,UPI
ORD02229,2026-04-26,C0237,P015,S006,3,0,1050,0.0,1050.0,510.0,UPI
ORD02230,2024-05-02,C0088,P029,S005,3,0,1950,0.0,1950.0,810.0,UPI
ORD02231,2025-01-29,C0159,P042,S002,2,15,180,27.0,153.0,43.0,UPI
ORD02232,2025-04-05,C0356,P055,S003,2,0,180,0.0,180.0,80.0,Credit Card
ORD02233,2026-04-12,C0120,P070,S004,2,10,600,60.0,540.0,200.0,UPI
ORD02234,2025-08-12,C0131,P051,S008,2,0,320,0.0,320.0,130.0,Credit Card
ORD02235,2024-06-22,C0313,P048,S006,2,10,900,90.0,810.0,210.0,Debit Card
ORD02236,2025-07-22,C0101,P004,S005,1,5,1500,75.0,1425.0,525.0,Cash
ORD02237,2025-09-13,C0107,P087,S001,3,5,2100,105.0,1995.0,795.0,Wallet
ORD02238,2026-08-20,C0343,P079,S007,2,0,1000,0.0,1000.0,440.0,Cash
ORD02239,2024-10-08,C0364,P055,S003,1,5,90,4.5,85.5,35.5,UPI
ORD02240,2024-05-08,C0237,P037,S006,1,0,650,0.0,650.0,150.0,UPI
ORD02241,2026-11-17,C0098,P035,S003,4,0,1200,0.0,1200.0,600.0,UPI
ORD02242,2025-09-19,C0355,P027,S002,1,0,450,0.0,450.0,210.0,Debit Card
ORD02243,2026-05-18,C0035,P027,S001,2,0,900,0.0,900.0,420.0,Credit Card
ORD02244,2025-08-27,C0193,P061,S007,1,10,350,35.0,315.0,115.0,Debit Card
ORD02245,2025-02-22,C0026,P037,S003,3,5,1950,97.5,1852.5,352.5,UPI
ORD02246,2025-08-19,C0382,P062,S006,2,0,560,0.0,560.0,240.0,Debit Card
ORD02247,2025-01-09,C0125,P065,S006,3,10,420,42.0,378.0,168.0,UPI
ORD02248,2025-07-08,C0145,P041,S006,4,5,120,6.0,114.0,34.0,UPI
ORD02249,2024-05-27,C0235,P036,S005,1,20,200,40.0,160.0,70.0,Cash
ORD02250,2024-01-07,C0238,P092,S007,1,10,1800,180.0,1620.0,520.0,UPI
ORD02251,2025-07-21,C0367,P040,S002,2,0,110,0.0,110.0,26.0,UPI
ORD02252,2026-09-29,C0051,P090,S001,2,5,600,30.0,570.0,270.0,UPI
ORD02253,2025-01-05,C0349,P019,S003,1,10,900,90.0,810.0,310.0,Wallet
ORD02254,2024-05-23,C0241,P009,S008,1,5,800,40.0,760.0,310.0,UPI
ORD02255,2026-05-16,C0074,P063,S004,1,15,120,18.0,102.0,32.0,Credit Card
ORD02256,2025-11-22,C0057,P001,S005,2,0,2400,0.0,2400.0,900.0,UPI
ORD02257,2025-06-30,C0330,P025,S003,4,0,880,0.0,880.0,440.0,UPI
ORD02258,2025-10-10,C0163,P009,S005,1,20,800,160.0,640.0,190.0,UPI
ORD02259,2024-02-05,C0006,P038,S006,4,0,1200,0.0,1200.0,320.0,Debit Card
ORD02260,2025-07-06,C0132,P090,S007,3,0,900,0.0,900.0,450.0,UPI
ORD02261,2025-05-10,C0033,P043,S004,2,0,560,0.0,560.0,220.0,UPI
ORD02262,2024-08-07,C0315,P031,S004,1,10,120,12.0,108.0,58.0,Credit Card
ORD02263,2026-03-02,C0002,P084,S002,1,0,180,0.0,180.0,90.0,Cash
ORD02264,2026-06-28,C0216,P039,S004,1,10,180,18.0,162.0,22.0,UPI
ORD02265,2026-02-17,C0074,P053,S004,1,10,120,12.0,108.0,38.0,UPI
ORD02266,2026-06-13,C0027,P060,S004,3,5,210,10.5,199.5,79.5,UPI
ORD02267,2026-03-05,C0210,P040,S003,3,5,165,8.25,156.75,30.75,UPI
ORD02268,2026-02-12,C0078,P072,S007,1,0,120,0.0,120.0,60.0,UPI
ORD02269,2025-07-15,C0178,P045,S008,1,0,350,0.0,350.0,130.0,UPI
ORD02270,2026-08-19,C0144,P056,S005,4,10,240,24.0,216.0,76.0,Credit Card
ORD02271,2024-05-12,C0188,P055,S006,2,10,180,18.0,162.0,62.0,UPI
ORD02272,2026-02-19,C0175,P046,S003,1,0,400,0.0,400.0,140.0,Credit Card
ORD02273,2026-06-14,C0125,P042,S006,1,0,90,0.0,90.0,35.0,UPI
ORD02274,2026-09-07,C0337,P091,S007,1,0,250,0.0,250.0,140.0,Credit Card
ORD02275,2026-12-23,C0354,P046,S008,3,20,1200,240.0,960.0,180.0,UPI
ORD02276,2024-07-03,C0258,P065,S001,2,0,280,0.0,280.0,140.0,Credit Card
ORD02277,2025-05-27,C0368,P042,S003,1,15,90,13.5,76.5,21.5,Credit Card
ORD02278,2026-06-11,C0284,P031,S008,1,15,120,18.0,102.0,52.0,UPI
ORD02279,2026-10-12,C0312,P031,S007,2,5,240,12.0,228.0,128.0,Debit Card
ORD02280,2024-12-26,C0294,P081,S002,2,0,400,0.0,400.0,160.0,UPI
ORD02281,2025-02-04,C0089,P001,S006,2,0,2400,0.0,2400.0,900.0,Debit Card
ORD02282,2025-01-01,C0206,P035,S007,2,10,600,60.0,540.0,240.0,Credit Card
ORD02283,2025-01-01,C0272,P040,S006,1,15,55,8.25,46.75,4.75,UPI
ORD02284,2024-12-17,C0183,P002,S001,2,0,1800,0.0,1800.0,760.0,Credit Card
ORD02285,2024-11-30,C0009,P001,S007,1,0,1200,0.0,1200.0,450.0,Cash
ORD02286,2025-07-25,C0228,P066,S006,2,5,600,30.0,570.0,210.0,Debit Card
ORD02287,2024-11-27,C0228,P072,S006,3,0,360,0.0,360.0,180.0,UPI
ORD02288,2026-08-01,C0178,P008,S008,2,5,1200,60.0,1140.0,500.0,Debit Card
ORD02289,2026-04-07,C0198,P047,S001,3,5,750,37.5,712.5,262.5,Debit Card
ORD02290,2026-04-09,C0077,P043,S006,3,5,840,42.0,798.0,288.0,Credit Card
ORD02291,2026-10-05,C0225,P047,S003,1,5,250,12.5,237.5,87.5,UPI
ORD02292,2026-04-24,C0326,P036,S001,1,0,200,0.0,200.0,110.0,UPI
ORD02293,2024-02-02,C0103,P039,S004,1,10,180,18.0,162.0,22.0,Debit Card
ORD02294,2024-10-13,C0195,P038,S002,1,0,300,0.0,300.0,80.0,UPI
ORD02295,2026-06-18,C0260,P031,S006,1,0,120,0.0,120.0,70.0,Debit Card
ORD02296,2025-02-23,C0385,P046,S001,2,0,800,0.0,800.0,280.0,UPI
ORD02297,2024-07-26,C0064,P095,S005,1,0,600,0.0,600.0,280.0,Credit Card
ORD02298,2026-06-06,C0328,P047,S006,1,0,250,0.0,250.0,100.0,Cash
ORD02299,2024-03-23,C0201,P038,S004,4,15,1200,180.0,1020.0,140.0,Credit Card
ORD02300,2025-01-31,C0234,P042,S001,1,5,90,4.5,85.5,30.5,UPI
ORD02301,2025-07-06,C0200,P015,S003,1,5,350,17.5,332.5,152.5,Debit Card
ORD02302,2026-07-07,C0280,P041,S003,1,10,30,3.0,27.0,7.0,Credit Card
ORD02303,2025-08-06,C0305,P057,S005,1,10,140,14.0,126.0,46.0,Credit Card
ORD02304,2026-09-25,C0023,P080,S008,1,5,1800,90.0,1710.0,510.0,Debit Card
ORD02305,2026-10-20,C0351,P039,S007,4,0,720,0.0,720.0,160.0,Debit Card
ORD02306,2025-07-01,C0375,P040,S007,1,10,55,5.5,49.5,7.5,UPI
ORD02307,2025-07-18,C0153,P060,S004,1,0,70,0.0,70.0,30.0,UPI
ORD02308,2025-02-02,C0306,P085,S008,1,0,1200,0.0,1200.0,500.0,Debit Card
ORD02309,2026-05-24,C0172,P075,S002,2,0,600,0.0,600.0,260.0,Wallet
ORD02310,2024-05-15,C0113,P003,S007,1,0,350,0.0,350.0,170.0,Debit Card
ORD02311,2025-03-24,C0156,P061,S003,2,20,700,140.0,560.0,160.0,Wallet
ORD02312,2024-06-12,C0120,P046,S004,2,10,800,80.0,720.0,200.0,UPI
ORD02313,2026-02-01,C0346,P064,S003,3,20,240,48.0,192.0,87.0,UPI
ORD02314,2025-11-08,C0158,P040,S005,1,0,55,0.0,55.0,13.0,Debit Card
ORD02315,2026-12-01,C0019,P072,S005,3,10,360,36.0,324.0,144.0,UPI
ORD02316,2026-06-07,C0325,P061,S006,2,0,700,0.0,700.0,300.0,Credit Card
ORD02317,2026-04-08,C0393,P046,S007,1,5,400,20.0,380.0,120.0,Cash
ORD02318,2024-10-30,C0232,P030,S004,3,0,540,0.0,540.0,300.0,Wallet
ORD02319,2024-11-09,C0160,P042,S007,2,5,180,9.0,171.0,61.0,Credit Card
ORD02320,2025-11-09,C0326,P038,S001,1,5,300,15.0,285.0,65.0,Wallet
ORD02321,2025-10-04,C0088,P056,S005,1,0,60,0.0,60.0,25.0,Credit Card
ORD02322,2024-03-03,C0335,P037,S006,1,0,650,0.0,650.0,150.0,UPI
ORD02323,2026-10-04,C0360,P042,S007,1,0,90,0.0,90.0,35.0,Credit Card
ORD02324,2025-05-13,C0242,P035,S007,2,0,600,0.0,600.0,300.0,UPI
ORD02325,2026-02-10,C0361,P032,S006,3,0,600,0.0,600.0,315.0,UPI
ORD02326,2024-11-03,C0239,P066,S008,2,0,600,0.0,600.0,240.0,Wallet
ORD02327,2024-11-07,C0365,P070,S006,1,0,300,0.0,300.0,130.0,UPI
ORD02328,2026-01-21,C0181,P087,S004,2,15,1400,210.0,1190.0,390.0,Debit Card
ORD02329,2024-06-28,C0074,P059,S004,1,15,100,15.0,85.0,30.0,UPI
ORD02330,2024-06-17,C0018,P002,S003,5,5,4500,225.0,4275.0,1675.0,Cash
ORD02331,2024-12-14,C0088,P036,S005,3,5,600,30.0,570.0,300.0,UPI
ORD02332,2026-12-18,C0195,P028,S002,1,0,350,0.0,350.0,170.0,Credit Card
ORD02333,2026-12-17,C0014,P035,S004,1,0,300,0.0,300.0,150.0,UPI
ORD02334,2024-11-29,C0357,P035,S003,3,0,900,0.0,900.0,450.0,Credit Card
ORD02335,2026-04-01,C0200,P029,S003,1,15,650,97.5,552.5,172.5,Debit Card
ORD02336,2025-10-30,C0174,P073,S008,2,10,1800,180.0,1620.0,320.0,UPI
ORD02337,2024-08-29,C0219,P008,S007,1,20,600,120.0,480.0,160.0,UPI
ORD02338,2025-08-01,C0033,P072,S004,3,10,360,36.0,324.0,144.0,Credit Card
ORD02339,2026-06-10,C0123,P067,S004,1,15,450,67.5,382.5,102.5,Debit Card
ORD02340,2025-09-11,C0183,P051,S001,4,0,640,0.0,640.0,260.0,Credit Card
ORD02341,2024-11-16,C0035,P006,S001,1,0,650,0.0,650.0,300.0,Cash
ORD02342,2026-03-08,C0351,P063,S007,1,5,120,6.0,114.0,44.0,Debit Card
ORD02343,2025-10-24,C0043,P047,S004,3,10,750,75.0,675.0,225.0,Debit Card
ORD02344,2025-01-11,C0274,P056,S007,1,10,60,6.0,54.0,19.0,Wallet
ORD02345,2026-09-24,C0379,P037,S006,3,0,1950,0.0,1950.0,450.0,UPI
ORD02346,2026-11-16,C0367,P021,S002,4,15,4000,600.0,3400.0,1000.0,Debit Card
ORD02347,2024-01-19,C0137,P037,S008,2,10,1300,130.0,1170.0,170.0,Cash
ORD02348,2024-01-06,C0395,P041,S005,1,10,30,3.0,27.0,7.0,Wallet
ORD02349,2024-10-29,C0285,P036,S006,2,10,400,40.0,360.0,180.0,Credit Card
ORD02350,2026-12-18,C0126,P043,S006,2,5,560,28.0,532.0,192.0,Credit Card
ORD02351,2024-03-21,C0075,P085,S001,2,10,2400,240.0,2160.0,760.0,Credit Card
ORD02352,2026-07-23,C0295,P048,S005,1,0,450,0.0,450.0,150.0,Credit Card
ORD02353,2024-05-08,C0376,P051,S002,2,15,320,48.0,272.0,82.0,Wallet
ORD02354,2025-04-17,C0174,P087,S008,4,10,2800,280.0,2520.0,920.0,UPI
ORD02355,2024-03-20,C0053,P034,S002,3,10,750,75.0,675.0,315.0,Credit Card
ORD02356,2024-01-09,C0301,P044,S005,2,0,240,0.0,240.0,100.0,Wallet
ORD02357,2026-03-24,C0379,P044,S006,1,0,120,0.0,120.0,50.0,UPI
ORD02358,2026-05-03,C0181,P071,S004,1,15,180,27.0,153.0,53.0,Debit Card
ORD02359,2025-09-19,C0087,P064,S005,3,10,240,24.0,216.0,111.0,Credit Card
ORD02360,2026-12-29,C0191,P057,S008,1,0,140,0.0,140.0,60.0,UPI
ORD02361,2025-12-23,C0081,P092,S002,1,10,1800,180.0,1620.0,520.0,UPI
ORD02362,2026-09-09,C0254,P059,S005,1,0,100,0.0,100.0,45.0,Debit Card
ORD02363,2025-08-21,C0093,P030,S008,2,0,360,0.0,360.0,200.0,Wallet
ORD02364,2024-12-01,C0249,P032,S007,3,0,600,0.0,600.0,315.0,Wallet
ORD02365,2024-05-20,C0132,P052,S007,1,0,50,0.0,50.0,20.0,UPI
ORD02366,2025-05-05,C0018,P085,S003,1,10,1200,120.0,1080.0,380.0,Debit Card
ORD02367,2025-01-01,C0072,P027,S007,1,5,450,22.5,427.5,187.5,UPI
ORD02368,2026-12-30,C0169,P061,S006,1,10,350,35.0,315.0,115.0,UPI
ORD02369,2024-07-07,C0169,P009,S006,1,0,800,0.0,800.0,350.0,UPI
ORD02370,2024-02-07,C0082,P096,S001,4,5,2000,100.0,1900.0,860.0,Wallet
ORD02371,2024-05-09,C0095,P063,S007,1,0,120,0.0,120.0,50.0,Credit Card
ORD02372,2025-02-01,C0246,P057,S007,2,15,280,42.0,238.0,78.0,Debit Card
ORD02373,2026-03-08,C0109,P012,S004,3,0,540,0.0,540.0,300.0,Cash
ORD02374,2026-04-04,C0202,P065,S008,1,0,140,0.0,140.0,70.0,Debit Card
ORD02375,2024-05-17,C0045,P063,S002,5,10,600,60.0,540.0,190.0,Cash
ORD02376,2026-10-09,C0187,P094,S007,2,0,700,0.0,700.0,360.0,UPI
ORD02377,2024-03-15,C0181,P085,S004,2,0,2400,0.0,2400.0,1000.0,UPI
ORD02378,2026-02-01,C0101,P088,S005,2,0,4000,0.0,4000.0,1400.0,Cash
ORD02379,2026-08-07,C0062,P091,S001,1,10,250,25.0,225.0,115.0,Credit Card
ORD02380,2024-08-26,C0367,P058,S002,2,5,80,4.0,76.0,32.0,Credit Card
ORD02381,2025-10-05,C0398,P037,S004,3,5,1950,97.5,1852.5,352.5,UPI
ORD02382,2026-05-21,C0131,P045,S008,1,15,350,52.5,297.5,77.5,UPI
ORD02383,2024-10-07,C0313,P031,S006,3,20,360,72.0,288.0,138.0,UPI
ORD02384,2024-06-01,C0082,P082,S001,5,0,1400,0.0,1400.0,650.0,Credit Card
ORD02385,2026-04-13,C0214,P066,S005,1,20,300,60.0,240.0,60.0,UPI
ORD02386,2024-10-08,C0350,P070,S004,2,15,600,90.0,510.0,170.0,UPI
ORD02387,2025-06-25,C0082,P008,S001,3,0,1800,0.0,1800.0,840.0,UPI
ORD02388,2024-06-10,C0255,P059,S004,1,0,100,0.0,100.0,45.0,Cash
ORD02389,2024-06-12,C0308,P046,S007,3,5,1200,60.0,1140.0,360.0,Credit Card
ORD02390,2025-08-31,C0367,P053,S002,4,10,480,48.0,432.0,152.0,UPI
ORD02391,2024-03-24,C0031,P039,S003,1,15,180,27.0,153.0,13.0,UPI
ORD02392,2024-04-16,C0254,P029,S005,1,0,650,0.0,650.0,270.0,Wallet
ORD02393,2026-09-03,C0250,P002,S008,1,10,900,90.0,810.0,290.0,Credit Card
ORD02394,2024-11-21,C0161,P015,S003,2,10,700,70.0,630.0,270.0,UPI
ORD02395,2024-07-31,C0364,P024,S003,2,0,360,0.0,360.0,190.0,UPI
ORD02396,2024-12-12,C0272,P072,S006,3,10,360,36.0,324.0,144.0,UPI
ORD02397,2026-12-07,C0120,P038,S004,2,10,600,60.0,540.0,100.0,Cash
ORD02398,2025-05-02,C0333,P044,S006,1,0,120,0.0,120.0,50.0,Debit Card
ORD02399,2026-12-16,C0197,P035,S003,1,20,300,60.0,240.0,90.0,Credit Card
ORD02400,2025-07-05,C0318,P052,S005,1,15,50,7.5,42.5,12.5,UPI
ORD02401,2026-10-15,C0039,P047,S003,1,0,250,0.0,250.0,100.0,UPI
ORD02402,2025-01-12,C0012,P016,S008,3,5,1950,97.5,1852.5,772.5,Wallet
ORD02403,2024-03-23,C0267,P032,S006,1,0,200,0.0,200.0,105.0,UPI
ORD02404,2026-03-19,C0119,P004,S004,1,0,1500,0.0,1500.0,600.0,Wallet
ORD02405,2025-03-06,C0358,P057,S006,2,10,280,28.0,252.0,92.0,UPI
ORD02406,2025-02-26,C0079,P022,S005,1,0,1500,0.0,1500.0,550.0,Debit Card
ORD02407,2026-01-25,C0060,P022,S003,1,0,1500,0.0,1500.0,550.0,Debit Card
ORD02408,2026-06-27,C0211,P056,S008,2,15,120,18.0,102.0,32.0,UPI
ORD02409,2025-01-20,C0325,P048,S006,3,15,1350,202.5,1147.5,247.5,Debit Card
ORD02410,2025-07-14,C0079,P038,S005,1,0,300,0.0,300.0,80.0,Credit Card
ORD02411,2024-05-02,C0371,P024,S005,2,5,360,18.0,342.0,172.0,UPI
ORD02412,2025-08-11,C0055,P019,S002,1,0,900,0.0,900.0,400.0,Credit Card
ORD02413,2026-11-28,C0332,P004,S005,1,5,1500,75.0,1425.0,525.0,Credit Card
ORD02414,2025-07-18,C0396,P053,S002,3,20,360,72.0,288.0,78.0,UPI
ORD02415,2026-06-16,C0244,P045,S005,4,0,1400,0.0,1400.0,520.0,UPI
ORD02416,2025-03-24,C0302,P047,S001,5,5,1250,62.5,1187.5,437.5,Debit Card
ORD02417,2025-07-02,C0220,P022,S001,2,5,3000,150.0,2850.0,950.0,Debit Card
ORD02418,2026-11-23,C0140,P035,S006,2,0,600,0.0,600.0,300.0,Credit Card
ORD02419,2025-05-09,C0254,P075,S005,3,0,900,0.0,900.0,390.0,UPI
ORD02420,2026-12-21,C0293,P095,S007,2,20,1200,240.0,960.0,320.0,UPI
ORD02421,2025-11-01,C0105,P091,S002,3,0,750,0.0,750.0,420.0,UPI
ORD02422,2025-01-18,C0167,P039,S008,1,0,180,0.0,180.0,40.0,Debit Card
ORD02423,2025-07-10,C0037,P036,S002,2,5,400,20.0,380.0,200.0,Debit Card
ORD02424,2025-11-30,C0093,P086,S008,2,15,3000,450.0,2550.0,750.0,UPI
ORD02425,2025-12-31,C0312,P073,S007,1,0,900,0.0,900.0,250.0,UPI
ORD02426,2024-02-03,C0010,P096,S004,2,0,1000,0.0,1000.0,480.0,Cash
ORD02427,2024-03-30,C0059,P025,S002,1,0,220,0.0,220.0,110.0,Wallet
ORD02428,2026-06-22,C0391,P010,S006,2,0,500,0.0,500.0,280.0,UPI
ORD02429,2024-03-15,C0275,P045,S002,1,15,350,52.5,297.5,77.5,Credit Card
ORD02430,2026-07-10,C0157,P087,S001,3,0,2100,0.0,2100.0,900.0,Wallet
ORD02431,2024-07-10,C0196,P051,S002,3,10,480,48.0,432.0,147.0,Credit Card
ORD02432,2025-05-08,C0222,P059,S007,1,10,100,10.0,90.0,35.0,Credit Card
ORD02433,2024-01-14,C0169,P053,S006,4,5,480,24.0,456.0,176.0,Wallet
ORD02434,2025-12-04,C0386,P070,S006,2,15,600,90.0,510.0,170.0,UPI
ORD02435,2025-12-15,C0328,P043,S006,3,5,840,42.0,798.0,288.0,UPI
ORD02436,2024-02-13,C0016,P064,S001,2,0,160,0.0,160.0,90.0,Cash
ORD02437,2024-04-02,C0141,P032,S005,2,0,400,0.0,400.0,210.0,UPI
ORD02438,2026-08-01,C0042,P022,S001,1,0,1500,0.0,1500.0,550.0,Credit Card
ORD02439,2025-02-22,C0030,P011,S002,1,10,2500,250.0,2250.0,550.0,Debit Card
ORD02440,2026-06-03,C0070,P070,S003,1,0,300,0.0,300.0,130.0,Wallet
ORD02441,2024-01-16,C0246,P042,S007,1,0,90,0.0,90.0,35.0,UPI
ORD02442,2026-05-10,C0252,P075,S001,1,10,300,30.0,270.0,100.0,UPI
ORD02443,2024-08-10,C0092,P023,S004,1,10,220,22.0,198.0,98.0,UPI
ORD02444,2026-12-23,C0265,P063,S002,4,15,480,72.0,408.0,128.0,Wallet
ORD02445,2026-07-16,C0052,P088,S003,1,20,2000,400.0,1600.0,300.0,Credit Card
ORD02446,2026-07-08,C0396,P058,S002,1,5,40,2.0,38.0,16.0,Debit Card
ORD02447,2025-06-16,C0121,P033,S002,2,15,560,84.0,476.0,196.0,Debit Card
ORD02448,2025-02-05,C0338,P067,S006,1,0,450,0.0,450.0,170.0,Credit Card
ORD02449,2024-08-24,C0185,P088,S006,3,0,6000,0.0,6000.0,2100.0,UPI
ORD02450,2026-12-28,C0380,P062,S008,1,5,280,14.0,266.0,106.0,Wallet
ORD02451,2024-10-24,C0041,P052,S007,2,0,100,0.0,100.0,40.0,UPI
ORD02452,2026-11-07,C0223,P088,S008,2,0,4000,0.0,4000.0,1400.0,Credit Card
ORD02453,2026-12-11,C0223,P004,S008,1,0,1500,0.0,1500.0,600.0,UPI
ORD02454,2026-05-25,C0302,P020,S001,2,10,1500,150.0,1350.0,510.0,UPI
ORD02455,2024-07-02,C0394,P072,S006,2,5,240,12.0,228.0,108.0,UPI
ORD02456,2024-06-13,C0221,P064,S004,2,0,160,0.0,160.0,90.0,UPI
ORD02457,2025-10-02,C0265,P030,S002,3,10,540,54.0,486.0,246.0,Debit Card
ORD02458,2024-03-03,C0034,P081,S008,1,0,200,0.0,200.0,80.0,Debit Card
ORD02459,2024-06-15,C0296,P059,S003,1,0,100,0.0,100.0,45.0,Wallet
ORD02460,2026-01-30,C0137,P002,S008,1,5,900,45.0,855.0,335.0,Wallet
ORD02461,2024-11-02,C0396,P011,S002,1,10,2500,250.0,2250.0,550.0,Debit Card
ORD02462,2025-08-16,C0225,P041,S003,3,0,90,0.0,90.0,30.0,UPI
ORD02463,2026-09-03,C0337,P064,S007,1,5,80,4.0,76.0,41.0,Debit Card
ORD02464,2025-08-14,C0240,P022,S004,2,10,3000,300.0,2700.0,800.0,UPI
ORD02465,2026-11-04,C0223,P044,S008,1,5,120,6.0,114.0,44.0,UPI
ORD02466,2025-05-18,C0018,P035,S003,1,5,300,15.0,285.0,135.0,UPI
ORD02467,2025-07-17,C0352,P069,S004,2,0,440,0.0,440.0,200.0,Credit Card
ORD02468,2024-11-01,C0192,P035,S002,2,20,600,120.0,480.0,180.0,UPI
ORD02469,2025-09-27,C0357,P006,S003,3,10,1950,195.0,1755.0,705.0,UPI
ORD02470,2024-03-21,C0320,P009,S002,2,0,1600,0.0,1600.0,700.0,UPI
ORD02471,2026-07-31,C0328,P043,S006,2,10,560,56.0,504.0,164.0,UPI
ORD02472,2026-10-09,C0133,P051,S008,1,10,160,16.0,144.0,49.0,Wallet
ORD02473,2025-06-01,C0214,P074,S005,3,0,2550,0.0,2550.0,750.0,Credit Card
ORD02474,2024-01-11,C0295,P039,S005,1,10,180,18.0,162.0,22.0,Wallet
ORD02475,2026-08-28,C0320,P054,S002,2,15,220,33.0,187.0,57.0,Credit Card
ORD02476,2025-01-19,C0164,P039,S001,2,0,360,0.0,360.0,80.0,UPI
ORD02477,2024-05-14,C0343,P015,S007,1,0,350,0.0,350.0,170.0,Debit Card
ORD02478,2026-12-04,C0386,P062,S006,2,10,560,56.0,504.0,184.0,Credit Card
ORD02479,2025-05-12,C0067,P015,S005,3,10,1050,105.0,945.0,405.0,UPI
ORD02480,2026-12-18,C0362,P066,S003,1,20,300,60.0,240.0,60.0,UPI
ORD02481,2024-03-24,C0164,P040,S001,3,0,165,0.0,165.0,39.0,Wallet
ORD02482,2025-12-27,C0113,P045,S007,1,0,350,0.0,350.0,130.0,Cash
ORD02483,2025-04-14,C0158,P031,S005,2,0,240,0.0,240.0,140.0,Credit Card
ORD02484,2025-01-27,C0146,P032,S005,4,15,800,120.0,680.0,300.0,UPI
ORD02485,2026-02-11,C0213,P004,S003,1,10,1500,150.0,1350.0,450.0,Cash
ORD02486,2026-12-22,C0313,P048,S006,4,10,1800,180.0,1620.0,420.0,Debit Card
ORD02487,2026-10-22,C0271,P039,S007,3,0,540,0.0,540.0,120.0,Debit Card
ORD02488,2024-05-06,C0119,P024,S004,2,0,360,0.0,360.0,190.0,UPI
ORD02489,2025-08-19,C0240,P049,S004,1,15,30,4.5,25.5,10.5,UPI
ORD02490,2025-12-07,C0262,P062,S004,1,0,280,0.0,280.0,120.0,Debit Card
ORD02491,2025-03-30,C0332,P038,S005,3,10,900,90.0,810.0,150.0,UPI
ORD02492,2026-07-20,C0205,P068,S004,2,10,500,50.0,450.0,170.0,Debit Card
ORD02493,2025-02-10,C0366,P044,S004,1,0,120,0.0,120.0,50.0,Debit Card
ORD02494,2024-10-02,C0101,P040,S005,1,0,55,0.0,55.0,13.0,Cash
ORD02495,2024-06-06,C0158,P075,S005,4,15,1200,180.0,1020.0,340.0,Credit Card
ORD02496,2025-11-01,C0323,P041,S007,1,20,30,6.0,24.0,4.0,Cash
ORD02497,2026-12-10,C0114,P065,S005,1,0,140,0.0,140.0,70.0,Cash
ORD02498,2024-03-01,C0237,P091,S006,2,0,500,0.0,500.0,280.0,Credit Card
ORD02499,2026-12-08,C0064,P042,S005,1,0,90,0.0,90.0,35.0,Credit Card
ORD02500,2025-06-24,C0057,P062,S005,2,10,560,56.0,504.0,184.0,Credit Card
ORD02501,2026-04-30,C0396,P094,S002,4,15,1400,210.0,1190.0,510.0,Debit Card
ORD02502,2025-10-08,C0319,P045,S007,1,5,350,17.5,332.5,112.5,Cash
ORD02503,2025-08-10,C0178,P077,S008,1,0,220,0.0,220.0,120.0,UPI
ORD02504,2025-12-03,C0025,P041,S005,2,10,60,6.0,54.0,14.0,Credit Card
ORD02505,2024-11-18,C0154,P014,S007,2,5,1400,70.0,1330.0,570.0,UPI
ORD02506,2025-11-17,C0240,P046,S004,1,0,400,0.0,400.0,140.0,UPI
ORD02507,2025-08-25,C0236,P061,S001,1,5,350,17.5,332.5,132.5,Wallet
ORD02508,2026-01-21,C0239,P002,S008,2,10,1800,180.0,1620.0,580.0,UPI
ORD02509,2026-03-20,C0122,P043,S001,1,20,280,56.0,224.0,54.0,Debit Card
ORD02510,2024-07-15,C0282,P037,S008,1,0,650,0.0,650.0,150.0,Debit Card
ORD02511,2024-03-27,C0302,P005,S001,4,15,1200,180.0,1020.0,420.0,UPI
ORD02512,2026-01-09,C0299,P080,S005,1,15,1800,270.0,1530.0,330.0,UPI
ORD02513,2024-02-25,C0243,P075,S002,1,10,300,30.0,270.0,100.0,UPI
ORD02514,2025-03-11,C0059,P096,S002,1,0,500,0.0,500.0,240.0,UPI
ORD02515,2025-11-25,C0382,P086,S006,2,0,3000,0.0,3000.0,1200.0,Credit Card
ORD02516,2026-09-20,C0225,P037,S003,1,5,650,32.5,617.5,117.5,Wallet
ORD02517,2026-12-10,C0297,P058,S002,1,20,40,8.0,32.0,10.0,UPI
ORD02518,2024-01-11,C0160,P034,S007,3,20,750,150.0,600.0,240.0,Debit Card
ORD02519,2025-05-01,C0086,P044,S003,2,10,240,24.0,216.0,76.0,Credit Card
ORD02520,2024-10-06,C0292,P093,S003,1,5,450,22.5,427.5,177.5,Credit Card
ORD02521,2024-07-28,C0079,P022,S005,2,5,3000,150.0,2850.0,950.0,Debit Card
ORD02522,2024-04-07,C0177,P055,S001,2,20,180,36.0,144.0,44.0,Credit Card
ORD02523,2025-08-15,C0381,P007,S002,1,0,450,0.0,450.0,230.0,UPI
ORD02524,2025-06-06,C0351,P085,S007,2,0,2400,0.0,2400.0,1000.0,Debit Card
ORD02525,2026-05-11,C0390,P062,S007,3,5,840,42.0,798.0,318.0,UPI
ORD02526,2025-08-30,C0315,P063,S004,3,5,360,18.0,342.0,132.0,Debit Card
ORD02527,2026-07-23,C0140,P070,S006,1,5,300,15.0,285.0,115.0,UPI
ORD02528,2026-02-25,C0143,P069,S004,2,5,440,22.0,418.0,178.0,UPI
ORD02529,2025-08-25,C0330,P054,S003,1,5,110,5.5,104.5,39.5,UPI
ORD02530,2025-02-02,C0251,P060,S007,4,15,280,42.0,238.0,78.0,UPI
ORD02531,2025-04-01,C0306,P071,S008,1,0,180,0.0,180.0,80.0,Wallet
ORD02532,2024-04-22,C0154,P046,S007,1,10,400,40.0,360.0,100.0,Wallet
ORD02533,2026-03-26,C0080,P042,S002,2,5,180,9.0,171.0,61.0,Credit Card
ORD02534,2026-06-24,C0010,P088,S004,1,0,2000,0.0,2000.0,700.0,Credit Card
ORD02535,2025-04-12,C0177,P093,S001,2,0,900,0.0,900.0,400.0,Debit Card
ORD02536,2026-01-10,C0058,P057,S006,2,15,280,42.0,238.0,78.0,Credit Card
ORD02537,2024-02-05,C0150,P054,S002,3,20,330,66.0,264.0,69.0,Cash
ORD02538,2026-04-14,C0294,P094,S002,3,0,1050,0.0,1050.0,540.0,UPI
ORD02539,2026-06-08,C0105,P054,S002,1,5,110,5.5,104.5,39.5,Cash
ORD02540,2026-01-04,C0012,P016,S008,2,0,1300,0.0,1300.0,580.0,Debit Card
ORD02541,2026-02-22,C0369,P001,S001,2,0,2400,0.0,2400.0,900.0,Debit Card
ORD02542,2025-03-19,C0366,P091,S004,1,5,250,12.5,237.5,127.5,Credit Card
ORD02543,2024-10-25,C0380,P052,S008,3,0,150,0.0,150.0,60.0,UPI
ORD02544,2024-09-03,C0107,P085,S001,1,0,1200,0.0,1200.0,500.0,UPI
ORD02545,2025-05-07,C0102,P047,S008,2,10,500,50.0,450.0,150.0,Cash
ORD02546,2024-03-24,C0117,P028,S006,3,10,1050,105.0,945.0,405.0,UPI
ORD02547,2024-01-03,C0010,P072,S004,1,15,120,18.0,102.0,42.0,Credit Card
ORD02548,2026-03-08,C0361,P044,S006,1,0,120,0.0,120.0,50.0,Cash
ORD02549,2026-10-28,C0357,P069,S003,1,0,220,0.0,220.0,100.0,Credit Card
ORD02550,2024-02-22,C0108,P067,S005,1,0,450,0.0,450.0,170.0,Credit Card
ORD02551,2025-07-25,C0084,P059,S006,1,5,100,5.0,95.0,40.0,UPI
ORD02552,2024-04-21,C0084,P066,S006,2,10,600,60.0,540.0,180.0,Cash
ORD02553,2026-06-26,C0189,P043,S003,2,5,560,28.0,532.0,192.0,UPI
ORD02554,2025-07-27,C0316,P040,S003,1,15,55,8.25,46.75,4.75,Credit Card
ORD02555,2026-03-11,C0145,P056,S006,1,10,60,6.0,54.0,19.0,Credit Card
ORD02556,2026-04-05,C0050,P022,S004,3,0,4500,0.0,4500.0,1650.0,UPI
ORD02557,2024-02-09,C0011,P015,S002,2,0,700,0.0,700.0,340.0,Cash
ORD02558,2026-08-29,C0235,P072,S005,4,15,480,72.0,408.0,168.0,Wallet
ORD02559,2024-05-16,C0203,P055,S005,3,0,270,0.0,270.0,120.0,UPI
ORD02560,2026-12-28,C0289,P045,S006,5,0,1750,0.0,1750.0,650.0,Credit Card
ORD02561,2024-09-28,C0374,P006,S003,4,0,2600,0.0,2600.0,1200.0,Debit Card
ORD02562,2025-12-07,C0354,P017,S008,1,5,250,12.5,237.5,107.5,Wallet
ORD02563,2025-02-23,C0040,P043,S007,3,15,840,126.0,714.0,204.0,UPI
ORD02564,2024-10-15,C0251,P017,S007,1,0,250,0.0,250.0,120.0,Cash
ORD02565,2025-12-03,C0386,P095,S006,2,20,1200,240.0,960.0,320.0,UPI
ORD02566,2026-07-05,C0321,P035,S002,1,10,300,30.0,270.0,120.0,UPI
ORD02567,2024-04-10,C0147,P029,S003,2,0,1300,0.0,1300.0,540.0,Credit Card
ORD02568,2026-03-21,C0114,P007,S005,1,0,450,0.0,450.0,230.0,Cash
ORD02569,2025-08-06,C0067,P045,S005,5,0,1750,0.0,1750.0,650.0,UPI
ORD02570,2024-07-27,C0214,P032,S005,1,5,200,10.0,190.0,95.0,Wallet
ORD02571,2026-10-20,C0370,P087,S004,1,0,700,0.0,700.0,300.0,UPI
ORD02572,2024-07-07,C0382,P013,S006,3,15,1500,225.0,1275.0,435.0,Credit Card
ORD02573,2024-07-28,C0169,P063,S006,2,0,240,0.0,240.0,100.0,Wallet
ORD02574,2025-11-27,C0335,P037,S006,2,10,1300,130.0,1170.0,170.0,Credit Card
ORD02575,2026-05-22,C0144,P031,S005,3,0,360,0.0,360.0,210.0,Cash
ORD02576,2024-08-23,C0232,P029,S004,3,0,1950,0.0,1950.0,810.0,Debit Card
ORD02577,2024-02-29,C0140,P028,S006,1,5,350,17.5,332.5,152.5,Credit Card
ORD02578,2026-10-06,C0141,P063,S005,2,10,240,24.0,216.0,76.0,Credit Card
ORD02579,2024-08-31,C0360,P049,S007,2,10,60,6.0,54.0,24.0,Credit Card
ORD02580,2025-04-28,C0174,P088,S008,4,5,8000,400.0,7600.0,2400.0,Cash
ORD02581,2024-02-01,C0040,P079,S007,1,0,500,0.0,500.0,220.0,Credit Card
ORD02582,2024-12-20,C0286,P011,S001,1,10,2500,250.0,2250.0,550.0,UPI
ORD02583,2026-01-19,C0081,P039,S002,1,0,180,0.0,180.0,40.0,Wallet
ORD02584,2025-06-26,C0044,P091,S003,1,0,250,0.0,250.0,140.0,UPI
ORD02585,2024-12-13,C0283,P051,S006,1,5,160,8.0,152.0,57.0,Wallet
ORD02586,2024-03-21,C0193,P072,S007,2,5,240,12.0,228.0,108.0,Debit Card
ORD02587,2025-08-14,C0242,P032,S007,3,15,600,90.0,510.0,225.0,Wallet
ORD02588,2024-03-18,C0328,P019,S006,3,10,2700,270.0,2430.0,930.0,Wallet
ORD02589,2025-04-15,C0018,P060,S003,2,5,140,7.0,133.0,53.0,Wallet
ORD02590,2025-05-28,C0089,P055,S006,2,0,180,0.0,180.0,80.0,UPI
ORD02591,2025-11-22,C0307,P078,S008,2,5,700,35.0,665.0,305.0,UPI
ORD02592,2025-12-11,C0055,P003,S002,2,5,700,35.0,665.0,305.0,Cash
ORD02593,2026-06-22,C0056,P095,S006,1,15,600,90.0,510.0,190.0,UPI
ORD02594,2026-07-05,C0143,P040,S004,1,0,55,0.0,55.0,13.0,Debit Card
ORD02595,2024-02-23,C0055,P060,S002,4,5,280,14.0,266.0,106.0,UPI
ORD02596,2024-05-10,C0359,P006,S002,2,10,1300,130.0,1170.0,470.0,Credit Card
ORD02597,2026-10-05,C0072,P055,S007,1,5,90,4.5,85.5,35.5,Wallet
ORD02598,2024-11-11,C0218,P043,S008,1,5,280,14.0,266.0,96.0,UPI
ORD02599,2024-03-19,C0133,P086,S008,3,5,4500,225.0,4275.0,1575.0,Debit Card
ORD02600,2025-01-16,C0246,P011,S007,2,10,5000,500.0,4500.0,1100.0,UPI
ORD02601,2024-03-02,C0206,P058,S007,2,15,80,12.0,68.0,24.0,Debit Card
ORD02602,2025-11-10,C0007,P039,S002,2,0,360,0.0,360.0,80.0,UPI
ORD02603,2024-12-26,C0205,P028,S004,1,0,350,0.0,350.0,170.0,UPI
ORD02604,2026-03-16,C0263,P089,S006,2,0,1600,0.0,1600.0,700.0,UPI
ORD02605,2025-08-25,C0319,P063,S007,1,0,120,0.0,120.0,50.0,Wallet
ORD02606,2025-07-05,C0254,P051,S005,3,10,480,48.0,432.0,147.0,UPI
ORD02607,2024-07-30,C0306,P095,S008,1,0,600,0.0,600.0,280.0,UPI
ORD02608,2025-11-13,C0027,P052,S004,2,15,100,15.0,85.0,25.0,UPI
ORD02609,2026-03-07,C0345,P089,S003,1,5,800,40.0,760.0,310.0,Credit Card
ORD02610,2025-03-31,C0209,P058,S006,1,5,40,2.0,38.0,16.0,Debit Card
ORD02611,2026-12-30,C0244,P024,S005,1,0,180,0.0,180.0,95.0,Wallet
ORD02612,2025-06-22,C0336,P038,S002,4,15,1200,180.0,1020.0,140.0,Credit Card
ORD02613,2025-10-18,C0377,P011,S008,3,0,7500,0.0,7500.0,2400.0,UPI
ORD02614,2025-09-19,C0105,P007,S002,2,0,900,0.0,900.0,460.0,Debit Card
ORD02615,2024-06-01,C0174,P046,S008,4,0,1600,0.0,1600.0,560.0,Credit Card
ORD02616,2024-04-06,C0282,P046,S008,1,10,400,40.0,360.0,100.0,UPI
ORD02617,2024-03-18,C0153,P029,S004,1,0,650,0.0,650.0,270.0,UPI
ORD02618,2025-08-24,C0150,P002,S002,2,0,1800,0.0,1800.0,760.0,UPI
ORD02619,2024-12-21,C0196,P022,S002,3,10,4500,450.0,4050.0,1200.0,Credit Card
ORD02620,2026-11-24,C0061,P080,S005,1,0,1800,0.0,1800.0,600.0,UPI
ORD02621,2024-11-02,C0005,P052,S005,2,0,100,0.0,100.0,40.0,Wallet
ORD02622,2024-03-13,C0072,P070,S007,3,0,900,0.0,900.0,390.0,UPI
ORD02623,2024-09-06,C0099,P038,S006,2,5,600,30.0,570.0,130.0,Credit Card
ORD02624,2024-09-26,C0376,P054,S002,3,0,330,0.0,330.0,135.0,UPI
ORD02625,2026-11-19,C0356,P035,S003,3,0,900,0.0,900.0,450.0,UPI
ORD02626,2025-11-08,C0389,P014,S006,4,10,2800,280.0,2520.0,1000.0,Credit Card
ORD02627,2026-11-03,C0381,P094,S002,3,5,1050,52.5,997.5,487.5,UPI
ORD02628,2024-10-10,C0341,P078,S005,1,0,350,0.0,350.0,170.0,Debit Card
ORD02629,2025-11-26,C0160,P052,S007,1,0,50,0.0,50.0,20.0,Cash
ORD02630,2025-08-12,C0265,P068,S002,1,0,250,0.0,250.0,110.0,Wallet
ORD02631,2024-06-18,C0354,P094,S008,3,0,1050,0.0,1050.0,540.0,UPI
ORD02632,2024-01-13,C0257,P021,S004,3,0,3000,0.0,3000.0,1200.0,Cash
ORD02633,2025-04-15,C0266,P047,S008,2,15,500,75.0,425.0,125.0,UPI
ORD02634,2024-08-25,C0107,P030,S001,3,15,540,81.0,459.0,219.0,UPI
ORD02635,2025-11-27,C0354,P007,S008,2,5,900,45.0,855.0,415.0,Credit Card
ORD02636,2024-07-24,C0047,P065,S004,1,0,140,0.0,140.0,70.0,Credit Card
ORD02637,2026-03-01,C0379,P049,S006,2,20,60,12.0,48.0,18.0,Credit Card
ORD02638,2025-03-30,C0089,P047,S006,1,15,250,37.5,212.5,62.5,Debit Card
ORD02639,2025-08-22,C0337,P071,S007,2,0,360,0.0,360.0,160.0,UPI
ORD02640,2026-11-21,C0153,P037,S004,2,15,1300,195.0,1105.0,105.0,UPI
ORD02641,2024-05-22,C0171,P085,S001,2,10,2400,240.0,2160.0,760.0,UPI
ORD02642,2024-08-04,C0031,P045,S003,2,0,700,0.0,700.0,260.0,UPI
ORD02643,2024-10-20,C0161,P030,S003,2,5,360,18.0,342.0,182.0,Debit Card
ORD02644,2024-01-17,C0223,P009,S008,3,5,2400,120.0,2280.0,930.0,Credit Card
ORD02645,2025-02-21,C0145,P043,S006,2,5,560,28.0,532.0,192.0,UPI
ORD02646,2026-08-23,C0289,P020,S006,1,10,750,75.0,675.0,255.0,Debit Card
ORD02647,2025-01-05,C0325,P021,S006,3,5,3000,150.0,2850.0,1050.0,UPI
ORD02648,2026-01-13,C0356,P065,S003,2,0,280,0.0,280.0,140.0,UPI
ORD02649,2024-03-07,C0368,P017,S003,1,5,250,12.5,237.5,107.5,Credit Card
ORD02650,2026-07-17,C0389,P065,S006,1,10,140,14.0,126.0,56.0,UPI
ORD02651,2024-04-18,C0046,P016,S002,2,0,1300,0.0,1300.0,580.0,Credit Card
ORD02652,2026-08-18,C0134,P024,S005,1,5,180,9.0,171.0,86.0,UPI
ORD02653,2025-03-20,C0031,P045,S003,4,10,1400,140.0,1260.0,380.0,Wallet
ORD02654,2024-02-29,C0336,P087,S002,1,0,700,0.0,700.0,300.0,Credit Card
ORD02655,2025-03-14,C0357,P055,S003,2,15,180,27.0,153.0,53.0,Wallet
ORD02656,2025-10-31,C0067,P062,S005,2,5,560,28.0,532.0,212.0,UPI
ORD02657,2025-04-29,C0140,P042,S006,3,0,270,0.0,270.0,105.0,UPI
ORD02658,2025-02-20,C0013,P089,S005,1,15,800,120.0,680.0,230.0,UPI
ORD02659,2026-08-06,C0248,P017,S006,2,15,500,75.0,425.0,165.0,UPI
ORD02660,2025-08-16,C0190,P071,S006,1,0,180,0.0,180.0,80.0,UPI
ORD02661,2026-10-17,C0162,P078,S005,2,0,700,0.0,700.0,340.0,Credit Card
ORD02662,2026-06-17,C0379,P065,S006,1,5,140,7.0,133.0,63.0,Credit Card
ORD02663,2025-11-09,C0357,P014,S003,4,5,2800,140.0,2660.0,1140.0,Credit Card
ORD02664,2024-08-18,C0220,P047,S001,1,10,250,25.0,225.0,75.0,Cash
ORD02665,2026-11-28,C0262,P016,S004,1,10,650,65.0,585.0,225.0,Debit Card
ORD02666,2026-01-16,C0282,P008,S008,1,10,600,60.0,540.0,220.0,Cash
ORD02667,2024-10-06,C0040,P043,S007,1,5,280,14.0,266.0,96.0,Credit Card
ORD02668,2026-08-11,C0204,P091,S005,2,5,500,25.0,475.0,255.0,Credit Card
ORD02669,2025-03-07,C0341,P037,S005,2,10,1300,130.0,1170.0,170.0,Cash
ORD02670,2026-01-01,C0073,P050,S003,1,5,150,7.5,142.5,52.5,UPI
ORD02671,2024-03-23,C0261,P006,S007,1,0,650,0.0,650.0,300.0,UPI
ORD02672,2024-06-16,C0389,P087,S006,3,15,2100,315.0,1785.0,585.0,Credit Card
ORD02673,2024-05-16,C0229,P013,S007,1,15,500,75.0,425.0,145.0,Wallet
ORD02674,2024-07-10,C0361,P079,S006,1,0,500,0.0,500.0,220.0,Credit Card
ORD02675,2025-12-14,C0320,P063,S002,1,0,120,0.0,120.0,50.0,UPI
ORD02676,2026-12-18,C0194,P077,S006,3,15,660,99.0,561.0,261.0,Credit Card
ORD02677,2024-06-18,C0113,P089,S007,1,5,800,40.0,760.0,310.0,UPI
ORD02678,2024-10-24,C0201,P092,S004,2,10,3600,360.0,3240.0,1040.0,UPI
ORD02679,2026-07-31,C0166,P016,S001,1,10,650,65.0,585.0,225.0,UPI
ORD02680,2024-07-01,C0056,P023,S006,1,0,220,0.0,220.0,120.0,UPI
ORD02681,2024-03-26,C0282,P091,S008,1,10,250,25.0,225.0,115.0,Credit Card
ORD02682,2026-12-19,C0116,P072,S002,4,0,480,0.0,480.0,240.0,Debit Card
ORD02683,2024-03-16,C0022,P071,S003,1,0,180,0.0,180.0,80.0,UPI
ORD02684,2024-01-28,C0136,P032,S007,2,5,400,20.0,380.0,190.0,Cash
ORD02685,2026-11-06,C0266,P061,S008,1,0,350,0.0,350.0,150.0,UPI
ORD02686,2026-03-19,C0182,P038,S005,2,0,600,0.0,600.0,160.0,UPI
ORD02687,2025-10-30,C0209,P010,S006,1,0,250,0.0,250.0,140.0,UPI
ORD02688,2025-01-31,C0265,P068,S002,2,0,500,0.0,500.0,220.0,Wallet
ORD02689,2024-05-15,C0066,P061,S007,3,10,1050,105.0,945.0,345.0,UPI
ORD02690,2025-12-28,C0081,P087,S002,2,10,1400,140.0,1260.0,460.0,Debit Card
ORD02691,2026-07-18,C0044,P035,S003,1,0,300,0.0,300.0,150.0,Credit Card
ORD02692,2025-10-30,C0073,P045,S003,1,10,350,35.0,315.0,95.0,UPI
ORD02693,2025-06-15,C0263,P078,S006,4,15,1400,210.0,1190.0,470.0,Debit Card
ORD02694,2026-09-13,C0344,P010,S007,4,0,1000,0.0,1000.0,560.0,UPI
ORD02695,2025-04-17,C0206,P020,S007,2,0,1500,0.0,1500.0,660.0,UPI
ORD02696,2026-06-26,C0358,P052,S006,2,20,100,20.0,80.0,20.0,Credit Card
ORD02697,2024-02-15,C0329,P077,S006,1,0,220,0.0,220.0,120.0,Cash
ORD02698,2024-08-07,C0324,P040,S007,1,0,55,0.0,55.0,13.0,Cash
ORD02699,2024-01-16,C0060,P070,S003,1,10,300,30.0,270.0,100.0,UPI
ORD02700,2024-09-12,C0343,P026,S007,1,0,160,0.0,160.0,85.0,Wallet
ORD02701,2026-07-13,C0150,P086,S002,1,15,1500,225.0,1275.0,375.0,UPI
ORD02702,2026-06-25,C0163,P010,S005,2,10,500,50.0,450.0,230.0,UPI
ORD02703,2024-12-19,C0021,P025,S008,1,10,220,22.0,198.0,88.0,UPI
ORD02704,2026-08-03,C0278,P069,S005,1,0,220,0.0,220.0,100.0,Credit Card
ORD02705,2026-10-27,C0069,P062,S001,1,15,280,42.0,238.0,78.0,Debit Card
ORD02706,2024-07-24,C0343,P042,S007,1,0,90,0.0,90.0,35.0,Wallet
ORD02707,2026-05-17,C0166,P043,S001,2,5,560,28.0,532.0,192.0,Credit Card
ORD02708,2026-01-20,C0006,P070,S006,1,0,300,0.0,300.0,130.0,UPI
ORD02709,2025-12-02,C0209,P064,S006,2,0,160,0.0,160.0,90.0,UPI
ORD02710,2025-05-19,C0154,P040,S007,1,10,55,5.5,49.5,7.5,UPI
ORD02711,2025-08-12,C0257,P091,S004,1,5,250,12.5,237.5,127.5,UPI
ORD02712,2026-03-31,C0371,P029,S005,1,10,650,65.0,585.0,205.0,UPI
ORD02713,2025-01-07,C0102,P049,S008,1,15,30,4.5,25.5,10.5,Debit Card
ORD02714,2026-05-29,C0386,P039,S006,2,5,360,18.0,342.0,62.0,UPI
ORD02715,2025-12-25,C0261,P050,S007,3,10,450,45.0,405.0,135.0,Credit Card
ORD02716,2026-06-19,C0145,P020,S006,4,10,3000,300.0,2700.0,1020.0,Cash
ORD02717,2024-12-14,C0379,P039,S006,1,0,180,0.0,180.0,40.0,UPI
ORD02718,2024-02-08,C0323,P078,S007,1,20,350,70.0,280.0,100.0,Credit Card
ORD02719,2025-09-28,C0003,P045,S004,4,5,1400,70.0,1330.0,450.0,UPI
ORD02720,2024-08-26,C0149,P011,S001,1,5,2500,125.0,2375.0,675.0,Debit Card
ORD02721,2025-05-31,C0052,P016,S003,1,10,650,65.0,585.0,225.0,UPI
ORD02722,2024-05-19,C0121,P025,S002,3,5,660,33.0,627.0,297.0,Debit Card
ORD02723,2025-07-06,C0351,P061,S007,2,0,700,0.0,700.0,300.0,Debit Card
ORD02724,2025-10-10,C0233,P063,S004,1,5,120,6.0,114.0,44.0,Credit Card
ORD02725,2025-09-01,C0272,P064,S006,2,5,160,8.0,152.0,82.0,Credit Card
ORD02726,2026-12-19,C0243,P092,S002,2,5,3600,180.0,3420.0,1220.0,UPI
ORD02727,2024-09-03,C0313,P052,S006,3,0,150,0.0,150.0,60.0,Credit Card
ORD02728,2026-04-21,C0388,P028,S002,4,20,1400,280.0,1120.0,400.0,UPI
ORD02729,2024-04-10,C0195,P048,S002,2,5,900,45.0,855.0,255.0,UPI
ORD02730,2025-10-22,C0115,P070,S006,1,10,300,30.0,270.0,100.0,Credit Card
ORD02731,2025-08-15,C0292,P049,S003,2,15,60,9.0,51.0,21.0,Wallet
ORD02732,2024-01-31,C0349,P040,S003,1,10,55,5.5,49.5,7.5,UPI
ORD02733,2024-11-29,C0261,P073,S007,1,5,900,45.0,855.0,205.0,Wallet
ORD02734,2024-08-04,C0112,P076,S007,1,0,250,0.0,250.0,130.0,UPI
ORD02735,2024-02-26,C0148,P049,S005,2,10,60,6.0,54.0,24.0,UPI
ORD02736,2024-06-20,C0254,P083,S005,1,10,550,55.0,495.0,145.0,Debit Card
ORD02737,2026-10-30,C0196,P057,S002,3,0,420,0.0,420.0,180.0,UPI
ORD02738,2026-06-29,C0169,P022,S006,4,10,6000,600.0,5400.0,1600.0,Credit Card
ORD02739,2025-08-16,C0168,P055,S008,4,5,360,18.0,342.0,142.0,Cash
ORD02740,2026-03-28,C0129,P083,S008,3,0,1650,0.0,1650.0,600.0,UPI
ORD02741,2026-07-13,C0169,P065,S006,4,15,560,84.0,476.0,196.0,Credit Card
ORD02742,2025-04-22,C0167,P066,S008,2,0,600,0.0,600.0,240.0,Credit Card
ORD02743,2024-01-24,C0042,P045,S001,2,0,700,0.0,700.0,260.0,UPI
ORD02744,2026-05-07,C0181,P040,S004,2,5,110,5.5,104.5,20.5,UPI
ORD02745,2025-01-21,C0041,P079,S007,1,0,500,0.0,500.0,220.0,Credit Card
ORD02746,2024-06-21,C0227,P004,S008,4,5,6000,300.0,5700.0,2100.0,Credit Card
ORD02747,2025-07-07,C0193,P067,S007,3,5,1350,67.5,1282.5,442.5,Credit Card
ORD02748,2024-11-04,C0332,P088,S005,3,5,6000,300.0,5700.0,1800.0,Wallet
ORD02749,2026-09-04,C0341,P094,S005,2,0,700,0.0,700.0,360.0,UPI
ORD02750,2024-08-29,C0397,P047,S008,1,10,250,25.0,225.0,75.0,Debit Card
ORD02751,2025-12-27,C0165,P038,S001,2,5,600,30.0,570.0,130.0,UPI
ORD02752,2025-04-04,C0345,P037,S003,1,0,650,0.0,650.0,150.0,UPI
ORD02753,2026-03-26,C0171,P093,S001,1,5,450,22.5,427.5,177.5,Cash
ORD02754,2025-08-02,C0042,P095,S001,3,0,1800,0.0,1800.0,840.0,Credit Card
ORD02755,2026-05-29,C0108,P068,S005,1,5,250,12.5,237.5,97.5,UPI
ORD02756,2024-01-24,C0374,P010,S003,1,0,250,0.0,250.0,140.0,UPI
ORD02757,2025-12-29,C0334,P013,S005,1,5,500,25.0,475.0,195.0,UPI
ORD02758,2024-01-01,C0188,P048,S006,2,5,900,45.0,855.0,255.0,Debit Card
ORD02759,2026-12-30,C0253,P030,S002,2,0,360,0.0,360.0,200.0,UPI
ORD02760,2025-06-13,C0228,P044,S006,1,0,120,0.0,120.0,50.0,Wallet
ORD02761,2024-05-19,C0341,P041,S005,1,5,30,1.5,28.5,8.5,UPI
ORD02762,2025-03-15,C0377,P025,S008,5,0,1100,0.0,1100.0,550.0,Cash
ORD02763,2025-05-23,C0317,P091,S008,1,10,250,25.0,225.0,115.0,Credit Card
ORD02764,2025-02-22,C0221,P072,S004,2,0,240,0.0,240.0,120.0,UPI
ORD02765,2024-01-01,C0375,P071,S007,1,20,180,36.0,144.0,44.0,UPI
ORD02766,2026-11-12,C0251,P036,S007,3,10,600,60.0,540.0,270.0,Wallet
ORD02767,2025-07-24,C0266,P048,S008,3,5,1350,67.5,1282.5,382.5,UPI
ORD02768,2026-05-28,C0121,P060,S002,1,0,70,0.0,70.0,30.0,UPI
ORD02769,2024-02-27,C0151,P032,S003,3,0,600,0.0,600.0,315.0,Cash
ORD02770,2026-09-18,C0097,P046,S001,3,15,1200,180.0,1020.0,240.0,UPI
ORD02771,2025-06-13,C0282,P038,S008,2,5,600,30.0,570.0,130.0,Credit Card
ORD02772,2024-01-06,C0107,P006,S001,3,5,1950,97.5,1852.5,802.5,Credit Card
ORD02773,2024-06-12,C0021,P001,S008,1,0,1200,0.0,1200.0,450.0,Cash
ORD02774,2025-04-08,C0302,P022,S001,3,5,4500,225.0,4275.0,1425.0,Wallet
ORD02775,2025-06-26,C0032,P056,S005,2,5,120,6.0,114.0,44.0,Credit Card
ORD02776,2025-05-24,C0323,P068,S007,2,5,500,25.0,475.0,195.0,Debit Card
ORD02777,2025-09-30,C0065,P048,S005,4,0,1800,0.0,1800.0,600.0,UPI
ORD02778,2024-07-03,C0146,P090,S005,1,5,300,15.0,285.0,135.0,Wallet
ORD02779,2024-04-10,C0011,P067,S002,1,5,450,22.5,427.5,147.5,Debit Card
ORD02780,2024-04-29,C0319,P052,S007,3,10,150,15.0,135.0,45.0,Wallet
ORD02781,2026-02-20,C0222,P027,S007,3,0,1350,0.0,1350.0,630.0,UPI
ORD02782,2026-05-15,C0034,P043,S008,2,0,560,0.0,560.0,220.0,Cash
ORD02783,2026-03-19,C0092,P041,S004,1,0,30,0.0,30.0,10.0,Credit Card
ORD02784,2024-09-14,C0011,P070,S002,1,5,300,15.0,285.0,115.0,UPI
ORD02785,2026-02-15,C0353,P051,S002,2,0,320,0.0,320.0,130.0,Credit Card
ORD02786,2025-09-08,C0256,P050,S006,3,0,450,0.0,450.0,180.0,Wallet
ORD02787,2024-04-06,C0079,P036,S005,1,0,200,0.0,200.0,110.0,UPI
ORD02788,2026-06-09,C0162,P076,S005,1,0,250,0.0,250.0,130.0,UPI
ORD02789,2024-11-09,C0058,P046,S006,1,15,400,60.0,340.0,80.0,Credit Card
ORD02790,2024-02-29,C0076,P043,S005,2,10,560,56.0,504.0,164.0,UPI
ORD02791,2025-03-28,C0297,P029,S002,1,5,650,32.5,617.5,237.5,Credit Card
ORD02792,2025-05-11,C0336,P041,S002,3,0,90,0.0,90.0,30.0,Debit Card
ORD02793,2024-09-24,C0231,P074,S001,3,0,2550,0.0,2550.0,750.0,Credit Card
ORD02794,2024-04-20,C0063,P072,S005,1,5,120,6.0,114.0,54.0,Credit Card
ORD02795,2024-04-19,C0053,P037,S002,1,15,650,97.5,552.5,52.5,Credit Card
ORD02796,2024-08-30,C0057,P078,S005,1,0,350,0.0,350.0,170.0,Wallet
ORD02797,2026-05-26,C0268,P069,S005,4,5,880,44.0,836.0,356.0,Debit Card
ORD02798,2024-10-02,C0044,P025,S003,2,0,440,0.0,440.0,220.0,UPI
ORD02799,2024-07-23,C0244,P019,S005,1,15,900,135.0,765.0,265.0,Cash
ORD02800,2025-05-29,C0055,P071,S002,2,5,360,18.0,342.0,142.0,UPI
ORD02801,2024-01-31,C0366,P006,S004,1,5,650,32.5,617.5,267.5,Wallet
ORD02802,2026-10-09,C0296,P048,S003,1,15,450,67.5,382.5,82.5,UPI
ORD02803,2026-01-03,C0301,P055,S005,1,10,90,9.0,81.0,31.0,UPI
ORD02804,2026-07-02,C0335,P062,S006,1,10,280,28.0,252.0,92.0,Debit Card
ORD02805,2026-05-20,C0325,P076,S006,1,10,250,25.0,225.0,105.0,Wallet
ORD02806,2026-12-18,C0086,P008,S003,2,15,1200,180.0,1020.0,380.0,UPI
ORD02807,2026-03-01,C0174,P043,S008,3,5,840,42.0,798.0,288.0,Credit Card
ORD02808,2024-12-11,C0397,P038,S008,1,5,300,15.0,285.0,65.0,UPI
ORD02809,2025-04-21,C0047,P023,S004,2,15,440,66.0,374.0,174.0,UPI
ORD02810,2025-07-03,C0394,P070,S006,1,10,300,30.0,270.0,100.0,Credit Card
ORD02811,2026-01-22,C0260,P026,S006,1,5,160,8.0,152.0,77.0,Debit Card
ORD02812,2024-06-06,C0346,P074,S003,1,15,850,127.5,722.5,122.5,UPI
ORD02813,2026-07-05,C0182,P066,S005,1,5,300,15.0,285.0,105.0,Debit Card
ORD02814,2026-10-03,C0135,P069,S001,2,10,440,44.0,396.0,156.0,UPI
ORD02815,2026-03-26,C0283,P045,S006,3,0,1050,0.0,1050.0,390.0,UPI
ORD02816,2024-12-06,C0176,P051,S001,1,15,160,24.0,136.0,41.0,Credit Card
ORD02817,2024-12-13,C0129,P046,S008,3,0,1200,0.0,1200.0,420.0,UPI
ORD02818,2024-05-17,C0046,P041,S002,2,0,60,0.0,60.0,20.0,UPI
ORD02819,2025-11-04,C0024,P001,S002,1,0,1200,0.0,1200.0,450.0,Wallet
ORD02820,2025-10-27,C0370,P093,S004,2,0,900,0.0,900.0,400.0,Debit Card
ORD02821,2025-04-15,C0344,P029,S007,3,0,1950,0.0,1950.0,810.0,Cash
ORD02822,2024-07-31,C0212,P081,S005,2,10,400,40.0,360.0,120.0,UPI
ORD02823,2025-08-09,C0303,P048,S007,2,0,900,0.0,900.0,300.0,Credit Card
ORD02824,2025-07-25,C0100,P088,S008,1,15,2000,300.0,1700.0,400.0,Wallet
ORD02825,2026-05-25,C0369,P029,S001,1,5,650,32.5,617.5,237.5,Cash
ORD02826,2024-05-15,C0109,P073,S004,2,5,1800,90.0,1710.0,410.0,Credit Card
ORD02827,2024-08-07,C0228,P068,S006,1,10,250,25.0,225.0,85.0,Debit Card
ORD02828,2025-10-18,C0057,P072,S005,2,0,240,0.0,240.0,120.0,Credit Card
ORD02829,2025-06-07,C0027,P039,S004,3,10,540,54.0,486.0,66.0,Cash
ORD02830,2026-05-21,C0149,P054,S001,5,5,550,27.5,522.5,197.5,Debit Card
ORD02831,2024-05-04,C0139,P073,S006,1,20,900,180.0,720.0,70.0,Credit Card
ORD02832,2026-09-08,C0219,P072,S007,1,10,120,12.0,108.0,48.0,Debit Card
ORD02833,2025-04-21,C0046,P028,S002,1,0,350,0.0,350.0,170.0,Debit Card
ORD02834,2026-02-19,C0372,P051,S008,2,0,320,0.0,320.0,130.0,UPI
ORD02835,2025-04-08,C0002,P029,S002,2,0,1300,0.0,1300.0,540.0,UPI
ORD02836,2024-07-30,C0156,P060,S003,1,0,70,0.0,70.0,30.0,Debit Card
ORD02837,2024-03-02,C0276,P041,S008,1,10,30,3.0,27.0,7.0,Wallet
ORD02838,2024-12-19,C0069,P059,S001,2,0,200,0.0,200.0,90.0,Credit Card
ORD02839,2024-10-06,C0014,P092,S004,3,0,5400,0.0,5400.0,2100.0,UPI
ORD02840,2024-02-03,C0307,P077,S008,1,5,220,11.0,209.0,109.0,Credit Card
ORD02841,2024-04-02,C0322,P047,S001,4,5,1000,50.0,950.0,350.0,Debit Card
ORD02842,2026-09-11,C0205,P051,S004,2,0,320,0.0,320.0,130.0,Credit Card
ORD02843,2025-01-22,C0007,P067,S002,1,10,450,45.0,405.0,125.0,UPI
ORD02844,2025-04-26,C0172,P088,S002,3,0,6000,0.0,6000.0,2100.0,UPI
ORD02845,2024-06-23,C0108,P027,S005,2,10,900,90.0,810.0,330.0,Debit Card
ORD02846,2024-11-09,C0188,P033,S006,1,20,280,56.0,224.0,84.0,UPI
ORD02847,2024-07-19,C0054,P055,S002,1,0,90,0.0,90.0,40.0,Debit Card
ORD02848,2026-04-07,C0362,P012,S003,4,0,720,0.0,720.0,400.0,Cash
ORD02849,2025-11-05,C0115,P032,S006,2,0,400,0.0,400.0,210.0,UPI
ORD02850,2024-04-04,C0261,P002,S007,1,20,900,180.0,720.0,200.0,Debit Card
ORD02851,2024-07-07,C0316,P042,S003,1,15,90,13.5,76.5,21.5,UPI
ORD02852,2024-06-26,C0208,P042,S008,2,10,180,18.0,162.0,52.0,Cash
ORD02853,2025-07-31,C0268,P090,S005,1,0,300,0.0,300.0,150.0,UPI
ORD02854,2025-07-04,C0199,P038,S004,3,5,900,45.0,855.0,195.0,Credit Card
ORD02855,2025-02-02,C0152,P002,S004,1,5,900,45.0,855.0,335.0,UPI
ORD02856,2026-12-30,C0254,P021,S005,2,0,2000,0.0,2000.0,800.0,UPI
ORD02857,2024-02-01,C0271,P043,S007,2,5,560,28.0,532.0,192.0,Credit Card
ORD02858,2024-08-30,C0024,P039,S002,2,20,360,72.0,288.0,8.0,Debit Card
ORD02859,2024-05-28,C0185,P046,S006,1,0,400,0.0,400.0,140.0,Credit Card
ORD02860,2026-07-17,C0176,P029,S001,3,5,1950,97.5,1852.5,712.5,Cash
ORD02861,2025-04-29,C0203,P011,S005,1,15,2500,375.0,2125.0,425.0,UPI
ORD02862,2026-01-04,C0055,P074,S002,2,20,1700,340.0,1360.0,160.0,Credit Card
ORD02863,2025-01-17,C0350,P041,S004,1,0,30,0.0,30.0,10.0,UPI
ORD02864,2026-01-24,C0172,P075,S002,4,15,1200,180.0,1020.0,340.0,Debit Card
ORD02865,2026-11-11,C0246,P048,S007,4,5,1800,90.0,1710.0,510.0,Credit Card
ORD02866,2024-10-09,C0326,P062,S001,1,0,280,0.0,280.0,120.0,UPI
ORD02867,2024-10-23,C0217,P037,S002,2,5,1300,65.0,1235.0,235.0,Wallet
ORD02868,2024-12-17,C0394,P048,S006,4,0,1800,0.0,1800.0,600.0,Credit Card
ORD02869,2025-06-25,C0252,P046,S001,2,0,800,0.0,800.0,280.0,Wallet
ORD02870,2025-12-10,C0206,P015,S007,1,10,350,35.0,315.0,135.0,UPI
ORD02871,2026-12-13,C0354,P048,S008,1,10,450,45.0,405.0,105.0,UPI
ORD02872,2024-02-06,C0349,P067,S003,4,0,1800,0.0,1800.0,680.0,Debit Card
ORD02873,2025-12-01,C0008,P027,S005,4,5,1800,90.0,1710.0,750.0,UPI
ORD02874,2026-08-20,C0346,P019,S003,5,5,4500,225.0,4275.0,1775.0,Wallet
ORD02875,2025-07-27,C0209,P056,S006,1,0,60,0.0,60.0,25.0,Credit Card
ORD02876,2026-12-28,C0254,P087,S005,1,5,700,35.0,665.0,265.0,UPI
ORD02877,2024-05-28,C0271,P092,S007,1,15,1800,270.0,1530.0,430.0,Wallet
ORD02878,2026-02-03,C0273,P071,S001,1,0,180,0.0,180.0,80.0,Debit Card
ORD02879,2024-04-30,C0213,P096,S003,1,5,500,25.0,475.0,215.0,Wallet
ORD02880,2026-08-07,C0196,P052,S002,3,0,150,0.0,150.0,60.0,Cash
ORD02881,2025-01-15,C0077,P005,S006,1,10,300,30.0,270.0,120.0,UPI
ORD02882,2026-06-21,C0213,P048,S003,1,5,450,22.5,427.5,127.5,UPI
ORD02883,2024-05-25,C0137,P008,S008,3,5,1800,90.0,1710.0,750.0,Debit Card
ORD02884,2026-09-17,C0102,P009,S008,1,10,800,80.0,720.0,270.0,Wallet
ORD02885,2026-10-29,C0106,P003,S007,1,10,350,35.0,315.0,135.0,Debit Card
ORD02886,2024-10-15,C0388,P025,S002,2,0,440,0.0,440.0,220.0,Credit Card
ORD02887,2026-04-24,C0384,P025,S003,1,5,220,11.0,209.0,99.0,UPI
ORD02888,2024-08-24,C0300,P037,S004,1,10,650,65.0,585.0,85.0,Wallet
ORD02889,2026-11-20,C0365,P066,S006,5,0,1500,0.0,1500.0,600.0,UPI
ORD02890,2025-03-12,C0274,P043,S007,4,10,1120,112.0,1008.0,328.0,UPI
ORD02891,2024-04-02,C0058,P029,S006,1,10,650,65.0,585.0,205.0,Debit Card
ORD02892,2025-01-10,C0392,P045,S003,1,15,350,52.5,297.5,77.5,UPI
ORD02893,2026-01-07,C0371,P079,S005,1,5,500,25.0,475.0,195.0,Cash
ORD02894,2024-11-06,C0076,P032,S005,1,15,200,30.0,170.0,75.0,Wallet
ORD02895,2026-05-29,C0180,P041,S008,1,5,30,1.5,28.5,8.5,UPI
ORD02896,2025-05-29,C0074,P068,S004,3,15,750,112.5,637.5,217.5,Credit Card
ORD02897,2024-12-28,C0199,P047,S004,1,15,250,37.5,212.5,62.5,Debit Card
ORD02898,2025-09-02,C0191,P059,S008,1,0,100,0.0,100.0,45.0,UPI
ORD02899,2026-07-01,C0347,P028,S007,3,15,1050,157.5,892.5,352.5,Debit Card
ORD02900,2026-07-08,C0123,P038,S004,2,0,600,0.0,600.0,160.0,UPI
ORD02901,2025-02-25,C0309,P041,S005,2,10,60,6.0,54.0,14.0,UPI
ORD02902,2025-11-13,C0232,P010,S004,1,0,250,0.0,250.0,140.0,Debit Card
ORD02903,2024-02-26,C0188,P035,S006,2,5,600,30.0,570.0,270.0,Cash
ORD02904,2024-06-19,C0297,P007,S002,5,5,2250,112.5,2137.5,1037.5,Credit Card
ORD02905,2024-02-09,C0278,P041,S005,1,10,30,3.0,27.0,7.0,Debit Card
ORD02906,2026-03-07,C0283,P048,S006,1,10,450,45.0,405.0,105.0,UPI
ORD02907,2026-01-29,C0098,P004,S003,4,0,6000,0.0,6000.0,2400.0,Wallet
ORD02908,2024-06-19,C0395,P029,S005,2,20,1300,260.0,1040.0,280.0,Cash
ORD02909,2025-01-08,C0330,P053,S003,1,0,120,0.0,120.0,50.0,Debit Card
ORD02910,2024-05-01,C0331,P055,S003,1,15,90,13.5,76.5,26.5,Debit Card
ORD02911,2024-04-13,C0321,P058,S002,1,0,40,0.0,40.0,18.0,UPI
ORD02912,2025-01-09,C0400,P066,S002,4,0,1200,0.0,1200.0,480.0,Debit Card
ORD02913,2025-06-15,C0106,P060,S007,1,15,70,10.5,59.5,19.5,UPI
ORD02914,2024-03-30,C0112,P042,S007,4,5,360,18.0,342.0,122.0,Debit Card
ORD02915,2024-09-21,C0364,P071,S003,2,5,360,18.0,342.0,142.0,Wallet
ORD02916,2026-01-19,C0015,P064,S004,2,15,160,24.0,136.0,66.0,Debit Card
ORD02917,2024-04-08,C0309,P064,S005,1,0,80,0.0,80.0,45.0,Wallet
ORD02918,2025-09-14,C0070,P056,S003,3,0,180,0.0,180.0,75.0,Debit Card
ORD02919,2024-01-07,C0242,P051,S007,1,0,160,0.0,160.0,65.0,UPI
ORD02920,2024-04-03,C0041,P028,S007,2,10,700,70.0,630.0,270.0,Debit Card
ORD02921,2025-09-06,C0080,P007,S002,2,15,900,135.0,765.0,325.0,Wallet
ORD02922,2025-11-20,C0386,P090,S006,2,0,600,0.0,600.0,300.0,Credit Card
ORD02923,2025-05-13,C0203,P045,S005,4,10,1400,140.0,1260.0,380.0,UPI
ORD02924,2026-03-05,C0298,P004,S002,1,0,1500,0.0,1500.0,600.0,Wallet
ORD02925,2024-01-27,C0106,P051,S007,2,0,320,0.0,320.0,130.0,Credit Card
ORD02926,2024-04-30,C0373,P096,S007,1,0,500,0.0,500.0,240.0,Credit Card
ORD02927,2025-05-09,C0170,P035,S008,5,5,1500,75.0,1425.0,675.0,Debit Card
ORD02928,2025-03-22,C0179,P015,S005,2,5,700,35.0,665.0,305.0,UPI
ORD02929,2026-02-06,C0213,P060,S003,3,0,210,0.0,210.0,90.0,UPI
ORD02930,2024-11-17,C0254,P045,S005,1,0,350,0.0,350.0,130.0,UPI
ORD02931,2026-10-07,C0318,P011,S005,1,0,2500,0.0,2500.0,800.0,Cash
ORD02932,2024-08-04,C0129,P031,S008,2,0,240,0.0,240.0,140.0,Credit Card
ORD02933,2024-11-02,C0382,P058,S006,1,0,40,0.0,40.0,18.0,UPI
ORD02934,2024-03-06,C0394,P007,S006,2,5,900,45.0,855.0,415.0,Cash
ORD02935,2024-04-05,C0274,P066,S007,1,0,300,0.0,300.0,120.0,Debit Card
ORD02936,2026-04-27,C0134,P037,S005,2,0,1300,0.0,1300.0,300.0,UPI
ORD02937,2024-06-30,C0374,P092,S003,1,0,1800,0.0,1800.0,700.0,Debit Card
ORD02938,2024-01-14,C0237,P049,S006,1,10,30,3.0,27.0,12.0,Wallet
ORD02939,2026-07-23,C0071,P091,S004,1,15,250,37.5,212.5,102.5,Credit Card
ORD02940,2026-07-12,C0012,P067,S008,1,5,450,22.5,427.5,147.5,UPI
ORD02941,2026-05-17,C0219,P024,S007,1,0,180,0.0,180.0,95.0,UPI
ORD02942,2026-05-08,C0305,P081,S005,2,15,400,60.0,340.0,100.0,Debit Card
ORD02943,2024-10-16,C0045,P075,S002,1,0,300,0.0,300.0,130.0,UPI
ORD02944,2024-02-20,C0160,P091,S007,2,0,500,0.0,500.0,280.0,Wallet
ORD02945,2025-12-06,C0346,P024,S003,1,10,180,18.0,162.0,77.0,UPI
ORD02946,2024-12-17,C0063,P030,S005,2,0,360,0.0,360.0,200.0,UPI
ORD02947,2024-09-11,C0078,P094,S007,2,15,700,105.0,595.0,255.0,Debit Card
ORD02948,2024-07-12,C0111,P053,S008,1,10,120,12.0,108.0,38.0,Credit Card
ORD02949,2026-01-30,C0334,P026,S005,1,5,160,8.0,152.0,77.0,Debit Card
ORD02950,2026-08-07,C0386,P083,S006,2,5,1100,55.0,1045.0,345.0,Debit Card
ORD02951,2026-10-07,C0226,P008,S007,3,10,1800,180.0,1620.0,660.0,Wallet
ORD02952,2025-03-18,C0032,P046,S005,1,20,400,80.0,320.0,60.0,Credit Card
ORD02953,2026-09-09,C0212,P024,S005,3,10,540,54.0,486.0,231.0,UPI
ORD02954,2025-09-28,C0239,P086,S008,3,10,4500,450.0,4050.0,1350.0,Wallet
ORD02955,2026-09-03,C0265,P014,S002,1,0,700,0.0,700.0,320.0,Credit Card
ORD02956,2024-09-18,C0365,P051,S006,2,10,320,32.0,288.0,98.0,UPI
ORD02957,2024-10-12,C0141,P059,S005,1,5,100,5.0,95.0,40.0,UPI
ORD02958,2024-09-26,C0102,P031,S008,4,15,480,72.0,408.0,208.0,Debit Card
ORD02959,2026-01-07,C0301,P004,S005,2,10,3000,300.0,2700.0,900.0,Debit Card
ORD02960,2024-01-27,C0063,P060,S005,1,5,70,3.5,66.5,26.5,Wallet
ORD02961,2024-11-01,C0327,P032,S006,1,10,200,20.0,180.0,85.0,Credit Card
ORD02962,2024-09-17,C0279,P082,S002,2,0,560,0.0,560.0,260.0,UPI
ORD02963,2024-09-24,C0125,P034,S006,2,0,500,0.0,500.0,260.0,Cash
ORD02964,2026-03-21,C0347,P042,S007,1,10,90,9.0,81.0,26.0,Cash
ORD02965,2025-04-17,C0135,P039,S001,4,0,720,0.0,720.0,160.0,Credit Card
ORD02966,2024-07-15,C0157,P048,S001,2,0,900,0.0,900.0,300.0,Debit Card
ORD02967,2024-11-27,C0023,P053,S008,1,10,120,12.0,108.0,38.0,Cash
ORD02968,2024-05-31,C0071,P096,S004,2,0,1000,0.0,1000.0,480.0,Credit Card
ORD02969,2024-11-21,C0338,P082,S006,4,0,1120,0.0,1120.0,520.0,Wallet
ORD02970,2025-05-22,C0060,P001,S003,3,10,3600,360.0,3240.0,990.0,Cash
ORD02971,2026-03-03,C0151,P008,S003,1,0,600,0.0,600.0,280.0,UPI
ORD02972,2024-08-30,C0119,P081,S004,1,0,200,0.0,200.0,80.0,UPI
ORD02973,2026-01-24,C0172,P045,S002,4,0,1400,0.0,1400.0,520.0,Wallet
ORD02974,2024-03-24,C0386,P040,S006,1,10,55,5.5,49.5,7.5,Wallet
ORD02975,2026-11-14,C0266,P003,S008,1,0,350,0.0,350.0,170.0,Credit Card
ORD02976,2025-06-05,C0071,P064,S004,1,0,80,0.0,80.0,45.0,Wallet
ORD02977,2025-02-06,C0376,P048,S002,2,5,900,45.0,855.0,255.0,UPI
ORD02978,2026-05-03,C0392,P036,S003,1,0,200,0.0,200.0,110.0,Credit Card
ORD02979,2025-01-23,C0232,P017,S004,1,0,250,0.0,250.0,120.0,UPI
ORD02980,2024-08-28,C0206,P080,S007,1,20,1800,360.0,1440.0,240.0,UPI
ORD02981,2024-10-08,C0007,P071,S002,2,15,360,54.0,306.0,106.0,Credit Card
ORD02982,2024-12-05,C0111,P028,S008,3,5,1050,52.5,997.5,457.5,Wallet
ORD02983,2026-10-06,C0018,P042,S003,2,10,180,18.0,162.0,52.0,UPI
ORD02984,2026-04-14,C0202,P059,S008,1,0,100,0.0,100.0,45.0,UPI
ORD02985,2024-06-22,C0073,P070,S003,2,5,600,30.0,570.0,230.0,UPI
ORD02986,2025-11-24,C0289,P026,S006,3,10,480,48.0,432.0,207.0,Wallet
ORD02987,2026-08-01,C0029,P029,S006,5,0,3250,0.0,3250.0,1350.0,UPI
ORD02988,2026-12-24,C0363,P009,S007,1,15,800,120.0,680.0,230.0,Wallet
ORD02989,2025-05-08,C0128,P012,S007,1,10,180,18.0,162.0,82.0,UPI
ORD02990,2026-10-19,C0011,P056,S002,1,10,60,6.0,54.0,19.0,UPI
ORD02991,2026-03-10,C0017,P045,S006,4,5,1400,70.0,1330.0,450.0,UPI
ORD02992,2026-07-17,C0374,P029,S003,1,10,650,65.0,585.0,205.0,Debit Card
ORD02993,2025-11-18,C0106,P085,S007,1,0,1200,0.0,1200.0,500.0,UPI
ORD02994,2025-07-08,C0196,P038,S002,1,15,300,45.0,255.0,35.0,Credit Card
ORD02995,2024-05-10,C0287,P040,S002,1,15,55,8.25,46.75,4.75,UPI
ORD02996,2025-08-07,C0034,P013,S008,1,5,500,25.0,475.0,195.0,Wallet
ORD02997,2025-09-19,C0066,P058,S007,2,10,80,8.0,72.0,28.0,UPI
ORD02998,2024-10-19,C0328,P046,S006,4,5,1600,80.0,1520.0,480.0,UPI
ORD02999,2025-01-07,C0238,P081,S007,1,15,200,30.0,170.0,50.0,UPI
ORD03000,2025-07-19,C0380,P078,S008,1,0,350,0.0,350.0,170.0,Debit Card
