Order_ID,Order_Date,Customer_ID,Product_ID,Store_ID,Quantity,Unit_Price,Unit_Cost,Discount_Percent,Gross_Sales,Discount_Amount,Revenue,Profit,Payment_Method,Product_Name,Category,Customer_Name,City,Age_Group,Member_Type,Store_Name,Store_Type
ORD00001,2024-11-06,C0240,P035,S004,1,300,150,5,300,15.0,285.0,135.0,Credit Card,Bucket,Cleaning & Household,Arjun Joshi,Hyderabad,55+,Regular,FreshMart Hyderabad,Supermarket
ORD00002,2024-05-07,C0082,P041,S001,2,30,20,5,60,3.0,57.0,17.0,Credit Card,Salt 1kg,Groceries & Food,Karan Kumar,Delhi,45-54,Regular,FreshMart Delhi Central,Supermarket
ORD00003,2026-09-06,C0044,P096,S003,2,500,260,0,1000,0.0,1000.0,480.0,UPI,Desk Organizer,Home & Living,Rohan Mehta,Bengaluru,35-44,Regular,FreshMart Bengaluru Hub,Hypermarket
ORD00004,2025-12-02,C0066,P096,S007,2,500,260,15,1000,150.0,850.0,330.0,Debit Card,Desk Organizer,Home & Living,Vivaan Verma,Kolkata,35-44,Regular,FreshMart Kolkata,Supermarket
ORD00005,2025-06-25,C0365,P067,S006,2,450,280,0,900,0.0,900.0,340.0,UPI,Moisturizer,Personal Care,Ananya Singh,Pune,55+,Gold,FreshMart Pune,Supermarket
ORD00006,2025-04-05,C0357,P043,S003,4,280,170,20,1120,224.0,896.0,216.0,Debit Card,Breakfast Cereal,Groceries & Food,Arjun Singh,Bengaluru,25-34,Silver,FreshMart Bengaluru Hub,Hypermarket
ORD00007,2026-09-28,C0130,P065,S006,1,140,70,0,140,0.0,140.0,70.0,Wallet,Hand Wash,Personal Care,Meera Kumar,Pune,25-34,Gold,FreshMart Pune,Supermarket
ORD00008,2025-07-14,C0374,P070,S003,1,300,170,5,300,15.0,285.0,115.0,Credit Card,Razor Pack,Personal Care,Ananya Das,Bengaluru,35-44,Gold,FreshMart Bengaluru Hub,Hypermarket
ORD00009,2026-03-19,C0355,P087,S002,3,700,400,20,2100,420.0,1680.0,480.0,Cash,Pillow,Home & Living,Ananya Patel,Mumbai,55+,Regular,FreshMart Mumbai West,Supermarket
ORD00010,2025-08-12,C0048,P025,S001,4,220,110,0,880,0.0,880.0,440.0,Wallet,Floor Cleaner,Cleaning & Household,Rahul Mehta,Delhi,45-54,Regular,FreshMart Delhi Central,Supermarket
ORD00011,2026-09-08,C0005,P060,S005,1,70,40,10,70,7.0,63.0,23.0,UPI,Coconut Water,Beverages,Kavya Das,Chennai,18-24,Silver,FreshMart Chennai,Supermarket
ORD00012,2025-07-10,C0133,P059,S008,1,100,55,5,100,5.0,95.0,40.0,Credit Card,Iced Tea,Beverages,Ananya Gupta,Ahmedabad,25-34,Regular,FreshMart Ahmedabad,Supermarket
ORD00013,2026-12-23,C0278,P031,S005,1,120,50,0,120,0.0,120.0,70.0,UPI,Cleaning Sponge Pack,Cleaning & Household,Aditya Mehta,Chennai,35-44,Regular,FreshMart Chennai,Supermarket
ORD00014,2024-12-10,C0121,P037,S002,5,650,500,0,3250,0.0,3250.0,750.0,Debit Card,Basmati Rice 5kg,Groceries & Food,Priya Gupta,Mumbai,25-34,Platinum,FreshMart Mumbai West,Supermarket
ORD00015,2026-09-01,C0343,P079,S007,2,500,280,0,1000,0.0,1000.0,440.0,Wallet,Pet Leash,Pet Supplies,Priya Das,Kolkata,35-44,Silver,FreshMart Kolkata,Supermarket
ORD00016,2024-05-01,C0392,P035,S003,4,300,150,0,1200,0.0,1200.0,600.0,Credit Card,Bucket,Cleaning & Household,Rohan Das,Bengaluru,35-44,Gold,FreshMart Bengaluru Hub,Hypermarket
ORD00017,2024-03-17,C0109,P037,S004,4,650,500,0,2600,0.0,2600.0,600.0,Cash,Basmati Rice 5kg,Groceries & Food,Neha Khan,Hyderabad,45-54,Regular,FreshMart Hyderabad,Supermarket
ORD00018,2024-03-15,C0187,P013,S007,5,500,280,0,2500,0.0,2500.0,1100.0,Credit Card,Bath Towel,Bathroom Items,Amit Das,Kolkata,25-34,Gold,FreshMart Kolkata,Supermarket
ORD00019,2025-08-15,C0143,P090,S004,3,300,150,0,900,0.0,900.0,450.0,Credit Card,Photo Frame,Home & Living,Rahul Singh,Hyderabad,45-54,Regular,FreshMart Hyderabad,Supermarket
ORD00020,2025-11-17,C0105,P013,S002,5,500,280,5,2500,125.0,2375.0,975.0,Credit Card,Bath Towel,Bathroom Items,Rohan Singh,Mumbai,45-54,Regular,FreshMart Mumbai West,Supermarket
ORD00021,2026-10-29,C0225,P085,S003,1,1200,700,0,1200,0.0,1200.0,500.0,UPI,Table Lamp,Home & Living,Riya Mehta,Bengaluru,45-54,Silver,FreshMart Bengaluru Hub,Hypermarket
ORD00022,2025-06-10,C0101,P047,S005,2,250,150,0,500,0.0,500.0,200.0,UPI,Tea Pack,Groceries & Food,Aisha Joshi,Chennai,25-34,Gold,FreshMart Chennai,Supermarket
ORD00023,2025-01-30,C0369,P027,S001,1,450,240,15,450,67.5,382.5,142.5,Cash,Laundry Detergent,Cleaning & Household,Isha Patel,Delhi,18-24,Regular,FreshMart Delhi Central,Supermarket
ORD00024,2026-11-21,C0140,P062,S006,1,280,160,0,280,0.0,280.0,120.0,Wallet,Body Wash,Personal Care,Priya Mehta,Pune,35-44,Silver,FreshMart Pune,Supermarket
ORD00025,2025-05-23,C0011,P042,S002,1,90,55,0,90,0.0,90.0,35.0,Credit Card,Pasta,Groceries & Food,Amit Kumar,Mumbai,25-34,Gold,FreshMart Mumbai West,Supermarket
ORD00026,2025-11-06,C0327,P027,S006,2,450,240,0,900,0.0,900.0,420.0,Debit Card,Laundry Detergent,Cleaning & Household,Vivaan Mehta,Pune,35-44,Silver,FreshMart Pune,Supermarket
ORD00027,2024-05-07,C0227,P056,S008,2,60,35,5,120,6.0,114.0,44.0,UPI,Lemon Drink,Beverages,Priya Singh,Ahmedabad,45-54,Platinum,FreshMart Ahmedabad,Supermarket
ORD00028,2025-09-28,C0088,P056,S005,2,60,35,5,120,6.0,114.0,44.0,Wallet,Lemon Drink,Beverages,Aarav Kumar,Chennai,25-34,Regular,FreshMart Chennai,Supermarket
ORD00029,2025-03-28,C0036,P038,S001,1,300,220,0,300,0.0,300.0,80.0,UPI,Wheat Flour 5kg,Groceries & Food,Meera Singh,Delhi,18-24,Silver,FreshMart Delhi Central,Supermarket
ORD00030,2026-02-04,C0063,P068,S005,1,250,140,5,250,12.5,237.5,97.5,Credit Card,Deodorant,Personal Care,Arjun Gupta,Chennai,18-24,Gold,FreshMart Chennai,Supermarket
ORD00031,2025-03-23,C0243,P044,S002,3,120,70,10,360,36.0,324.0,114.0,Credit Card,Biscuits Pack,Groceries & Food,Kavya Verma,Mumbai,35-44,Silver,FreshMart Mumbai West,Supermarket
ORD00032,2026-12-12,C0176,P072,S001,2,120,60,0,240,0.0,240.0,120.0,Credit Card,Cotton Pads,Personal Care,Aisha Verma,Delhi,55+,Silver,FreshMart Delhi Central,Supermarket
ORD00033,2026-11-01,C0260,P001,S006,2,1200,750,0,2400,0.0,2400.0,900.0,Cash,Frying Pan,Kitchen Items,Kabir Patel,Pune,18-24,Regular,FreshMart Pune,Supermarket
ORD00034,2025-02-24,C0034,P046,S008,2,400,260,5,800,40.0,760.0,240.0,Cash,Honey,Groceries & Food,Priya Joshi,Ahmedabad,18-24,Regular,FreshMart Ahmedabad,Supermarket
ORD00035,2024-04-23,C0306,P041,S008,2,30,20,5,60,3.0,57.0,17.0,Credit Card,Salt 1kg,Groceries & Food,Amit Kumar,Ahmedabad,25-34,Regular,FreshMart Ahmedabad,Supermarket
ORD00036,2026-08-04,C0191,P005,S008,2,300,150,0,600,0.0,600.0,300.0,UPI,Spatula Set,Kitchen Items,Kavya Verma,Ahmedabad,18-24,Silver,FreshMart Ahmedabad,Supermarket
ORD00037,2024-01-07,C0379,P027,S006,2,450,240,5,900,45.0,855.0,375.0,UPI,Laundry Detergent,Cleaning & Household,Rahul Patel,Pune,25-34,Silver,FreshMart Pune,Supermarket
ORD00038,2024-05-10,C0069,P040,S001,2,55,42,0,110,0.0,110.0,26.0,Cash,Sugar 1kg,Groceries & Food,Rohan Khan,Delhi,35-44,Silver,FreshMart Delhi Central,Supermarket
ORD00039,2026-08-24,C0290,P095,S008,1,600,320,0,600,0.0,600.0,280.0,Debit Card,Storage Box,Home & Living,Rohan Sharma,Ahmedabad,18-24,Gold,FreshMart Ahmedabad,Supermarket
ORD00040,2026-05-10,C0108,P072,S005,1,120,60,15,120,18.0,102.0,42.0,Credit Card,Cotton Pads,Personal Care,Aarav Patel,Chennai,45-54,Gold,FreshMart Chennai,Supermarket
ORD00041,2026-02-12,C0034,P090,S008,1,300,150,10,300,30.0,270.0,120.0,Debit Card,Photo Frame,Home & Living,Priya Joshi,Ahmedabad,18-24,Regular,FreshMart Ahmedabad,Supermarket
ORD00042,2025-12-08,C0121,P042,S002,1,90,55,0,90,0.0,90.0,35.0,Wallet,Pasta,Groceries & Food,Priya Gupta,Mumbai,25-34,Platinum,FreshMart Mumbai West,Supermarket
ORD00043,2024-02-16,C0095,P069,S007,5,220,120,5,1100,55.0,1045.0,445.0,Debit Card,Hair Oil,Personal Care,Sneha Joshi,Kolkata,25-34,Regular,FreshMart Kolkata,Supermarket
ORD00044,2026-02-15,C0346,P041,S003,3,30,20,0,90,0.0,90.0,30.0,UPI,Salt 1kg,Groceries & Food,Kavya Sharma,Bengaluru,18-24,Regular,FreshMart Bengaluru Hub,Hypermarket
ORD00045,2024-08-19,C0002,P027,S002,1,450,240,10,450,45.0,405.0,165.0,Credit Card,Laundry Detergent,Cleaning & Household,Arjun Khan,Mumbai,55+,Regular,FreshMart Mumbai West,Supermarket
ORD00046,2024-02-02,C0009,P086,S007,1,1500,900,0,1500,0.0,1500.0,600.0,Credit Card,Bed Sheet,Home & Living,Riya Verma,Kolkata,18-24,Silver,FreshMart Kolkata,Supermarket
ORD00047,2024-04-09,C0172,P037,S002,1,650,500,0,650,0.0,650.0,150.0,Credit Card,Basmati Rice 5kg,Groceries & Food,Raj Patel,Mumbai,45-54,Gold,FreshMart Mumbai West,Supermarket
ORD00048,2024-04-25,C0076,P047,S005,1,250,150,20,250,50.0,200.0,50.0,UPI,Tea Pack,Groceries & Food,Kavya Patel,Chennai,25-34,Regular,FreshMart Chennai,Supermarket
ORD00049,2025-10-15,C0198,P093,S001,3,450,250,10,1350,135.0,1215.0,465.0,UPI,Doormat,Home & Living,Vivaan Patel,Delhi,35-44,Regular,FreshMart Delhi Central,Supermarket
ORD00050,2026-12-03,C0321,P084,S002,1,180,90,0,180,0.0,180.0,90.0,Wallet,Pet Comb,Pet Supplies,Isha Joshi,Mumbai,18-24,Gold,FreshMart Mumbai West,Supermarket
ORD00051,2024-12-24,C0043,P073,S004,1,900,650,5,900,45.0,855.0,205.0,Wallet,Dog Food,Pet Supplies,Arjun Singh,Hyderabad,25-34,Regular,FreshMart Hyderabad,Supermarket
ORD00052,2026-02-19,C0368,P090,S003,3,300,150,0,900,0.0,900.0,450.0,Credit Card,Photo Frame,Home & Living,Meera Das,Bengaluru,25-34,Silver,FreshMart Bengaluru Hub,Hypermarket
ORD00053,2026-02-09,C0182,P023,S005,1,220,100,5,220,11.0,209.0,109.0,UPI,Hand Towel,Bathroom Items,Rohan Verma,Chennai,45-54,Regular,FreshMart Chennai,Supermarket
ORD00054,2024-10-22,C0382,P026,S006,4,160,75,5,640,32.0,608.0,308.0,Wallet,Dishwashing Liquid,Cleaning & Household,Amit Singh,Pune,18-24,Regular,FreshMart Pune,Supermarket
ORD00055,2024-10-01,C0284,P043,S008,1,280,170,0,280,0.0,280.0,110.0,UPI,Breakfast Cereal,Groceries & Food,Aditya Joshi,Ahmedabad,35-44,Silver,FreshMart Ahmedabad,Supermarket
ORD00056,2026-01-29,C0029,P046,S006,1,400,260,10,400,40.0,360.0,100.0,UPI,Honey,Groceries & Food,Aarav Verma,Pune,35-44,Regular,FreshMart Pune,Supermarket
ORD00057,2024-03-21,C0390,P030,S007,3,180,80,0,540,0.0,540.0,300.0,Debit Card,Garbage Bags,Cleaning & Household,Rohan Singh,Kolkata,55+,Regular,FreshMart Kolkata,Supermarket
ORD00058,2025-03-20,C0115,P061,S006,2,350,200,15,700,105.0,595.0,195.0,UPI,Shampoo,Personal Care,Kavya Patel,Pune,45-54,Regular,FreshMart Pune,Supermarket
ORD00059,2024-02-01,C0400,P086,S002,1,1500,900,0,1500,0.0,1500.0,600.0,Debit Card,Bed Sheet,Home & Living,Amit Sharma,Mumbai,25-34,Regular,FreshMart Mumbai West,Supermarket
ORD00060,2026-09-07,C0398,P063,S004,4,120,70,10,480,48.0,432.0,152.0,Debit Card,Toothpaste,Personal Care,Meera Das,Hyderabad,18-24,Silver,FreshMart Hyderabad,Supermarket
ORD00061,2025-05-05,C0103,P041,S004,2,30,20,10,60,6.0,54.0,14.0,UPI,Salt 1kg,Groceries & Food,Aditya Kumar,Hyderabad,35-44,Regular,FreshMart Hyderabad,Supermarket
ORD00062,2026-01-05,C0129,P038,S008,1,300,220,0,300,0.0,300.0,80.0,Cash,Wheat Flour 5kg,Groceries & Food,Raj Das,Ahmedabad,45-54,Regular,FreshMart Ahmedabad,Supermarket
ORD00063,2026-08-19,C0074,P044,S004,3,120,70,0,360,0.0,360.0,150.0,UPI,Biscuits Pack,Groceries & Food,Ananya Mehta,Hyderabad,35-44,Regular,FreshMart Hyderabad,Supermarket
ORD00064,2024-04-03,C0278,P035,S005,2,300,150,0,600,0.0,600.0,300.0,UPI,Bucket,Cleaning & Household,Aditya Mehta,Chennai,35-44,Regular,FreshMart Chennai,Supermarket
ORD00065,2026-05-05,C0338,P030,S006,1,180,80,0,180,0.0,180.0,100.0,UPI,Garbage Bags,Cleaning & Household,Aisha Joshi,Pune,55+,Regular,FreshMart Pune,Supermarket
ORD00066,2025-05-18,C0196,P053,S002,2,120,70,10,240,24.0,216.0,76.0,Debit Card,Green Tea Drink,Beverages,Kabir Singh,Mumbai,45-54,Platinum,FreshMart Mumbai West,Supermarket
ORD00067,2026-09-27,C0065,P028,S005,4,350,180,5,1400,70.0,1330.0,610.0,Credit Card,Broom,Cleaning & Household,Ananya Singh,Chennai,55+,Regular,FreshMart Chennai,Supermarket
ORD00068,2025-12-09,C0342,P015,S008,2,350,180,15,700,105.0,595.0,235.0,Credit Card,Soap Dispenser,Bathroom Items,Neha Gupta,Ahmedabad,35-44,Regular,FreshMart Ahmedabad,Supermarket
ORD00069,2024-04-30,C0213,P055,S003,2,90,50,10,180,18.0,162.0,62.0,UPI,Cold Coffee,Beverages,Rahul Singh,Bengaluru,55+,Gold,FreshMart Bengaluru Hub,Hypermarket
ORD00070,2024-04-09,C0211,P070,S008,3,300,170,0,900,0.0,900.0,390.0,Cash,Razor Pack,Personal Care,Vivaan Kumar,Ahmedabad,18-24,Silver,FreshMart Ahmedabad,Supermarket
ORD00071,2024-12-04,C0373,P036,S007,2,200,90,0,400,0.0,400.0,220.0,Debit Card,Dustpan,Cleaning & Household,Rahul Joshi,Kolkata,45-54,Regular,FreshMart Kolkata,Supermarket
ORD00072,2026-09-16,C0366,P087,S004,2,700,400,0,1400,0.0,1400.0,600.0,Credit Card,Pillow,Home & Living,Aditya Kumar,Hyderabad,55+,Regular,FreshMart Hyderabad,Supermarket
ORD00073,2024-02-04,C0043,P044,S004,2,120,70,0,240,0.0,240.0,100.0,Wallet,Biscuits Pack,Groceries & Food,Arjun Singh,Hyderabad,25-34,Regular,FreshMart Hyderabad,Supermarket
ORD00074,2026-05-31,C0366,P002,S004,3,900,520,15,2700,405.0,2295.0,735.0,UPI,Chef Knife,Kitchen Items,Aditya Kumar,Hyderabad,55+,Regular,FreshMart Hyderabad,Supermarket
ORD00075,2024-10-31,C0241,P011,S008,2,2500,1700,0,5000,0.0,5000.0,1600.0,UPI,Pressure Cooker,Kitchen Items,Pooja Kumar,Ahmedabad,18-24,Regular,FreshMart Ahmedabad,Supermarket
ORD00076,2024-06-10,C0176,P067,S001,1,450,280,0,450,0.0,450.0,170.0,Credit Card,Moisturizer,Personal Care,Aisha Verma,Delhi,55+,Silver,FreshMart Delhi Central,Supermarket
ORD00077,2025-04-07,C0199,P087,S004,1,700,400,10,700,70.0,630.0,230.0,UPI,Pillow,Home & Living,Neha Gupta,Hyderabad,55+,Regular,FreshMart Hyderabad,Supermarket
ORD00078,2024-03-05,C0218,P092,S008,1,1800,1100,0,1800,0.0,1800.0,700.0,Credit Card,Curtain Set,Home & Living,Riya Verma,Ahmedabad,35-44,Silver,FreshMart Ahmedabad,Supermarket
ORD00079,2024-01-20,C0219,P008,S007,2,600,320,0,1200,0.0,1200.0,560.0,Cash,Lunch Box,Kitchen Items,Raj Das,Kolkata,35-44,Regular,FreshMart Kolkata,Supermarket
ORD00080,2025-11-09,C0023,P059,S008,3,100,55,0,300,0.0,300.0,135.0,Credit Card,Iced Tea,Beverages,Sneha Mehta,Ahmedabad,55+,Regular,FreshMart Ahmedabad,Supermarket
ORD00081,2025-03-08,C0106,P003,S007,4,350,180,10,1400,140.0,1260.0,540.0,Credit Card,Cutting Board,Kitchen Items,Riya Joshi,Kolkata,18-24,Regular,FreshMart Kolkata,Supermarket
ORD00082,2024-06-01,C0036,P029,S001,2,650,380,0,1300,0.0,1300.0,540.0,Credit Card,Mop,Cleaning & Household,Meera Singh,Delhi,18-24,Silver,FreshMart Delhi Central,Supermarket
ORD00083,2025-01-02,C0124,P051,S005,4,160,95,0,640,0.0,640.0,260.0,Wallet,Apple Juice,Beverages,Amit Verma,Chennai,55+,Gold,FreshMart Chennai,Supermarket
ORD00084,2026-03-26,C0039,P050,S003,4,150,90,0,600,0.0,600.0,240.0,Credit Card,Orange Juice,Beverages,Karan Khan,Bengaluru,55+,Silver,FreshMart Bengaluru Hub,Hypermarket
ORD00085,2026-03-07,C0107,P053,S001,2,120,70,5,240,12.0,228.0,88.0,UPI,Green Tea Drink,Beverages,Neha Mehta,Delhi,55+,Regular,FreshMart Delhi Central,Supermarket
ORD00086,2024-06-09,C0168,P067,S008,2,450,280,20,900,180.0,720.0,160.0,UPI,Moisturizer,Personal Care,Meera Mehta,Ahmedabad,18-24,Regular,FreshMart Ahmedabad,Supermarket
ORD00087,2024-06-04,C0203,P038,S005,1,300,220,10,300,30.0,270.0,50.0,Wallet,Wheat Flour 5kg,Groceries & Food,Aarav Joshi,Chennai,55+,Regular,FreshMart Chennai,Supermarket
ORD00088,2025-11-04,C0267,P039,S006,3,180,140,5,540,27.0,513.0,93.0,UPI,Cooking Oil 1L,Groceries & Food,Pooja Verma,Pune,45-54,Regular,FreshMart Pune,Supermarket
ORD00089,2026-02-07,C0034,P042,S008,1,90,55,10,90,9.0,81.0,26.0,Debit Card,Pasta,Groceries & Food,Priya Joshi,Ahmedabad,18-24,Regular,FreshMart Ahmedabad,Supermarket
ORD00090,2025-08-27,C0060,P006,S003,3,650,350,10,1950,195.0,1755.0,705.0,UPI,Mixer Bowl,Kitchen Items,Pooja Kumar,Bengaluru,35-44,Gold,FreshMart Bengaluru Hub,Hypermarket
ORD00091,2024-11-11,C0006,P017,S006,1,250,130,0,250,0.0,250.0,120.0,UPI,Toilet Brush,Bathroom Items,Rahul Mehta,Pune,35-44,Regular,FreshMart Pune,Supermarket
ORD00092,2026-01-07,C0206,P029,S007,3,650,380,0,1950,0.0,1950.0,810.0,UPI,Mop,Cleaning & Household,Arjun Singh,Kolkata,55+,Regular,FreshMart Kolkata,Supermarket
ORD00093,2026-11-15,C0232,P048,S004,1,450,300,0,450,0.0,450.0,150.0,UPI,Coffee Pack,Groceries & Food,Rohan Das,Hyderabad,18-24,Gold,FreshMart Hyderabad,Supermarket
ORD00094,2025-10-26,C0184,P057,S008,1,140,80,0,140,0.0,140.0,60.0,Debit Card,Mango Juice,Beverages,Meera Das,Ahmedabad,25-34,Regular,FreshMart Ahmedabad,Supermarket
ORD00095,2025-05-12,C0204,P067,S005,2,450,280,0,900,0.0,900.0,340.0,UPI,Moisturizer,Personal Care,Kavya Patel,Chennai,45-54,Silver,FreshMart Chennai,Supermarket
ORD00096,2025-09-08,C0219,P019,S007,1,900,500,0,900,0.0,900.0,400.0,UPI,Towel Rack,Bathroom Items,Raj Das,Kolkata,35-44,Regular,FreshMart Kolkata,Supermarket
ORD00097,2025-09-05,C0047,P025,S004,2,220,110,0,440,0.0,440.0,220.0,UPI,Floor Cleaner,Cleaning & Household,Aisha Joshi,Hyderabad,45-54,Gold,FreshMart Hyderabad,Supermarket
ORD00098,2026-10-12,C0055,P033,S002,1,280,140,0,280,0.0,280.0,140.0,UPI,Air Freshener,Cleaning & Household,Isha Sharma,Mumbai,45-54,Silver,FreshMart Mumbai West,Supermarket
ORD00099,2025-11-11,C0361,P090,S006,1,300,150,15,300,45.0,255.0,105.0,Credit Card,Photo Frame,Home & Living,Aditya Gupta,Pune,18-24,Regular,FreshMart Pune,Supermarket
ORD00100,2024-10-05,C0173,P043,S008,2,280,170,10,560,56.0,504.0,164.0,Credit Card,Breakfast Cereal,Groceries & Food,Aarav Khan,Ahmedabad,45-54,Regular,FreshMart Ahmedabad,Supermarket
ORD00101,2026-03-26,C0139,P014,S006,4,700,380,0,2800,0.0,2800.0,1280.0,Debit Card,Shower Curtain,Bathroom Items,Kabir Das,Pune,45-54,Silver,FreshMart Pune,Supermarket
ORD00102,2025-05-11,C0056,P042,S006,1,90,55,0,90,0.0,90.0,35.0,Debit Card,Pasta,Groceries & Food,Meera Khan,Pune,35-44,Regular,FreshMart Pune,Supermarket
ORD00103,2025-02-13,C0091,P037,S006,2,650,500,5,1300,65.0,1235.0,235.0,Debit Card,Basmati Rice 5kg,Groceries & Food,Kabir Khan,Pune,18-24,Gold,FreshMart Pune,Supermarket
ORD00104,2026-08-03,C0050,P044,S004,4,120,70,0,480,0.0,480.0,200.0,Debit Card,Biscuits Pack,Groceries & Food,Aisha Gupta,Hyderabad,35-44,Regular,FreshMart Hyderabad,Supermarket
ORD00105,2024-05-21,C0075,P068,S001,3,250,140,10,750,75.0,675.0,255.0,Credit Card,Deodorant,Personal Care,Arjun Mehta,Delhi,45-54,Regular,FreshMart Delhi Central,Supermarket
ORD00106,2025-09-12,C0207,P042,S001,1,90,55,10,90,9.0,81.0,26.0,Debit Card,Pasta,Groceries & Food,Kabir Kumar,Delhi,45-54,Regular,FreshMart Delhi Central,Supermarket
ORD00107,2024-05-31,C0164,P065,S001,1,140,70,5,140,7.0,133.0,63.0,Credit Card,Hand Wash,Personal Care,Kavya Verma,Delhi,45-54,Silver,FreshMart Delhi Central,Supermarket
ORD00108,2026-05-06,C0264,P042,S002,2,90,55,10,180,18.0,162.0,52.0,UPI,Pasta,Groceries & Food,Meera Das,Mumbai,18-24,Regular,FreshMart Mumbai West,Supermarket
ORD00109,2024-06-23,C0021,P088,S008,1,2000,1300,0,2000,0.0,2000.0,700.0,Debit Card,Blanket,Home & Living,Rohan Khan,Ahmedabad,18-24,Silver,FreshMart Ahmedabad,Supermarket
ORD00110,2024-03-31,C0156,P023,S003,2,220,100,5,440,22.0,418.0,218.0,Debit Card,Hand Towel,Bathroom Items,Raj Verma,Bengaluru,25-34,Regular,FreshMart Bengaluru Hub,Hypermarket
ORD00111,2025-11-10,C0119,P094,S004,1,350,170,0,350,0.0,350.0,180.0,UPI,Clothes Hanger Set,Home & Living,Isha Gupta,Hyderabad,25-34,Regular,FreshMart Hyderabad,Supermarket
ORD00112,2026-11-28,C0270,P039,S005,2,180,140,0,360,0.0,360.0,80.0,UPI,Cooking Oil 1L,Groceries & Food,Karan Gupta,Chennai,35-44,Regular,FreshMart Chennai,Supermarket
ORD00113,2026-10-04,C0308,P047,S007,2,250,150,0,500,0.0,500.0,200.0,Wallet,Tea Pack,Groceries & Food,Pooja Khan,Kolkata,25-34,Gold,FreshMart Kolkata,Supermarket
ORD00114,2024-10-17,C0382,P004,S006,1,1500,900,10,1500,150.0,1350.0,450.0,Credit Card,Cooking Pot,Kitchen Items,Amit Singh,Pune,18-24,Regular,FreshMart Pune,Supermarket
ORD00115,2024-07-18,C0185,P045,S006,1,350,220,10,350,35.0,315.0,95.0,UPI,Peanut Butter,Groceries & Food,Aisha Patel,Pune,55+,Silver,FreshMart Pune,Supermarket
ORD00116,2024-08-23,C0020,P027,S006,1,450,240,0,450,0.0,450.0,210.0,UPI,Laundry Detergent,Cleaning & Household,Meera Mehta,Pune,25-34,Platinum,FreshMart Pune,Supermarket
ORD00117,2025-05-14,C0173,P070,S008,2,300,170,5,600,30.0,570.0,230.0,UPI,Razor Pack,Personal Care,Aarav Khan,Ahmedabad,45-54,Regular,FreshMart Ahmedabad,Supermarket
ORD00118,2026-08-04,C0040,P044,S007,1,120,70,0,120,0.0,120.0,50.0,UPI,Biscuits Pack,Groceries & Food,Amit Joshi,Kolkata,25-34,Regular,FreshMart Kolkata,Supermarket
ORD00119,2026-06-04,C0072,P053,S007,1,120,70,10,120,12.0,108.0,38.0,Cash,Green Tea Drink,Beverages,Priya Khan,Kolkata,55+,Silver,FreshMart Kolkata,Supermarket
ORD00120,2026-05-29,C0171,P044,S001,1,120,70,10,120,12.0,108.0,38.0,UPI,Biscuits Pack,Groceries & Food,Sneha Khan,Delhi,45-54,Regular,FreshMart Delhi Central,Supermarket
ORD00121,2024-05-08,C0174,P062,S008,2,280,160,10,560,56.0,504.0,184.0,Credit Card,Body Wash,Personal Care,Pooja Patel,Ahmedabad,45-54,Silver,FreshMart Ahmedabad,Supermarket
ORD00122,2025-02-07,C0058,P048,S006,2,450,300,0,900,0.0,900.0,300.0,Cash,Coffee Pack,Groceries & Food,Kabir Joshi,Pune,18-24,Regular,FreshMart Pune,Supermarket
ORD00123,2025-10-03,C0071,P039,S004,2,180,140,5,360,18.0,342.0,62.0,UPI,Cooking Oil 1L,Groceries & Food,Vivaan Patel,Hyderabad,25-34,Silver,FreshMart Hyderabad,Supermarket
ORD00124,2024-12-19,C0015,P081,S004,2,200,120,0,400,0.0,400.0,160.0,Credit Card,Bird Food,Pet Supplies,Raj Khan,Hyderabad,35-44,Gold,FreshMart Hyderabad,Supermarket
ORD00125,2024-10-01,C0252,P009,S001,1,800,450,0,800,0.0,800.0,350.0,UPI,Storage Container Set,Kitchen Items,Priya Gupta,Delhi,55+,Platinum,FreshMart Delhi Central,Supermarket
ORD00126,2026-03-06,C0285,P024,S006,1,180,85,0,180,0.0,180.0,95.0,UPI,Toothbrush Holder,Bathroom Items,Meera Sharma,Pune,55+,Regular,FreshMart Pune,Supermarket
ORD00127,2024-12-20,C0291,P035,S003,2,300,150,0,600,0.0,600.0,300.0,UPI,Bucket,Cleaning & Household,Ananya Verma,Bengaluru,18-24,Regular,FreshMart Bengaluru Hub,Hypermarket
ORD00128,2024-04-19,C0289,P042,S006,3,90,55,20,270,54.0,216.0,51.0,Credit Card,Pasta,Groceries & Food,Meera Singh,Pune,55+,Regular,FreshMart Pune,Supermarket
ORD00129,2026-02-25,C0271,P035,S007,4,300,150,5,1200,60.0,1140.0,540.0,Credit Card,Bucket,Cleaning & Household,Aarav Joshi,Kolkata,25-34,Regular,FreshMart Kolkata,Supermarket
ORD00130,2026-05-01,C0241,P056,S008,2,60,35,0,120,0.0,120.0,50.0,UPI,Lemon Drink,Beverages,Pooja Kumar,Ahmedabad,18-24,Regular,FreshMart Ahmedabad,Supermarket
ORD00131,2025-03-27,C0172,P058,S002,1,40,22,0,40,0.0,40.0,18.0,Credit Card,Soda Water,Beverages,Raj Patel,Mumbai,45-54,Gold,FreshMart Mumbai West,Supermarket
ORD00132,2026-07-25,C0301,P021,S005,2,1000,600,10,2000,200.0,1800.0,600.0,Credit Card,Laundry Basket,Bathroom Items,Rohan Verma,Chennai,18-24,Regular,FreshMart Chennai,Supermarket
ORD00133,2024-08-21,C0025,P041,S005,1,30,20,5,30,1.5,28.5,8.5,Wallet,Salt 1kg,Groceries & Food,Ananya Verma,Chennai,45-54,Regular,FreshMart Chennai,Supermarket
ORD00134,2024-03-26,C0128,P041,S007,3,30,20,0,90,0.0,90.0,30.0,UPI,Salt 1kg,Groceries & Food,Kavya Gupta,Kolkata,25-34,Silver,FreshMart Kolkata,Supermarket
ORD00135,2025-05-21,C0311,P043,S003,1,280,170,20,280,56.0,224.0,54.0,Credit Card,Breakfast Cereal,Groceries & Food,Kabir Verma,Bengaluru,35-44,Regular,FreshMart Bengaluru Hub,Hypermarket
ORD00136,2024-06-27,C0073,P048,S003,1,450,300,20,450,90.0,360.0,60.0,Debit Card,Coffee Pack,Groceries & Food,Amit Gupta,Bengaluru,45-54,Regular,FreshMart Bengaluru Hub,Hypermarket
ORD00137,2025-12-19,C0384,P031,S003,2,120,50,0,240,0.0,240.0,140.0,Credit Card,Cleaning Sponge Pack,Cleaning & Household,Arjun Mehta,Bengaluru,35-44,Silver,FreshMart Bengaluru Hub,Hypermarket
ORD00138,2025-02-27,C0194,P068,S006,3,250,140,5,750,37.5,712.5,292.5,Credit Card,Deodorant,Personal Care,Riya Mehta,Pune,45-54,Gold,FreshMart Pune,Supermarket
ORD00139,2024-12-10,C0137,P056,S008,2,60,35,0,120,0.0,120.0,50.0,UPI,Lemon Drink,Beverages,Amit Joshi,Ahmedabad,45-54,Silver,FreshMart Ahmedabad,Supermarket
ORD00140,2024-07-14,C0021,P073,S008,1,900,650,10,900,90.0,810.0,160.0,Credit Card,Dog Food,Pet Supplies,Rohan Khan,Ahmedabad,18-24,Silver,FreshMart Ahmedabad,Supermarket
ORD00141,2025-07-21,C0288,P008,S001,3,600,320,0,1800,0.0,1800.0,840.0,Cash,Lunch Box,Kitchen Items,Sneha Joshi,Delhi,45-54,Gold,FreshMart Delhi Central,Supermarket
ORD00142,2025-10-21,C0370,P031,S004,3,120,50,10,360,36.0,324.0,174.0,Credit Card,Cleaning Sponge Pack,Cleaning & Household,Meera Kumar,Hyderabad,55+,Regular,FreshMart Hyderabad,Supermarket
ORD00143,2025-07-04,C0177,P059,S001,2,100,55,0,200,0.0,200.0,90.0,UPI,Iced Tea,Beverages,Rahul Kumar,Delhi,55+,Regular,FreshMart Delhi Central,Supermarket
ORD00144,2024-07-09,C0132,P064,S007,1,80,35,10,80,8.0,72.0,37.0,Debit Card,Toothbrush,Personal Care,Meera Das,Kolkata,35-44,Regular,FreshMart Kolkata,Supermarket
ORD00145,2026-07-20,C0275,P081,S002,4,200,120,0,800,0.0,800.0,320.0,UPI,Bird Food,Pet Supplies,Neha Kumar,Mumbai,45-54,Regular,FreshMart Mumbai West,Supermarket
ORD00146,2024-07-09,C0159,P063,S002,2,120,70,5,240,12.0,228.0,88.0,Debit Card,Toothpaste,Personal Care,Kabir Joshi,Mumbai,25-34,Gold,FreshMart Mumbai West,Supermarket
ORD00147,2024-05-09,C0148,P045,S005,3,350,220,0,1050,0.0,1050.0,390.0,Wallet,Peanut Butter,Groceries & Food,Aarav Das,Chennai,45-54,Regular,FreshMart Chennai,Supermarket
ORD00148,2026-10-10,C0328,P064,S006,3,80,35,0,240,0.0,240.0,135.0,Credit Card,Toothbrush,Personal Care,Priya Verma,Pune,25-34,Silver,FreshMart Pune,Supermarket
ORD00149,2026-09-20,C0355,P053,S002,3,120,70,15,360,54.0,306.0,96.0,Debit Card,Green Tea Drink,Beverages,Ananya Patel,Mumbai,55+,Regular,FreshMart Mumbai West,Supermarket
ORD00150,2026-07-30,C0317,P010,S008,1,250,110,15,250,37.5,212.5,102.5,UPI,Coffee Mug,Kitchen Items,Aisha Gupta,Ahmedabad,45-54,Silver,FreshMart Ahmedabad,Supermarket
ORD00151,2026-05-26,C0073,P043,S003,1,280,170,10,280,28.0,252.0,82.0,UPI,Breakfast Cereal,Groceries & Food,Amit Gupta,Bengaluru,45-54,Regular,FreshMart Bengaluru Hub,Hypermarket
ORD00152,2024-11-21,C0181,P055,S004,3,90,50,0,270,0.0,270.0,120.0,UPI,Cold Coffee,Beverages,Rohan Mehta,Hyderabad,55+,Regular,FreshMart Hyderabad,Supermarket
ORD00153,2024-12-20,C0088,P012,S005,1,180,80,10,180,18.0,162.0,82.0,UPI,Kitchen Towel,Kitchen Items,Aarav Kumar,Chennai,25-34,Regular,FreshMart Chennai,Supermarket
ORD00154,2024-07-13,C0074,P056,S004,1,60,35,5,60,3.0,57.0,22.0,UPI,Lemon Drink,Beverages,Ananya Mehta,Hyderabad,35-44,Regular,FreshMart Hyderabad,Supermarket
ORD00155,2026-06-30,C0254,P025,S005,1,220,110,10,220,22.0,198.0,88.0,Cash,Floor Cleaner,Cleaning & Household,Neha Sharma,Chennai,55+,Regular,FreshMart Chennai,Supermarket
ORD00156,2026-05-14,C0091,P093,S006,2,450,250,5,900,45.0,855.0,355.0,UPI,Doormat,Home & Living,Kabir Khan,Pune,18-24,Gold,FreshMart Pune,Supermarket
ORD00157,2024-07-28,C0386,P001,S006,1,1200,750,0,1200,0.0,1200.0,450.0,UPI,Frying Pan,Kitchen Items,Riya Singh,Pune,55+,Regular,FreshMart Pune,Supermarket
ORD00158,2024-09-29,C0345,P041,S003,2,30,20,10,60,6.0,54.0,14.0,UPI,Salt 1kg,Groceries & Food,Rahul Sharma,Bengaluru,55+,Silver,FreshMart Bengaluru Hub,Hypermarket
ORD00159,2024-12-02,C0051,P060,S001,2,70,40,5,140,7.0,133.0,53.0,UPI,Coconut Water,Beverages,Vivaan Das,Delhi,35-44,Regular,FreshMart Delhi Central,Supermarket
ORD00160,2026-06-25,C0076,P044,S005,3,120,70,0,360,0.0,360.0,150.0,UPI,Biscuits Pack,Groceries & Food,Kavya Patel,Chennai,25-34,Regular,FreshMart Chennai,Supermarket
ORD00161,2026-02-25,C0204,P065,S005,1,140,70,0,140,0.0,140.0,70.0,Debit Card,Hand Wash,Personal Care,Kavya Patel,Chennai,45-54,Silver,FreshMart Chennai,Supermarket
ORD00162,2024-06-21,C0337,P028,S007,1,350,180,5,350,17.5,332.5,152.5,Debit Card,Broom,Cleaning & Household,Sneha Joshi,Kolkata,35-44,Platinum,FreshMart Kolkata,Supermarket
ORD00163,2024-02-24,C0133,P030,S008,3,180,80,10,540,54.0,486.0,246.0,UPI,Garbage Bags,Cleaning & Household,Ananya Gupta,Ahmedabad,25-34,Regular,FreshMart Ahmedabad,Supermarket
ORD00164,2026-11-20,C0019,P037,S005,1,650,500,0,650,0.0,650.0,150.0,Cash,Basmati Rice 5kg,Groceries & Food,Riya Khan,Chennai,55+,Regular,FreshMart Chennai,Supermarket
ORD00165,2026-10-10,C0164,P091,S001,1,250,110,5,250,12.5,237.5,127.5,UPI,Cushion Cover,Home & Living,Kavya Verma,Delhi,45-54,Silver,FreshMart Delhi Central,Supermarket
ORD00166,2024-01-25,C0107,P082,S001,5,280,150,15,1400,210.0,1190.0,440.0,UPI,Pet Treats,Pet Supplies,Neha Mehta,Delhi,55+,Regular,FreshMart Delhi Central,Supermarket
ORD00167,2026-05-11,C0204,P073,S005,1,900,650,10,900,90.0,810.0,160.0,Debit Card,Dog Food,Pet Supplies,Kavya Patel,Chennai,45-54,Silver,FreshMart Chennai,Supermarket
ORD00168,2024-05-29,C0062,P086,S001,1,1500,900,0,1500,0.0,1500.0,600.0,UPI,Bed Sheet,Home & Living,Riya Kumar,Delhi,55+,Regular,FreshMart Delhi Central,Supermarket
ORD00169,2024-05-03,C0377,P004,S008,4,1500,900,0,6000,0.0,6000.0,2400.0,UPI,Cooking Pot,Kitchen Items,Arjun Kumar,Ahmedabad,25-34,Regular,FreshMart Ahmedabad,Supermarket
ORD00170,2026-04-30,C0306,P064,S008,1,80,35,0,80,0.0,80.0,45.0,Debit Card,Toothbrush,Personal Care,Amit Kumar,Ahmedabad,25-34,Regular,FreshMart Ahmedabad,Supermarket
ORD00171,2024-11-08,C0066,P045,S007,1,350,220,5,350,17.5,332.5,112.5,UPI,Peanut Butter,Groceries & Food,Vivaan Verma,Kolkata,35-44,Regular,FreshMart Kolkata,Supermarket
ORD00172,2025-10-31,C0303,P072,S007,2,120,60,10,240,24.0,216.0,96.0,Debit Card,Cotton Pads,Personal Care,Isha Gupta,Kolkata,25-34,Regular,FreshMart Kolkata,Supermarket
ORD00173,2026-06-14,C0375,P005,S007,2,300,150,10,600,60.0,540.0,240.0,UPI,Spatula Set,Kitchen Items,Ananya Patel,Kolkata,25-34,Silver,FreshMart Kolkata,Supermarket
ORD00174,2026-06-08,C0355,P008,S002,1,600,320,5,600,30.0,570.0,250.0,UPI,Lunch Box,Kitchen Items,Ananya Patel,Mumbai,55+,Regular,FreshMart Mumbai West,Supermarket
ORD00175,2024-12-30,C0203,P057,S005,1,140,80,0,140,0.0,140.0,60.0,Credit Card,Mango Juice,Beverages,Aarav Joshi,Chennai,55+,Regular,FreshMart Chennai,Supermarket
ORD00176,2026-11-25,C0006,P047,S006,2,250,150,0,500,0.0,500.0,200.0,UPI,Tea Pack,Groceries & Food,Rahul Mehta,Pune,35-44,Regular,FreshMart Pune,Supermarket
ORD00177,2025-07-04,C0379,P068,S006,2,250,140,0,500,0.0,500.0,220.0,Cash,Deodorant,Personal Care,Rahul Patel,Pune,25-34,Silver,FreshMart Pune,Supermarket
ORD00178,2026-05-29,C0046,P026,S002,1,160,75,0,160,0.0,160.0,85.0,Debit Card,Dishwashing Liquid,Cleaning & Household,Riya Sharma,Mumbai,25-34,Regular,FreshMart Mumbai West,Supermarket
ORD00179,2024-06-06,C0228,P051,S006,2,160,95,5,320,16.0,304.0,114.0,UPI,Apple Juice,Beverages,Priya Verma,Pune,55+,Gold,FreshMart Pune,Supermarket
ORD00180,2024-12-07,C0138,P079,S004,1,500,280,0,500,0.0,500.0,220.0,Credit Card,Pet Leash,Pet Supplies,Aditya Kumar,Hyderabad,45-54,Silver,FreshMart Hyderabad,Supermarket
ORD00181,2025-04-12,C0090,P070,S008,2,300,170,0,600,0.0,600.0,260.0,Cash,Razor Pack,Personal Care,Karan Khan,Ahmedabad,25-34,Silver,FreshMart Ahmedabad,Supermarket
ORD00182,2024-04-04,C0310,P008,S002,2,600,320,0,1200,0.0,1200.0,560.0,UPI,Lunch Box,Kitchen Items,Priya Khan,Mumbai,55+,Gold,FreshMart Mumbai West,Supermarket
ORD00183,2024-03-13,C0233,P090,S004,2,300,150,15,600,90.0,510.0,210.0,Debit Card,Photo Frame,Home & Living,Riya Singh,Hyderabad,25-34,Regular,FreshMart Hyderabad,Supermarket
ORD00184,2025-10-21,C0359,P046,S002,4,400,260,0,1600,0.0,1600.0,560.0,Cash,Honey,Groceries & Food,Riya Gupta,Mumbai,18-24,Regular,FreshMart Mumbai West,Supermarket
ORD00185,2024-09-01,C0378,P060,S007,2,70,40,15,140,21.0,119.0,39.0,UPI,Coconut Water,Beverages,Vivaan Kumar,Kolkata,55+,Regular,FreshMart Kolkata,Supermarket
ORD00186,2024-04-04,C0059,P061,S002,4,350,200,0,1400,0.0,1400.0,600.0,Credit Card,Shampoo,Personal Care,Isha Das,Mumbai,18-24,Regular,FreshMart Mumbai West,Supermarket
ORD00187,2025-09-28,C0003,P031,S004,1,120,50,5,120,6.0,114.0,64.0,UPI,Cleaning Sponge Pack,Cleaning & Household,Aarav Verma,Hyderabad,25-34,Regular,FreshMart Hyderabad,Supermarket
ORD00188,2025-09-14,C0252,P031,S001,2,120,50,0,240,0.0,240.0,140.0,UPI,Cleaning Sponge Pack,Cleaning & Household,Priya Gupta,Delhi,55+,Platinum,FreshMart Delhi Central,Supermarket
ORD00189,2025-02-04,C0080,P087,S002,2,700,400,5,1400,70.0,1330.0,530.0,Debit Card,Pillow,Home & Living,Raj Sharma,Mumbai,55+,Regular,FreshMart Mumbai West,Supermarket
ORD00190,2026-04-19,C0178,P022,S008,1,1500,950,5,1500,75.0,1425.0,475.0,Debit Card,Bathroom Scale,Bathroom Items,Amit Verma,Ahmedabad,18-24,Silver,FreshMart Ahmedabad,Supermarket
ORD00191,2024-01-20,C0017,P053,S006,4,120,70,0,480,0.0,480.0,200.0,Debit Card,Green Tea Drink,Beverages,Aditya Singh,Pune,25-34,Silver,FreshMart Pune,Supermarket
ORD00192,2025-09-21,C0235,P080,S005,1,1800,1200,5,1800,90.0,1710.0,510.0,UPI,Pet Bed,Pet Supplies,Rohan Gupta,Chennai,25-34,Regular,FreshMart Chennai,Supermarket
ORD00193,2024-05-02,C0328,P040,S006,5,55,42,0,275,0.0,275.0,65.0,UPI,Sugar 1kg,Groceries & Food,Priya Verma,Pune,25-34,Silver,FreshMart Pune,Supermarket
ORD00194,2025-04-19,C0268,P009,S005,3,800,450,5,2400,120.0,2280.0,930.0,Debit Card,Storage Container Set,Kitchen Items,Meera Joshi,Chennai,18-24,Regular,FreshMart Chennai,Supermarket
ORD00195,2024-06-22,C0183,P043,S001,2,280,170,5,560,28.0,532.0,192.0,Debit Card,Breakfast Cereal,Groceries & Food,Pooja Kumar,Delhi,35-44,Silver,FreshMart Delhi Central,Supermarket
ORD00196,2024-05-07,C0162,P041,S005,1,30,20,20,30,6.0,24.0,4.0,UPI,Salt 1kg,Groceries & Food,Kabir Das,Chennai,45-54,Regular,FreshMart Chennai,Supermarket
ORD00197,2025-10-07,C0173,P026,S008,1,160,75,10,160,16.0,144.0,69.0,UPI,Dishwashing Liquid,Cleaning & Household,Aarav Khan,Ahmedabad,45-54,Regular,FreshMart Ahmedabad,Supermarket
ORD00198,2025-04-23,C0289,P047,S006,1,250,150,0,250,0.0,250.0,100.0,Debit Card,Tea Pack,Groceries & Food,Meera Singh,Pune,55+,Regular,FreshMart Pune,Supermarket
ORD00199,2024-11-27,C0278,P059,S005,2,100,55,0,200,0.0,200.0,90.0,Credit Card,Iced Tea,Beverages,Aditya Mehta,Chennai,35-44,Regular,FreshMart Chennai,Supermarket
ORD00200,2025-03-01,C0319,P092,S007,2,1800,1100,5,3600,180.0,3420.0,1220.0,Cash,Curtain Set,Home & Living,Riya Das,Kolkata,18-24,Silver,FreshMart Kolkata,Supermarket
ORD00201,2025-09-15,C0270,P008,S005,3,600,320,10,1800,180.0,1620.0,660.0,UPI,Lunch Box,Kitchen Items,Karan Gupta,Chennai,35-44,Regular,FreshMart Chennai,Supermarket
ORD00202,2025-12-31,C0369,P064,S001,1,80,35,0,80,0.0,80.0,45.0,Credit Card,Toothbrush,Personal Care,Isha Patel,Delhi,18-24,Regular,FreshMart Delhi Central,Supermarket
ORD00203,2025-06-16,C0094,P050,S007,3,150,90,0,450,0.0,450.0,180.0,Wallet,Orange Juice,Beverages,Aditya Joshi,Kolkata,55+,Regular,FreshMart Kolkata,Supermarket
ORD00204,2025-05-26,C0372,P075,S008,1,300,170,0,300,0.0,300.0,130.0,Debit Card,Pet Shampoo,Pet Supplies,Sneha Kumar,Ahmedabad,18-24,Silver,FreshMart Ahmedabad,Supermarket
ORD00205,2024-05-06,C0129,P019,S008,3,900,500,20,2700,540.0,2160.0,660.0,UPI,Towel Rack,Bathroom Items,Raj Das,Ahmedabad,45-54,Regular,FreshMart Ahmedabad,Supermarket
ORD00206,2026-02-01,C0163,P067,S005,2,450,280,15,900,135.0,765.0,205.0,UPI,Moisturizer,Personal Care,Kabir Mehta,Chennai,55+,Regular,FreshMart Chennai,Supermarket
ORD00207,2024-06-02,C0003,P058,S004,1,40,22,0,40,0.0,40.0,18.0,Wallet,Soda Water,Beverages,Aarav Verma,Hyderabad,25-34,Regular,FreshMart Hyderabad,Supermarket
ORD00208,2024-09-20,C0006,P043,S006,1,280,170,10,280,28.0,252.0,82.0,Cash,Breakfast Cereal,Groceries & Food,Rahul Mehta,Pune,35-44,Regular,FreshMart Pune,Supermarket
ORD00209,2026-08-02,C0129,P024,S008,1,180,85,15,180,27.0,153.0,68.0,Credit Card,Toothbrush Holder,Bathroom Items,Raj Das,Ahmedabad,45-54,Regular,FreshMart Ahmedabad,Supermarket
ORD00210,2026-12-27,C0070,P071,S003,1,180,100,0,180,0.0,180.0,80.0,Wallet,Sanitary Pads,Personal Care,Rohan Mehta,Bengaluru,18-24,Regular,FreshMart Bengaluru Hub,Hypermarket
ORD00211,2026-07-02,C0160,P035,S007,3,300,150,0,900,0.0,900.0,450.0,Credit Card,Bucket,Cleaning & Household,Meera Singh,Kolkata,18-24,Regular,FreshMart Kolkata,Supermarket
ORD00212,2025-08-27,C0091,P026,S006,2,160,75,15,320,48.0,272.0,122.0,Credit Card,Dishwashing Liquid,Cleaning & Household,Kabir Khan,Pune,18-24,Gold,FreshMart Pune,Supermarket
ORD00213,2026-02-23,C0130,P006,S006,1,650,350,0,650,0.0,650.0,300.0,Cash,Mixer Bowl,Kitchen Items,Meera Kumar,Pune,25-34,Gold,FreshMart Pune,Supermarket
ORD00214,2024-02-09,C0247,P039,S004,5,180,140,10,900,90.0,810.0,110.0,UPI,Cooking Oil 1L,Groceries & Food,Arjun Khan,Hyderabad,45-54,Regular,FreshMart Hyderabad,Supermarket
ORD00215,2026-09-19,C0334,P044,S005,1,120,70,5,120,6.0,114.0,44.0,UPI,Biscuits Pack,Groceries & Food,Riya Joshi,Chennai,18-24,Silver,FreshMart Chennai,Supermarket
ORD00216,2024-02-23,C0280,P031,S003,1,120,50,0,120,0.0,120.0,70.0,Cash,Cleaning Sponge Pack,Cleaning & Household,Priya Patel,Bengaluru,25-34,Regular,FreshMart Bengaluru Hub,Hypermarket
ORD00217,2024-04-29,C0164,P062,S001,3,280,160,5,840,42.0,798.0,318.0,UPI,Body Wash,Personal Care,Kavya Verma,Delhi,45-54,Silver,FreshMart Delhi Central,Supermarket
ORD00218,2025-04-21,C0087,P058,S005,5,40,22,0,200,0.0,200.0,90.0,Debit Card,Soda Water,Beverages,Sneha Gupta,Chennai,45-54,Regular,FreshMart Chennai,Supermarket
ORD00219,2024-04-24,C0052,P032,S003,3,200,95,15,600,90.0,510.0,225.0,Credit Card,Glass Cleaner,Cleaning & Household,Meera Joshi,Bengaluru,18-24,Platinum,FreshMart Bengaluru Hub,Hypermarket
ORD00220,2026-03-06,C0217,P086,S002,1,1500,900,10,1500,150.0,1350.0,450.0,Cash,Bed Sheet,Home & Living,Riya Patel,Mumbai,45-54,Regular,FreshMart Mumbai West,Supermarket
ORD00221,2025-10-13,C0118,P019,S004,2,900,500,15,1800,270.0,1530.0,530.0,UPI,Towel Rack,Bathroom Items,Vivaan Sharma,Hyderabad,25-34,Gold,FreshMart Hyderabad,Supermarket
ORD00222,2024-10-18,C0245,P061,S007,1,350,200,20,350,70.0,280.0,80.0,Cash,Shampoo,Personal Care,Riya Patel,Kolkata,55+,Regular,FreshMart Kolkata,Supermarket
ORD00223,2025-09-24,C0144,P048,S005,1,450,300,0,450,0.0,450.0,150.0,UPI,Coffee Pack,Groceries & Food,Meera Khan,Chennai,18-24,Gold,FreshMart Chennai,Supermarket
ORD00224,2024-02-10,C0341,P060,S005,2,70,40,0,140,0.0,140.0,60.0,Wallet,Coconut Water,Beverages,Ananya Kumar,Chennai,45-54,Silver,FreshMart Chennai,Supermarket
ORD00225,2024-09-24,C0106,P036,S007,1,200,90,0,200,0.0,200.0,110.0,Cash,Dustpan,Cleaning & Household,Riya Joshi,Kolkata,18-24,Regular,FreshMart Kolkata,Supermarket
ORD00226,2024-05-01,C0382,P080,S006,1,1800,1200,5,1800,90.0,1710.0,510.0,Wallet,Pet Bed,Pet Supplies,Amit Singh,Pune,18-24,Regular,FreshMart Pune,Supermarket
ORD00227,2026-12-13,C0229,P066,S007,4,300,180,0,1200,0.0,1200.0,480.0,Wallet,Face Wash,Personal Care,Priya Sharma,Kolkata,35-44,Regular,FreshMart Kolkata,Supermarket
ORD00228,2024-07-25,C0038,P042,S004,1,90,55,0,90,0.0,90.0,35.0,Wallet,Pasta,Groceries & Food,Aditya Khan,Hyderabad,35-44,Silver,FreshMart Hyderabad,Supermarket
ORD00229,2026-06-13,C0033,P072,S004,3,120,60,20,360,72.0,288.0,108.0,Debit Card,Cotton Pads,Personal Care,Neha Singh,Hyderabad,35-44,Regular,FreshMart Hyderabad,Supermarket
ORD00230,2025-12-31,C0261,P019,S007,2,900,500,0,1800,0.0,1800.0,800.0,UPI,Towel Rack,Bathroom Items,Rohan Das,Kolkata,18-24,Regular,FreshMart Kolkata,Supermarket
ORD00231,2024-09-17,C0382,P055,S006,1,90,50,0,90,0.0,90.0,40.0,Debit Card,Cold Coffee,Beverages,Amit Singh,Pune,18-24,Regular,FreshMart Pune,Supermarket
ORD00232,2024-03-07,C0198,P058,S001,1,40,22,0,40,0.0,40.0,18.0,Cash,Soda Water,Beverages,Vivaan Patel,Delhi,35-44,Regular,FreshMart Delhi Central,Supermarket
ORD00233,2024-08-01,C0343,P052,S007,4,50,30,0,200,0.0,200.0,80.0,Debit Card,Cola Drink,Beverages,Priya Das,Kolkata,35-44,Silver,FreshMart Kolkata,Supermarket
ORD00234,2025-10-12,C0367,P035,S002,3,300,150,10,900,90.0,810.0,360.0,Debit Card,Bucket,Cleaning & Household,Kabir Das,Mumbai,55+,Silver,FreshMart Mumbai West,Supermarket
ORD00235,2024-01-24,C0018,P027,S003,1,450,240,0,450,0.0,450.0,210.0,UPI,Laundry Detergent,Cleaning & Household,Sneha Joshi,Bengaluru,35-44,Regular,FreshMart Bengaluru Hub,Hypermarket
ORD00236,2024-08-09,C0376,P027,S002,2,450,240,0,900,0.0,900.0,420.0,Credit Card,Laundry Detergent,Cleaning & Household,Pooja Khan,Mumbai,35-44,Regular,FreshMart Mumbai West,Supermarket
ORD00237,2024-12-06,C0307,P046,S008,2,400,260,0,800,0.0,800.0,280.0,Credit Card,Honey,Groceries & Food,Meera Joshi,Ahmedabad,35-44,Silver,FreshMart Ahmedabad,Supermarket
ORD00238,2026-09-08,C0166,P024,S001,3,180,85,5,540,27.0,513.0,258.0,Debit Card,Toothbrush Holder,Bathroom Items,Meera Das,Delhi,35-44,Silver,FreshMart Delhi Central,Supermarket
ORD00239,2026-07-13,C0145,P027,S006,1,450,240,10,450,45.0,405.0,165.0,UPI,Laundry Detergent,Cleaning & Household,Kabir Singh,Pune,25-34,Regular,FreshMart Pune,Supermarket
ORD00240,2024-08-02,C0117,P026,S006,1,160,75,0,160,0.0,160.0,85.0,UPI,Dishwashing Liquid,Cleaning & Household,Riya Sharma,Pune,25-34,Silver,FreshMart Pune,Supermarket
ORD00241,2024-07-09,C0217,P071,S002,1,180,100,20,180,36.0,144.0,44.0,Cash,Sanitary Pads,Personal Care,Riya Patel,Mumbai,45-54,Regular,FreshMart Mumbai West,Supermarket
ORD00242,2026-06-02,C0063,P062,S005,4,280,160,0,1120,0.0,1120.0,480.0,Cash,Body Wash,Personal Care,Arjun Gupta,Chennai,18-24,Gold,FreshMart Chennai,Supermarket
ORD00243,2024-07-26,C0311,P021,S003,1,1000,600,20,1000,200.0,800.0,200.0,Credit Card,Laundry Basket,Bathroom Items,Kabir Verma,Bengaluru,35-44,Regular,FreshMart Bengaluru Hub,Hypermarket
ORD00244,2025-06-27,C0344,P044,S007,2,120,70,0,240,0.0,240.0,100.0,UPI,Biscuits Pack,Groceries & Food,Vivaan Verma,Kolkata,35-44,Regular,FreshMart Kolkata,Supermarket
ORD00245,2026-11-16,C0036,P037,S001,1,650,500,0,650,0.0,650.0,150.0,Cash,Basmati Rice 5kg,Groceries & Food,Meera Singh,Delhi,18-24,Silver,FreshMart Delhi Central,Supermarket
ORD00246,2026-09-10,C0261,P060,S007,1,70,40,0,70,0.0,70.0,30.0,UPI,Coconut Water,Beverages,Rohan Das,Kolkata,18-24,Regular,FreshMart Kolkata,Supermarket
ORD00247,2024-06-16,C0030,P026,S002,2,160,75,0,320,0.0,320.0,170.0,Debit Card,Dishwashing Liquid,Cleaning & Household,Amit Das,Mumbai,18-24,Silver,FreshMart Mumbai West,Supermarket
ORD00248,2025-06-26,C0073,P045,S003,1,350,220,5,350,17.5,332.5,112.5,UPI,Peanut Butter,Groceries & Food,Amit Gupta,Bengaluru,45-54,Regular,FreshMart Bengaluru Hub,Hypermarket
ORD00249,2026-01-26,C0247,P076,S004,1,250,120,0,250,0.0,250.0,130.0,Credit Card,Dog Toy,Pet Supplies,Arjun Khan,Hyderabad,45-54,Regular,FreshMart Hyderabad,Supermarket
ORD00250,2025-07-04,C0049,P025,S007,2,220,110,0,440,0.0,440.0,220.0,Debit Card,Floor Cleaner,Cleaning & Household,Kavya Kumar,Kolkata,55+,Silver,FreshMart Kolkata,Supermarket
ORD00251,2025-12-05,C0377,P012,S008,1,180,80,10,180,18.0,162.0,82.0,UPI,Kitchen Towel,Kitchen Items,Arjun Kumar,Ahmedabad,25-34,Regular,FreshMart Ahmedabad,Supermarket
ORD00252,2026-03-03,C0354,P009,S008,3,800,450,0,2400,0.0,2400.0,1050.0,Credit Card,Storage Container Set,Kitchen Items,Kavya Gupta,Ahmedabad,18-24,Gold,FreshMart Ahmedabad,Supermarket
ORD00253,2026-08-30,C0319,P082,S007,2,280,150,0,560,0.0,560.0,260.0,UPI,Pet Treats,Pet Supplies,Riya Das,Kolkata,18-24,Silver,FreshMart Kolkata,Supermarket
ORD00254,2024-03-12,C0044,P037,S003,2,650,500,15,1300,195.0,1105.0,105.0,Cash,Basmati Rice 5kg,Groceries & Food,Rohan Mehta,Bengaluru,35-44,Regular,FreshMart Bengaluru Hub,Hypermarket
ORD00255,2024-11-27,C0361,P054,S006,1,110,65,20,110,22.0,88.0,23.0,Wallet,Energy Drink,Beverages,Aditya Gupta,Pune,18-24,Regular,FreshMart Pune,Supermarket
ORD00256,2024-09-15,C0353,P071,S002,1,180,100,0,180,0.0,180.0,80.0,Debit Card,Sanitary Pads,Personal Care,Aisha Singh,Mumbai,25-34,Gold,FreshMart Mumbai West,Supermarket
ORD00257,2024-10-29,C0096,P025,S007,1,220,110,15,220,33.0,187.0,77.0,Wallet,Floor Cleaner,Cleaning & Household,Aarav Verma,Kolkata,25-34,Regular,FreshMart Kolkata,Supermarket
ORD00258,2026-03-05,C0081,P007,S002,2,450,220,5,900,45.0,855.0,415.0,Cash,Water Bottle,Kitchen Items,Ananya Mehta,Mumbai,45-54,Gold,FreshMart Mumbai West,Supermarket
ORD00259,2024-01-26,C0248,P044,S006,3,120,70,5,360,18.0,342.0,132.0,Credit Card,Biscuits Pack,Groceries & Food,Amit Mehta,Pune,45-54,Regular,FreshMart Pune,Supermarket
ORD00260,2026-04-28,C0014,P045,S004,1,350,220,5,350,17.5,332.5,112.5,Credit Card,Peanut Butter,Groceries & Food,Rahul Khan,Hyderabad,25-34,Regular,FreshMart Hyderabad,Supermarket
ORD00261,2024-07-24,C0326,P089,S001,4,800,450,5,3200,160.0,3040.0,1240.0,UPI,Wall Clock,Home & Living,Riya Khan,Delhi,45-54,Gold,FreshMart Delhi Central,Supermarket
ORD00262,2025-12-05,C0208,P036,S008,1,200,90,10,200,20.0,180.0,90.0,Credit Card,Dustpan,Cleaning & Household,Meera Sharma,Ahmedabad,35-44,Silver,FreshMart Ahmedabad,Supermarket
ORD00263,2024-12-18,C0337,P046,S007,1,400,260,5,400,20.0,380.0,120.0,Debit Card,Honey,Groceries & Food,Sneha Joshi,Kolkata,35-44,Platinum,FreshMart Kolkata,Supermarket
ORD00264,2025-11-09,C0166,P007,S001,1,450,220,5,450,22.5,427.5,207.5,UPI,Water Bottle,Kitchen Items,Meera Das,Delhi,35-44,Silver,FreshMart Delhi Central,Supermarket
ORD00265,2025-11-22,C0296,P044,S003,1,120,70,0,120,0.0,120.0,50.0,Credit Card,Biscuits Pack,Groceries & Food,Ananya Verma,Bengaluru,35-44,Regular,FreshMart Bengaluru Hub,Hypermarket
ORD00266,2024-07-20,C0318,P056,S005,5,60,35,0,300,0.0,300.0,125.0,UPI,Lemon Drink,Beverages,Aditya Sharma,Chennai,25-34,Gold,FreshMart Chennai,Supermarket
ORD00267,2025-10-19,C0372,P063,S008,1,120,70,5,120,6.0,114.0,44.0,UPI,Toothpaste,Personal Care,Sneha Kumar,Ahmedabad,18-24,Silver,FreshMart Ahmedabad,Supermarket
ORD00268,2026-04-13,C0250,P032,S008,2,200,95,10,400,40.0,360.0,170.0,Cash,Glass Cleaner,Cleaning & Household,Priya Gupta,Ahmedabad,18-24,Regular,FreshMart Ahmedabad,Supermarket
ORD00269,2026-11-21,C0032,P067,S005,1,450,280,10,450,45.0,405.0,125.0,Credit Card,Moisturizer,Personal Care,Riya Gupta,Chennai,55+,Gold,FreshMart Chennai,Supermarket
ORD00270,2026-12-09,C0298,P071,S002,1,180,100,0,180,0.0,180.0,80.0,Cash,Sanitary Pads,Personal Care,Ananya Gupta,Mumbai,45-54,Regular,FreshMart Mumbai West,Supermarket
ORD00271,2025-05-25,C0178,P070,S008,1,300,170,0,300,0.0,300.0,130.0,UPI,Razor Pack,Personal Care,Amit Verma,Ahmedabad,18-24,Silver,FreshMart Ahmedabad,Supermarket
ORD00272,2026-01-24,C0319,P028,S007,3,350,180,5,1050,52.5,997.5,457.5,Debit Card,Broom,Cleaning & Household,Riya Das,Kolkata,18-24,Silver,FreshMart Kolkata,Supermarket
ORD00273,2024-03-03,C0145,P022,S006,1,1500,950,5,1500,75.0,1425.0,475.0,Credit Card,Bathroom Scale,Bathroom Items,Kabir Singh,Pune,25-34,Regular,FreshMart Pune,Supermarket
ORD00274,2026-08-29,C0230,P085,S002,2,1200,700,0,2400,0.0,2400.0,1000.0,UPI,Table Lamp,Home & Living,Arjun Joshi,Mumbai,25-34,Silver,FreshMart Mumbai West,Supermarket
ORD00275,2024-07-04,C0199,P088,S004,1,2000,1300,0,2000,0.0,2000.0,700.0,UPI,Blanket,Home & Living,Neha Gupta,Hyderabad,55+,Regular,FreshMart Hyderabad,Supermarket
ORD00276,2025-03-14,C0134,P051,S005,3,160,95,5,480,24.0,456.0,171.0,Debit Card,Apple Juice,Beverages,Raj Patel,Chennai,55+,Silver,FreshMart Chennai,Supermarket
ORD00277,2026-04-18,C0380,P033,S008,2,280,140,15,560,84.0,476.0,196.0,Wallet,Air Freshener,Cleaning & Household,Aisha Khan,Ahmedabad,45-54,Gold,FreshMart Ahmedabad,Supermarket
ORD00278,2026-08-28,C0089,P053,S006,4,120,70,5,480,24.0,456.0,176.0,Credit Card,Green Tea Drink,Beverages,Meera Das,Pune,45-54,Regular,FreshMart Pune,Supermarket
ORD00279,2025-05-31,C0345,P005,S003,2,300,150,15,600,90.0,510.0,210.0,Debit Card,Spatula Set,Kitchen Items,Rahul Sharma,Bengaluru,55+,Silver,FreshMart Bengaluru Hub,Hypermarket
ORD00280,2025-07-17,C0052,P062,S003,1,280,160,0,280,0.0,280.0,120.0,UPI,Body Wash,Personal Care,Meera Joshi,Bengaluru,18-24,Platinum,FreshMart Bengaluru Hub,Hypermarket
ORD00281,2026-08-13,C0067,P029,S005,1,650,380,5,650,32.5,617.5,237.5,Debit Card,Mop,Cleaning & Household,Ananya Gupta,Chennai,25-34,Silver,FreshMart Chennai,Supermarket
ORD00282,2024-01-16,C0221,P054,S004,2,110,65,10,220,22.0,198.0,68.0,Cash,Energy Drink,Beverages,Riya Patel,Hyderabad,18-24,Silver,FreshMart Hyderabad,Supermarket
ORD00283,2025-08-01,C0278,P037,S005,1,650,500,0,650,0.0,650.0,150.0,UPI,Basmati Rice 5kg,Groceries & Food,Aditya Mehta,Chennai,35-44,Regular,FreshMart Chennai,Supermarket
ORD00284,2025-10-27,C0176,P088,S001,1,2000,1300,10,2000,200.0,1800.0,500.0,Cash,Blanket,Home & Living,Aisha Verma,Delhi,55+,Silver,FreshMart Delhi Central,Supermarket
ORD00285,2024-11-03,C0294,P032,S002,1,200,95,0,200,0.0,200.0,105.0,Cash,Glass Cleaner,Cleaning & Household,Vivaan Patel,Mumbai,35-44,Regular,FreshMart Mumbai West,Supermarket
ORD00286,2026-04-07,C0089,P066,S006,2,300,180,10,600,60.0,540.0,180.0,Debit Card,Face Wash,Personal Care,Meera Das,Pune,45-54,Regular,FreshMart Pune,Supermarket
ORD00287,2025-08-28,C0187,P052,S007,1,50,30,0,50,0.0,50.0,20.0,UPI,Cola Drink,Beverages,Amit Das,Kolkata,25-34,Gold,FreshMart Kolkata,Supermarket
ORD00288,2025-01-23,C0137,P005,S008,1,300,150,10,300,30.0,270.0,120.0,Debit Card,Spatula Set,Kitchen Items,Amit Joshi,Ahmedabad,45-54,Silver,FreshMart Ahmedabad,Supermarket
ORD00289,2026-09-01,C0203,P059,S005,4,100,55,10,400,40.0,360.0,140.0,Credit Card,Iced Tea,Beverages,Aarav Joshi,Chennai,55+,Regular,FreshMart Chennai,Supermarket
ORD00290,2025-01-05,C0043,P082,S004,1,280,150,5,280,14.0,266.0,116.0,Debit Card,Pet Treats,Pet Supplies,Arjun Singh,Hyderabad,25-34,Regular,FreshMart Hyderabad,Supermarket
ORD00291,2025-01-09,C0211,P066,S008,4,300,180,15,1200,180.0,1020.0,300.0,Debit Card,Face Wash,Personal Care,Vivaan Kumar,Ahmedabad,18-24,Silver,FreshMart Ahmedabad,Supermarket
ORD00292,2025-04-02,C0091,P032,S006,2,200,95,0,400,0.0,400.0,210.0,Debit Card,Glass Cleaner,Cleaning & Household,Kabir Khan,Pune,18-24,Gold,FreshMart Pune,Supermarket
ORD00293,2025-06-17,C0022,P032,S003,2,200,95,5,400,20.0,380.0,190.0,UPI,Glass Cleaner,Cleaning & Household,Arjun Gupta,Bengaluru,45-54,Silver,FreshMart Bengaluru Hub,Hypermarket
ORD00294,2024-05-25,C0106,P010,S007,2,250,110,0,500,0.0,500.0,280.0,UPI,Coffee Mug,Kitchen Items,Riya Joshi,Kolkata,18-24,Regular,FreshMart Kolkata,Supermarket
ORD00295,2026-12-21,C0374,P051,S003,1,160,95,15,160,24.0,136.0,41.0,UPI,Apple Juice,Beverages,Ananya Das,Bengaluru,35-44,Gold,FreshMart Bengaluru Hub,Hypermarket
ORD00296,2026-04-18,C0207,P034,S001,5,250,120,15,1250,187.5,1062.5,462.5,Wallet,Disinfectant Spray,Cleaning & Household,Kabir Kumar,Delhi,45-54,Regular,FreshMart Delhi Central,Supermarket
ORD00297,2025-01-04,C0025,P024,S005,3,180,85,5,540,27.0,513.0,258.0,Debit Card,Toothbrush Holder,Bathroom Items,Ananya Verma,Chennai,45-54,Regular,FreshMart Chennai,Supermarket
ORD00298,2024-04-28,C0307,P023,S008,1,220,100,0,220,0.0,220.0,120.0,Debit Card,Hand Towel,Bathroom Items,Meera Joshi,Ahmedabad,35-44,Silver,FreshMart Ahmedabad,Supermarket
ORD00299,2024-11-20,C0273,P021,S001,3,1000,600,0,3000,0.0,3000.0,1200.0,Credit Card,Laundry Basket,Bathroom Items,Vivaan Mehta,Delhi,45-54,Gold,FreshMart Delhi Central,Supermarket
ORD00300,2026-04-06,C0399,P050,S007,1,150,90,5,150,7.5,142.5,52.5,UPI,Orange Juice,Beverages,Rahul Khan,Kolkata,25-34,Gold,FreshMart Kolkata,Supermarket
ORD00301,2026-02-03,C0274,P040,S007,4,55,42,15,220,33.0,187.0,19.0,Debit Card,Sugar 1kg,Groceries & Food,Ananya Das,Kolkata,55+,Regular,FreshMart Kolkata,Supermarket
ORD00302,2024-02-06,C0222,P041,S007,2,30,20,5,60,3.0,57.0,17.0,UPI,Salt 1kg,Groceries & Food,Kavya Kumar,Kolkata,18-24,Regular,FreshMart Kolkata,Supermarket
ORD00303,2025-12-06,C0283,P051,S006,1,160,95,5,160,8.0,152.0,57.0,UPI,Apple Juice,Beverages,Meera Joshi,Pune,35-44,Regular,FreshMart Pune,Supermarket
ORD00304,2024-04-03,C0177,P009,S001,1,800,450,0,800,0.0,800.0,350.0,Debit Card,Storage Container Set,Kitchen Items,Rahul Kumar,Delhi,55+,Regular,FreshMart Delhi Central,Supermarket
ORD00305,2025-11-22,C0329,P051,S006,2,160,95,0,320,0.0,320.0,130.0,Wallet,Apple Juice,Beverages,Arjun Das,Pune,25-34,Regular,FreshMart Pune,Supermarket
ORD00306,2025-01-20,C0346,P043,S003,1,280,170,15,280,42.0,238.0,68.0,Cash,Breakfast Cereal,Groceries & Food,Kavya Sharma,Bengaluru,18-24,Regular,FreshMart Bengaluru Hub,Hypermarket
ORD00307,2025-04-04,C0308,P005,S007,2,300,150,0,600,0.0,600.0,300.0,Debit Card,Spatula Set,Kitchen Items,Pooja Khan,Kolkata,25-34,Gold,FreshMart Kolkata,Supermarket
ORD00308,2024-12-31,C0280,P055,S003,2,90,50,0,180,0.0,180.0,80.0,Cash,Cold Coffee,Beverages,Priya Patel,Bengaluru,25-34,Regular,FreshMart Bengaluru Hub,Hypermarket
ORD00309,2026-12-31,C0249,P029,S007,2,650,380,0,1300,0.0,1300.0,540.0,UPI,Mop,Cleaning & Household,Arjun Patel,Kolkata,35-44,Silver,FreshMart Kolkata,Supermarket
ORD00310,2024-04-08,C0331,P066,S003,2,300,180,0,600,0.0,600.0,240.0,UPI,Face Wash,Personal Care,Aisha Gupta,Bengaluru,18-24,Silver,FreshMart Bengaluru Hub,Hypermarket
ORD00311,2026-08-29,C0140,P043,S006,2,280,170,0,560,0.0,560.0,220.0,Debit Card,Breakfast Cereal,Groceries & Food,Priya Mehta,Pune,35-44,Silver,FreshMart Pune,Supermarket
ORD00312,2026-05-11,C0392,P010,S003,2,250,110,10,500,50.0,450.0,230.0,UPI,Coffee Mug,Kitchen Items,Rohan Das,Bengaluru,35-44,Gold,FreshMart Bengaluru Hub,Hypermarket
ORD00313,2024-10-07,C0169,P053,S006,3,120,70,5,360,18.0,342.0,132.0,Credit Card,Green Tea Drink,Beverages,Neha Patel,Pune,18-24,Gold,FreshMart Pune,Supermarket
ORD00314,2024-08-05,C0289,P025,S006,2,220,110,5,440,22.0,418.0,198.0,Debit Card,Floor Cleaner,Cleaning & Household,Meera Singh,Pune,55+,Regular,FreshMart Pune,Supermarket
ORD00315,2025-02-17,C0054,P070,S002,1,300,170,0,300,0.0,300.0,130.0,UPI,Razor Pack,Personal Care,Amit Mehta,Mumbai,55+,Regular,FreshMart Mumbai West,Supermarket
ORD00316,2025-03-01,C0078,P046,S007,2,400,260,5,800,40.0,760.0,240.0,UPI,Honey,Groceries & Food,Raj Patel,Kolkata,55+,Regular,FreshMart Kolkata,Supermarket
ORD00317,2024-07-01,C0271,P002,S007,4,900,520,10,3600,360.0,3240.0,1160.0,Debit Card,Chef Knife,Kitchen Items,Aarav Joshi,Kolkata,25-34,Regular,FreshMart Kolkata,Supermarket
ORD00318,2024-07-03,C0083,P022,S006,3,1500,950,0,4500,0.0,4500.0,1650.0,Debit Card,Bathroom Scale,Bathroom Items,Riya Singh,Pune,45-54,Regular,FreshMart Pune,Supermarket
ORD00319,2025-04-18,C0366,P089,S004,2,800,450,20,1600,320.0,1280.0,380.0,UPI,Wall Clock,Home & Living,Aditya Kumar,Hyderabad,55+,Regular,FreshMart Hyderabad,Supermarket
ORD00320,2024-12-23,C0049,P002,S007,3,900,520,0,2700,0.0,2700.0,1140.0,Debit Card,Chef Knife,Kitchen Items,Kavya Kumar,Kolkata,55+,Silver,FreshMart Kolkata,Supermarket
ORD00321,2024-08-25,C0310,P037,S002,1,650,500,10,650,65.0,585.0,85.0,UPI,Basmati Rice 5kg,Groceries & Food,Priya Khan,Mumbai,55+,Gold,FreshMart Mumbai West,Supermarket
ORD00322,2024-12-15,C0325,P080,S006,3,1800,1200,20,5400,1080.0,4320.0,720.0,UPI,Pet Bed,Pet Supplies,Aditya Khan,Pune,18-24,Platinum,FreshMart Pune,Supermarket
ORD00323,2026-02-02,C0137,P062,S008,3,280,160,0,840,0.0,840.0,360.0,Credit Card,Body Wash,Personal Care,Amit Joshi,Ahmedabad,45-54,Silver,FreshMart Ahmedabad,Supermarket
ORD00324,2025-07-10,C0120,P090,S004,3,300,150,10,900,90.0,810.0,360.0,Credit Card,Photo Frame,Home & Living,Arjun Das,Hyderabad,45-54,Silver,FreshMart Hyderabad,Supermarket
ORD00325,2024-12-29,C0049,P040,S007,2,55,42,20,110,22.0,88.0,4.0,Cash,Sugar 1kg,Groceries & Food,Kavya Kumar,Kolkata,55+,Silver,FreshMart Kolkata,Supermarket
ORD00326,2026-09-15,C0136,P013,S007,3,500,280,10,1500,150.0,1350.0,510.0,UPI,Bath Towel,Bathroom Items,Aditya Singh,Kolkata,45-54,Silver,FreshMart Kolkata,Supermarket
ORD00327,2026-01-04,C0211,P047,S008,2,250,150,15,500,75.0,425.0,125.0,Cash,Tea Pack,Groceries & Food,Vivaan Kumar,Ahmedabad,18-24,Silver,FreshMart Ahmedabad,Supermarket
ORD00328,2024-09-24,C0110,P064,S001,2,80,35,5,160,8.0,152.0,82.0,Cash,Toothbrush,Personal Care,Neha Joshi,Delhi,45-54,Regular,FreshMart Delhi Central,Supermarket
ORD00329,2024-05-09,C0011,P041,S002,1,30,20,0,30,0.0,30.0,10.0,Debit Card,Salt 1kg,Groceries & Food,Amit Kumar,Mumbai,25-34,Gold,FreshMart Mumbai West,Supermarket
ORD00330,2025-04-03,C0332,P058,S005,5,40,22,10,200,20.0,180.0,70.0,UPI,Soda Water,Beverages,Kavya Sharma,Chennai,25-34,Regular,FreshMart Chennai,Supermarket
ORD00331,2024-07-14,C0183,P038,S001,1,300,220,10,300,30.0,270.0,50.0,Credit Card,Wheat Flour 5kg,Groceries & Food,Pooja Kumar,Delhi,35-44,Silver,FreshMart Delhi Central,Supermarket
ORD00332,2026-02-27,C0058,P060,S006,1,70,40,10,70,7.0,63.0,23.0,Cash,Coconut Water,Beverages,Kabir Joshi,Pune,18-24,Regular,FreshMart Pune,Supermarket
ORD00333,2024-01-24,C0222,P049,S007,2,30,15,0,60,0.0,60.0,30.0,Cash,Mineral Water,Beverages,Kavya Kumar,Kolkata,18-24,Regular,FreshMart Kolkata,Supermarket
ORD00334,2024-12-02,C0099,P078,S006,1,350,180,0,350,0.0,350.0,170.0,UPI,Pet Bowl,Pet Supplies,Riya Das,Pune,45-54,Silver,FreshMart Pune,Supermarket
ORD00335,2026-02-14,C0121,P043,S002,1,280,170,0,280,0.0,280.0,110.0,Credit Card,Breakfast Cereal,Groceries & Food,Priya Gupta,Mumbai,25-34,Platinum,FreshMart Mumbai West,Supermarket
ORD00336,2026-07-06,C0020,P069,S006,1,220,120,5,220,11.0,209.0,89.0,UPI,Hair Oil,Personal Care,Meera Mehta,Pune,25-34,Platinum,FreshMart Pune,Supermarket
ORD00337,2024-02-06,C0159,P088,S002,1,2000,1300,0,2000,0.0,2000.0,700.0,Credit Card,Blanket,Home & Living,Kabir Joshi,Mumbai,25-34,Gold,FreshMart Mumbai West,Supermarket
ORD00338,2024-07-05,C0294,P004,S002,3,1500,900,20,4500,900.0,3600.0,900.0,Debit Card,Cooking Pot,Kitchen Items,Vivaan Patel,Mumbai,35-44,Regular,FreshMart Mumbai West,Supermarket
ORD00339,2025-02-27,C0107,P091,S001,2,250,110,5,500,25.0,475.0,255.0,UPI,Cushion Cover,Home & Living,Neha Mehta,Delhi,55+,Regular,FreshMart Delhi Central,Supermarket
ORD00340,2025-04-01,C0338,P063,S006,3,120,70,0,360,0.0,360.0,150.0,Debit Card,Toothpaste,Personal Care,Aisha Joshi,Pune,55+,Regular,FreshMart Pune,Supermarket
ORD00341,2026-01-14,C0332,P059,S005,2,100,55,0,200,0.0,200.0,90.0,Debit Card,Iced Tea,Beverages,Kavya Sharma,Chennai,25-34,Regular,FreshMart Chennai,Supermarket
ORD00342,2025-11-30,C0321,P032,S002,2,200,95,10,400,40.0,360.0,170.0,Credit Card,Glass Cleaner,Cleaning & Household,Isha Joshi,Mumbai,18-24,Gold,FreshMart Mumbai West,Supermarket
ORD00343,2024-08-05,C0274,P045,S007,1,350,220,0,350,0.0,350.0,130.0,UPI,Peanut Butter,Groceries & Food,Ananya Das,Kolkata,55+,Regular,FreshMart Kolkata,Supermarket
ORD00344,2026-04-18,C0021,P070,S008,1,300,170,5,300,15.0,285.0,115.0,UPI,Razor Pack,Personal Care,Rohan Khan,Ahmedabad,18-24,Silver,FreshMart Ahmedabad,Supermarket
ORD00345,2026-03-15,C0400,P092,S002,1,1800,1100,10,1800,180.0,1620.0,520.0,UPI,Curtain Set,Home & Living,Amit Sharma,Mumbai,25-34,Regular,FreshMart Mumbai West,Supermarket
ORD00346,2026-04-28,C0155,P034,S002,1,250,120,5,250,12.5,237.5,117.5,Debit Card,Disinfectant Spray,Cleaning & Household,Vivaan Das,Mumbai,25-34,Silver,FreshMart Mumbai West,Supermarket
ORD00347,2026-07-11,C0101,P018,S005,2,1200,700,5,2400,120.0,2280.0,880.0,Credit Card,Mirror,Bathroom Items,Aisha Joshi,Chennai,25-34,Gold,FreshMart Chennai,Supermarket
ORD00348,2024-01-09,C0165,P092,S001,2,1800,1100,0,3600,0.0,3600.0,1400.0,Wallet,Curtain Set,Home & Living,Isha Kumar,Delhi,18-24,Regular,FreshMart Delhi Central,Supermarket
ORD00349,2026-09-16,C0242,P070,S007,4,300,170,10,1200,120.0,1080.0,400.0,Wallet,Razor Pack,Personal Care,Aisha Mehta,Kolkata,18-24,Regular,FreshMart Kolkata,Supermarket
ORD00350,2024-12-21,C0286,P050,S001,1,150,90,0,150,0.0,150.0,60.0,Credit Card,Orange Juice,Beverages,Kavya Joshi,Delhi,18-24,Regular,FreshMart Delhi Central,Supermarket
ORD00351,2026-10-29,C0061,P073,S005,1,900,650,5,900,45.0,855.0,205.0,Debit Card,Dog Food,Pet Supplies,Amit Patel,Chennai,25-34,Regular,FreshMart Chennai,Supermarket
ORD00352,2026-03-25,C0042,P032,S001,4,200,95,20,800,160.0,640.0,260.0,Credit Card,Glass Cleaner,Cleaning & Household,Vivaan Verma,Delhi,45-54,Silver,FreshMart Delhi Central,Supermarket
ORD00353,2026-04-25,C0396,P018,S002,2,1200,700,15,2400,360.0,2040.0,640.0,Credit Card,Mirror,Bathroom Items,Priya Patel,Mumbai,45-54,Silver,FreshMart Mumbai West,Supermarket
ORD00354,2025-10-04,C0350,P077,S004,4,220,100,5,880,44.0,836.0,436.0,UPI,Cat Toy,Pet Supplies,Ananya Kumar,Hyderabad,18-24,Regular,FreshMart Hyderabad,Supermarket
ORD00355,2025-08-18,C0124,P058,S005,2,40,22,15,80,12.0,68.0,24.0,UPI,Soda Water,Beverages,Amit Verma,Chennai,55+,Gold,FreshMart Chennai,Supermarket
ORD00356,2024-12-30,C0226,P072,S007,2,120,60,0,240,0.0,240.0,120.0,UPI,Cotton Pads,Personal Care,Aisha Das,Kolkata,35-44,Regular,FreshMart Kolkata,Supermarket
ORD00357,2026-09-10,C0182,P040,S005,2,55,42,15,110,16.5,93.5,9.5,Debit Card,Sugar 1kg,Groceries & Food,Rohan Verma,Chennai,45-54,Regular,FreshMart Chennai,Supermarket
ORD00358,2026-12-29,C0353,P059,S002,3,100,55,10,300,30.0,270.0,105.0,Credit Card,Iced Tea,Beverages,Aisha Singh,Mumbai,25-34,Gold,FreshMart Mumbai West,Supermarket
ORD00359,2024-10-08,C0006,P009,S006,1,800,450,10,800,80.0,720.0,270.0,UPI,Storage Container Set,Kitchen Items,Rahul Mehta,Pune,35-44,Regular,FreshMart Pune,Supermarket
ORD00360,2025-05-28,C0201,P033,S004,1,280,140,0,280,0.0,280.0,140.0,Debit Card,Air Freshener,Cleaning & Household,Sneha Das,Hyderabad,45-54,Gold,FreshMart Hyderabad,Supermarket
ORD00361,2024-03-07,C0156,P028,S003,1,350,180,5,350,17.5,332.5,152.5,Credit Card,Broom,Cleaning & Household,Raj Verma,Bengaluru,25-34,Regular,FreshMart Bengaluru Hub,Hypermarket
ORD00362,2025-04-04,C0205,P059,S004,2,100,55,5,200,10.0,190.0,80.0,UPI,Iced Tea,Beverages,Kavya Kumar,Hyderabad,45-54,Gold,FreshMart Hyderabad,Supermarket
ORD00363,2025-08-12,C0374,P071,S003,2,180,100,0,360,0.0,360.0,160.0,UPI,Sanitary Pads,Personal Care,Ananya Das,Bengaluru,35-44,Gold,FreshMart Bengaluru Hub,Hypermarket
ORD00364,2025-10-02,C0300,P039,S004,1,180,140,10,180,18.0,162.0,22.0,UPI,Cooking Oil 1L,Groceries & Food,Ananya Joshi,Hyderabad,25-34,Platinum,FreshMart Hyderabad,Supermarket
ORD00365,2026-06-26,C0058,P082,S006,3,280,150,15,840,126.0,714.0,264.0,Debit Card,Pet Treats,Pet Supplies,Kabir Joshi,Pune,18-24,Regular,FreshMart Pune,Supermarket
ORD00366,2025-02-06,C0374,P057,S003,3,140,80,20,420,84.0,336.0,96.0,UPI,Mango Juice,Beverages,Ananya Das,Bengaluru,35-44,Gold,FreshMart Bengaluru Hub,Hypermarket
ORD00367,2024-06-01,C0259,P014,S003,1,700,380,0,700,0.0,700.0,320.0,Credit Card,Shower Curtain,Bathroom Items,Raj Sharma,Bengaluru,35-44,Silver,FreshMart Bengaluru Hub,Hypermarket
ORD00368,2026-05-27,C0334,P048,S005,1,450,300,0,450,0.0,450.0,150.0,UPI,Coffee Pack,Groceries & Food,Riya Joshi,Chennai,18-24,Silver,FreshMart Chennai,Supermarket
ORD00369,2024-01-12,C0090,P080,S008,1,1800,1200,10,1800,180.0,1620.0,420.0,UPI,Pet Bed,Pet Supplies,Karan Khan,Ahmedabad,25-34,Silver,FreshMart Ahmedabad,Supermarket
ORD00370,2025-10-22,C0308,P022,S007,3,1500,950,5,4500,225.0,4275.0,1425.0,Cash,Bathroom Scale,Bathroom Items,Pooja Khan,Kolkata,25-34,Gold,FreshMart Kolkata,Supermarket
ORD00371,2026-01-03,C0309,P026,S005,1,160,75,10,160,16.0,144.0,69.0,Credit Card,Dishwashing Liquid,Cleaning & Household,Isha Gupta,Chennai,18-24,Silver,FreshMart Chennai,Supermarket
ORD00372,2026-12-04,C0004,P087,S004,1,700,400,5,700,35.0,665.0,265.0,Credit Card,Pillow,Home & Living,Aarav Khan,Hyderabad,55+,Regular,FreshMart Hyderabad,Supermarket
ORD00373,2025-03-12,C0335,P038,S006,2,300,220,0,600,0.0,600.0,160.0,UPI,Wheat Flour 5kg,Groceries & Food,Karan Kumar,Pune,18-24,Gold,FreshMart Pune,Supermarket
ORD00374,2026-12-22,C0373,P096,S007,2,500,260,10,1000,100.0,900.0,380.0,Debit Card,Desk Organizer,Home & Living,Rahul Joshi,Kolkata,45-54,Regular,FreshMart Kolkata,Supermarket
ORD00375,2025-12-09,C0182,P022,S005,4,1500,950,5,6000,300.0,5700.0,1900.0,Debit Card,Bathroom Scale,Bathroom Items,Rohan Verma,Chennai,45-54,Regular,FreshMart Chennai,Supermarket
ORD00376,2025-10-19,C0366,P090,S004,3,300,150,0,900,0.0,900.0,450.0,UPI,Photo Frame,Home & Living,Aditya Kumar,Hyderabad,55+,Regular,FreshMart Hyderabad,Supermarket
ORD00377,2024-02-20,C0198,P064,S001,4,80,35,10,320,32.0,288.0,148.0,UPI,Toothbrush,Personal Care,Vivaan Patel,Delhi,35-44,Regular,FreshMart Delhi Central,Supermarket
ORD00378,2026-07-01,C0155,P061,S002,2,350,200,0,700,0.0,700.0,300.0,Debit Card,Shampoo,Personal Care,Vivaan Das,Mumbai,25-34,Silver,FreshMart Mumbai West,Supermarket
ORD00379,2024-06-17,C0319,P029,S007,4,650,380,0,2600,0.0,2600.0,1080.0,Wallet,Mop,Cleaning & Household,Riya Das,Kolkata,18-24,Silver,FreshMart Kolkata,Supermarket
ORD00380,2024-01-16,C0335,P041,S006,2,30,20,0,60,0.0,60.0,20.0,Debit Card,Salt 1kg,Groceries & Food,Karan Kumar,Pune,18-24,Gold,FreshMart Pune,Supermarket
ORD00381,2026-05-18,C0294,P029,S002,3,650,380,0,1950,0.0,1950.0,810.0,Cash,Mop,Cleaning & Household,Vivaan Patel,Mumbai,35-44,Regular,FreshMart Mumbai West,Supermarket
ORD00382,2026-06-10,C0346,P075,S003,2,300,170,15,600,90.0,510.0,170.0,Debit Card,Pet Shampoo,Pet Supplies,Kavya Sharma,Bengaluru,18-24,Regular,FreshMart Bengaluru Hub,Hypermarket
ORD00383,2026-07-29,C0222,P018,S007,2,1200,700,0,2400,0.0,2400.0,1000.0,UPI,Mirror,Bathroom Items,Kavya Kumar,Kolkata,18-24,Regular,FreshMart Kolkata,Supermarket
ORD00384,2025-05-30,C0159,P024,S002,2,180,85,5,360,18.0,342.0,172.0,UPI,Toothbrush Holder,Bathroom Items,Kabir Joshi,Mumbai,25-34,Gold,FreshMart Mumbai West,Supermarket
ORD00385,2026-03-05,C0096,P026,S007,2,160,75,0,320,0.0,320.0,170.0,UPI,Dishwashing Liquid,Cleaning & Household,Aarav Verma,Kolkata,25-34,Regular,FreshMart Kolkata,Supermarket
ORD00386,2024-08-30,C0122,P040,S001,2,55,42,5,110,5.5,104.5,20.5,Credit Card,Sugar 1kg,Groceries & Food,Arjun Das,Delhi,35-44,Silver,FreshMart Delhi Central,Supermarket
ORD00387,2024-04-03,C0065,P070,S005,2,300,170,0,600,0.0,600.0,260.0,Wallet,Razor Pack,Personal Care,Ananya Singh,Chennai,55+,Regular,FreshMart Chennai,Supermarket
ORD00388,2025-09-09,C0310,P015,S002,2,350,180,0,700,0.0,700.0,340.0,Wallet,Soap Dispenser,Bathroom Items,Priya Khan,Mumbai,55+,Gold,FreshMart Mumbai West,Supermarket
ORD00389,2024-03-04,C0081,P040,S002,2,55,42,5,110,5.5,104.5,20.5,UPI,Sugar 1kg,Groceries & Food,Ananya Mehta,Mumbai,45-54,Gold,FreshMart Mumbai West,Supermarket
ORD00390,2025-08-27,C0120,P041,S004,4,30,20,0,120,0.0,120.0,40.0,Debit Card,Salt 1kg,Groceries & Food,Arjun Das,Hyderabad,45-54,Silver,FreshMart Hyderabad,Supermarket
ORD00391,2026-02-03,C0099,P092,S006,4,1800,1100,0,7200,0.0,7200.0,2800.0,Cash,Curtain Set,Home & Living,Riya Das,Pune,45-54,Silver,FreshMart Pune,Supermarket
ORD00392,2024-03-26,C0139,P020,S006,1,750,420,5,750,37.5,712.5,292.5,Credit Card,Shower Caddy,Bathroom Items,Kabir Das,Pune,45-54,Silver,FreshMart Pune,Supermarket
ORD00393,2025-09-16,C0092,P087,S004,1,700,400,10,700,70.0,630.0,230.0,Debit Card,Pillow,Home & Living,Amit Kumar,Hyderabad,25-34,Regular,FreshMart Hyderabad,Supermarket
ORD00394,2026-10-24,C0332,P034,S005,1,250,120,10,250,25.0,225.0,105.0,UPI,Disinfectant Spray,Cleaning & Household,Kavya Sharma,Chennai,25-34,Regular,FreshMart Chennai,Supermarket
ORD00395,2024-04-21,C0254,P025,S005,3,220,110,15,660,99.0,561.0,231.0,Wallet,Floor Cleaner,Cleaning & Household,Neha Sharma,Chennai,55+,Regular,FreshMart Chennai,Supermarket
ORD00396,2024-05-29,C0192,P041,S002,1,30,20,0,30,0.0,30.0,10.0,UPI,Salt 1kg,Groceries & Food,Neha Gupta,Mumbai,45-54,Silver,FreshMart Mumbai West,Supermarket
ORD00397,2026-09-24,C0311,P065,S003,4,140,70,0,560,0.0,560.0,280.0,Debit Card,Hand Wash,Personal Care,Kabir Verma,Bengaluru,35-44,Regular,FreshMart Bengaluru Hub,Hypermarket
ORD00398,2025-08-06,C0149,P032,S001,2,200,95,15,400,60.0,340.0,150.0,UPI,Glass Cleaner,Cleaning & Household,Ananya Gupta,Delhi,35-44,Gold,FreshMart Delhi Central,Supermarket
ORD00399,2025-09-18,C0318,P038,S005,2,300,220,0,600,0.0,600.0,160.0,Credit Card,Wheat Flour 5kg,Groceries & Food,Aditya Sharma,Chennai,25-34,Gold,FreshMart Chennai,Supermarket
ORD00400,2026-05-27,C0077,P068,S006,1,250,140,0,250,0.0,250.0,110.0,Debit Card,Deodorant,Personal Care,Karan Mehta,Pune,35-44,Gold,FreshMart Pune,Supermarket
ORD00401,2026-06-12,C0018,P071,S003,1,180,100,0,180,0.0,180.0,80.0,Debit Card,Sanitary Pads,Personal Care,Sneha Joshi,Bengaluru,35-44,Regular,FreshMart Bengaluru Hub,Hypermarket
ORD00402,2026-09-09,C0145,P033,S006,2,280,140,0,560,0.0,560.0,280.0,UPI,Air Freshener,Cleaning & Household,Kabir Singh,Pune,25-34,Regular,FreshMart Pune,Supermarket
ORD00403,2024-12-25,C0147,P041,S003,1,30,20,0,30,0.0,30.0,10.0,Cash,Salt 1kg,Groceries & Food,Riya Kumar,Bengaluru,45-54,Regular,FreshMart Bengaluru Hub,Hypermarket
ORD00404,2025-02-06,C0178,P087,S008,1,700,400,15,700,105.0,595.0,195.0,UPI,Pillow,Home & Living,Amit Verma,Ahmedabad,18-24,Silver,FreshMart Ahmedabad,Supermarket
ORD00405,2024-02-08,C0290,P001,S008,3,1200,750,5,3600,180.0,3420.0,1170.0,Cash,Frying Pan,Kitchen Items,Rohan Sharma,Ahmedabad,18-24,Gold,FreshMart Ahmedabad,Supermarket
ORD00406,2025-03-11,C0395,P052,S005,4,50,30,5,200,10.0,190.0,70.0,Credit Card,Cola Drink,Beverages,Riya Joshi,Chennai,45-54,Gold,FreshMart Chennai,Supermarket
ORD00407,2026-08-24,C0292,P089,S003,2,800,450,0,1600,0.0,1600.0,700.0,UPI,Wall Clock,Home & Living,Kavya Joshi,Bengaluru,35-44,Regular,FreshMart Bengaluru Hub,Hypermarket
ORD00408,2025-08-18,C0153,P094,S004,1,350,170,5,350,17.5,332.5,162.5,UPI,Clothes Hanger Set,Home & Living,Neha Das,Hyderabad,55+,Regular,FreshMart Hyderabad,Supermarket
ORD00409,2024-01-22,C0190,P039,S006,2,180,140,10,360,36.0,324.0,44.0,Cash,Cooking Oil 1L,Groceries & Food,Rohan Khan,Pune,18-24,Gold,FreshMart Pune,Supermarket
ORD00410,2024-12-05,C0390,P053,S007,1,120,70,0,120,0.0,120.0,50.0,Credit Card,Green Tea Drink,Beverages,Rohan Singh,Kolkata,55+,Regular,FreshMart Kolkata,Supermarket
ORD00411,2024-10-26,C0370,P053,S004,2,120,70,0,240,0.0,240.0,100.0,UPI,Green Tea Drink,Beverages,Meera Kumar,Hyderabad,55+,Regular,FreshMart Hyderabad,Supermarket
ORD00412,2024-05-08,C0375,P037,S007,1,650,500,0,650,0.0,650.0,150.0,Debit Card,Basmati Rice 5kg,Groceries & Food,Ananya Patel,Kolkata,25-34,Silver,FreshMart Kolkata,Supermarket
ORD00413,2026-01-09,C0354,P037,S008,1,650,500,15,650,97.5,552.5,52.5,Cash,Basmati Rice 5kg,Groceries & Food,Kavya Gupta,Ahmedabad,18-24,Gold,FreshMart Ahmedabad,Supermarket
ORD00414,2025-12-06,C0399,P009,S007,2,800,450,0,1600,0.0,1600.0,700.0,Debit Card,Storage Container Set,Kitchen Items,Rahul Khan,Kolkata,25-34,Gold,FreshMart Kolkata,Supermarket
ORD00415,2024-12-22,C0353,P059,S002,1,100,55,5,100,5.0,95.0,40.0,Cash,Iced Tea,Beverages,Aisha Singh,Mumbai,25-34,Gold,FreshMart Mumbai West,Supermarket
ORD00416,2025-05-30,C0355,P010,S002,1,250,110,15,250,37.5,212.5,102.5,Credit Card,Coffee Mug,Kitchen Items,Ananya Patel,Mumbai,55+,Regular,FreshMart Mumbai West,Supermarket
ORD00417,2025-12-07,C0394,P044,S006,2,120,70,5,240,12.0,228.0,88.0,Credit Card,Biscuits Pack,Groceries & Food,Kabir Das,Pune,55+,Gold,FreshMart Pune,Supermarket
ORD00418,2024-12-05,C0217,P017,S002,2,250,130,0,500,0.0,500.0,240.0,UPI,Toilet Brush,Bathroom Items,Riya Patel,Mumbai,45-54,Regular,FreshMart Mumbai West,Supermarket
ORD00419,2024-08-30,C0289,P014,S006,2,700,380,0,1400,0.0,1400.0,640.0,UPI,Shower Curtain,Bathroom Items,Meera Singh,Pune,55+,Regular,FreshMart Pune,Supermarket
ORD00420,2026-09-07,C0349,P021,S003,2,1000,600,5,2000,100.0,1900.0,700.0,Debit Card,Laundry Basket,Bathroom Items,Aditya Das,Bengaluru,55+,Regular,FreshMart Bengaluru Hub,Hypermarket
ORD00421,2025-05-14,C0202,P047,S008,1,250,150,5,250,12.5,237.5,87.5,UPI,Tea Pack,Groceries & Food,Rohan Singh,Ahmedabad,35-44,Regular,FreshMart Ahmedabad,Supermarket
ORD00422,2024-03-21,C0268,P058,S005,3,40,22,0,120,0.0,120.0,54.0,UPI,Soda Water,Beverages,Meera Joshi,Chennai,18-24,Regular,FreshMart Chennai,Supermarket
ORD00423,2026-11-24,C0184,P092,S008,2,1800,1100,5,3600,180.0,3420.0,1220.0,UPI,Curtain Set,Home & Living,Meera Das,Ahmedabad,25-34,Regular,FreshMart Ahmedabad,Supermarket
ORD00424,2025-08-03,C0013,P069,S005,4,220,120,0,880,0.0,880.0,400.0,Credit Card,Hair Oil,Personal Care,Priya Singh,Chennai,18-24,Silver,FreshMart Chennai,Supermarket
ORD00425,2026-09-13,C0145,P048,S006,1,450,300,10,450,45.0,405.0,105.0,Credit Card,Coffee Pack,Groceries & Food,Kabir Singh,Pune,25-34,Regular,FreshMart Pune,Supermarket
ORD00426,2025-01-07,C0253,P070,S002,2,300,170,5,600,30.0,570.0,230.0,UPI,Razor Pack,Personal Care,Riya Patel,Mumbai,45-54,Regular,FreshMart Mumbai West,Supermarket
ORD00427,2026-07-17,C0207,P052,S001,2,50,30,0,100,0.0,100.0,40.0,UPI,Cola Drink,Beverages,Kabir Kumar,Delhi,45-54,Regular,FreshMart Delhi Central,Supermarket
ORD00428,2024-02-03,C0069,P018,S001,1,1200,700,15,1200,180.0,1020.0,320.0,Credit Card,Mirror,Bathroom Items,Rohan Khan,Delhi,35-44,Silver,FreshMart Delhi Central,Supermarket
ORD00429,2024-11-02,C0400,P047,S002,1,250,150,15,250,37.5,212.5,62.5,Credit Card,Tea Pack,Groceries & Food,Amit Sharma,Mumbai,25-34,Regular,FreshMart Mumbai West,Supermarket
ORD00430,2026-12-24,C0335,P076,S006,1,250,120,5,250,12.5,237.5,117.5,UPI,Dog Toy,Pet Supplies,Karan Kumar,Pune,18-24,Gold,FreshMart Pune,Supermarket
ORD00431,2024-01-03,C0064,P060,S005,3,70,40,10,210,21.0,189.0,69.0,Debit Card,Coconut Water,Beverages,Riya Gupta,Chennai,35-44,Silver,FreshMart Chennai,Supermarket
ORD00432,2026-01-28,C0157,P043,S001,3,280,170,10,840,84.0,756.0,246.0,Credit Card,Breakfast Cereal,Groceries & Food,Aditya Gupta,Delhi,45-54,Regular,FreshMart Delhi Central,Supermarket
ORD00433,2026-09-14,C0290,P087,S008,3,700,400,0,2100,0.0,2100.0,900.0,Credit Card,Pillow,Home & Living,Rohan Sharma,Ahmedabad,18-24,Gold,FreshMart Ahmedabad,Supermarket
ORD00434,2024-07-19,C0371,P061,S005,1,350,200,0,350,0.0,350.0,150.0,Debit Card,Shampoo,Personal Care,Aarav Joshi,Chennai,35-44,Regular,FreshMart Chennai,Supermarket
ORD00435,2024-06-20,C0279,P092,S002,1,1800,1100,15,1800,270.0,1530.0,430.0,Credit Card,Curtain Set,Home & Living,Rahul Verma,Mumbai,55+,Regular,FreshMart Mumbai West,Supermarket
ORD00436,2024-01-15,C0003,P034,S004,2,250,120,0,500,0.0,500.0,260.0,UPI,Disinfectant Spray,Cleaning & Household,Aarav Verma,Hyderabad,25-34,Regular,FreshMart Hyderabad,Supermarket
ORD00437,2025-10-08,C0038,P060,S004,1,70,40,0,70,0.0,70.0,30.0,Credit Card,Coconut Water,Beverages,Aditya Khan,Hyderabad,35-44,Silver,FreshMart Hyderabad,Supermarket
ORD00438,2026-05-17,C0285,P034,S006,2,250,120,5,500,25.0,475.0,235.0,Wallet,Disinfectant Spray,Cleaning & Household,Meera Sharma,Pune,55+,Regular,FreshMart Pune,Supermarket
ORD00439,2025-02-21,C0190,P040,S006,1,55,42,10,55,5.5,49.5,7.5,Credit Card,Sugar 1kg,Groceries & Food,Rohan Khan,Pune,18-24,Gold,FreshMart Pune,Supermarket
ORD00440,2026-09-17,C0078,P037,S007,1,650,500,0,650,0.0,650.0,150.0,UPI,Basmati Rice 5kg,Groceries & Food,Raj Patel,Kolkata,55+,Regular,FreshMart Kolkata,Supermarket
ORD00441,2024-10-09,C0229,P067,S007,2,450,280,10,900,90.0,810.0,250.0,Credit Card,Moisturizer,Personal Care,Priya Sharma,Kolkata,35-44,Regular,FreshMart Kolkata,Supermarket
ORD00442,2024-12-05,C0191,P054,S008,1,110,65,0,110,0.0,110.0,45.0,Credit Card,Energy Drink,Beverages,Kavya Verma,Ahmedabad,18-24,Silver,FreshMart Ahmedabad,Supermarket
ORD00443,2024-04-16,C0340,P059,S005,1,100,55,20,100,20.0,80.0,25.0,UPI,Iced Tea,Beverages,Rahul Khan,Chennai,35-44,Regular,FreshMart Chennai,Supermarket
ORD00444,2024-10-24,C0191,P008,S008,2,600,320,0,1200,0.0,1200.0,560.0,UPI,Lunch Box,Kitchen Items,Kavya Verma,Ahmedabad,18-24,Silver,FreshMart Ahmedabad,Supermarket
ORD00445,2024-03-18,C0287,P043,S002,2,280,170,15,560,84.0,476.0,136.0,Credit Card,Breakfast Cereal,Groceries & Food,Kabir Verma,Mumbai,55+,Silver,FreshMart Mumbai West,Supermarket
ORD00446,2025-08-09,C0278,P053,S005,2,120,70,5,240,12.0,228.0,88.0,Wallet,Green Tea Drink,Beverages,Aditya Mehta,Chennai,35-44,Regular,FreshMart Chennai,Supermarket
ORD00447,2026-10-09,C0367,P065,S002,1,140,70,10,140,14.0,126.0,56.0,Cash,Hand Wash,Personal Care,Kabir Das,Mumbai,55+,Silver,FreshMart Mumbai West,Supermarket
ORD00448,2024-03-09,C0300,P025,S004,3,220,110,5,660,33.0,627.0,297.0,Debit Card,Floor Cleaner,Cleaning & Household,Ananya Joshi,Hyderabad,25-34,Platinum,FreshMart Hyderabad,Supermarket
ORD00449,2024-03-14,C0260,P052,S006,1,50,30,10,50,5.0,45.0,15.0,Wallet,Cola Drink,Beverages,Kabir Patel,Pune,18-24,Regular,FreshMart Pune,Supermarket
ORD00450,2025-07-19,C0009,P010,S007,3,250,110,0,750,0.0,750.0,420.0,UPI,Coffee Mug,Kitchen Items,Riya Verma,Kolkata,18-24,Silver,FreshMart Kolkata,Supermarket
ORD00451,2026-12-30,C0153,P055,S004,1,90,50,0,90,0.0,90.0,40.0,UPI,Cold Coffee,Beverages,Neha Das,Hyderabad,55+,Regular,FreshMart Hyderabad,Supermarket
ORD00452,2025-12-13,C0258,P064,S001,3,80,35,0,240,0.0,240.0,135.0,Wallet,Toothbrush,Personal Care,Isha Das,Delhi,55+,Gold,FreshMart Delhi Central,Supermarket
ORD00453,2026-04-07,C0132,P048,S007,2,450,300,0,900,0.0,900.0,300.0,Credit Card,Coffee Pack,Groceries & Food,Meera Das,Kolkata,35-44,Regular,FreshMart Kolkata,Supermarket
ORD00454,2024-05-28,C0166,P020,S001,2,750,420,0,1500,0.0,1500.0,660.0,UPI,Shower Caddy,Bathroom Items,Meera Das,Delhi,35-44,Silver,FreshMart Delhi Central,Supermarket
ORD00455,2025-06-11,C0162,P043,S005,3,280,170,10,840,84.0,756.0,246.0,Credit Card,Breakfast Cereal,Groceries & Food,Kabir Das,Chennai,45-54,Regular,FreshMart Chennai,Supermarket
ORD00456,2026-02-11,C0398,P056,S004,2,60,35,10,120,12.0,108.0,38.0,Debit Card,Lemon Drink,Beverages,Meera Das,Hyderabad,18-24,Silver,FreshMart Hyderabad,Supermarket
ORD00457,2026-07-28,C0027,P088,S004,2,2000,1300,15,4000,600.0,3400.0,800.0,Cash,Blanket,Home & Living,Kabir Khan,Hyderabad,25-34,Regular,FreshMart Hyderabad,Supermarket
ORD00458,2025-06-12,C0133,P041,S008,1,30,20,5,30,1.5,28.5,8.5,Wallet,Salt 1kg,Groceries & Food,Ananya Gupta,Ahmedabad,25-34,Regular,FreshMart Ahmedabad,Supermarket
ORD00459,2025-04-15,C0274,P053,S007,3,120,70,0,360,0.0,360.0,150.0,UPI,Green Tea Drink,Beverages,Ananya Das,Kolkata,55+,Regular,FreshMart Kolkata,Supermarket
ORD00460,2025-06-23,C0144,P037,S005,1,650,500,0,650,0.0,650.0,150.0,Debit Card,Basmati Rice 5kg,Groceries & Food,Meera Khan,Chennai,18-24,Gold,FreshMart Chennai,Supermarket
ORD00461,2024-06-04,C0370,P063,S004,2,120,70,0,240,0.0,240.0,100.0,UPI,Toothpaste,Personal Care,Meera Kumar,Hyderabad,55+,Regular,FreshMart Hyderabad,Supermarket
ORD00462,2025-07-05,C0335,P035,S006,1,300,150,10,300,30.0,270.0,120.0,Wallet,Bucket,Cleaning & Household,Karan Kumar,Pune,18-24,Gold,FreshMart Pune,Supermarket
ORD00463,2025-02-12,C0119,P028,S004,1,350,180,0,350,0.0,350.0,170.0,UPI,Broom,Cleaning & Household,Isha Gupta,Hyderabad,25-34,Regular,FreshMart Hyderabad,Supermarket
ORD00464,2025-05-26,C0371,P036,S005,3,200,90,0,600,0.0,600.0,330.0,Debit Card,Dustpan,Cleaning & Household,Aarav Joshi,Chennai,35-44,Regular,FreshMart Chennai,Supermarket
ORD00465,2024-06-09,C0242,P014,S007,2,700,380,10,1400,140.0,1260.0,500.0,Credit Card,Shower Curtain,Bathroom Items,Aisha Mehta,Kolkata,18-24,Regular,FreshMart Kolkata,Supermarket
ORD00466,2024-03-27,C0308,P064,S007,3,80,35,0,240,0.0,240.0,135.0,UPI,Toothbrush,Personal Care,Pooja Khan,Kolkata,25-34,Gold,FreshMart Kolkata,Supermarket
ORD00467,2025-07-16,C0358,P089,S006,2,800,450,20,1600,320.0,1280.0,380.0,Wallet,Wall Clock,Home & Living,Aarav Patel,Pune,45-54,Gold,FreshMart Pune,Supermarket
ORD00468,2025-03-30,C0383,P033,S008,3,280,140,0,840,0.0,840.0,420.0,Credit Card,Air Freshener,Cleaning & Household,Aisha Das,Ahmedabad,35-44,Regular,FreshMart Ahmedabad,Supermarket
ORD00469,2024-03-07,C0330,P040,S003,2,55,42,0,110,0.0,110.0,26.0,Debit Card,Sugar 1kg,Groceries & Food,Riya Patel,Bengaluru,45-54,Platinum,FreshMart Bengaluru Hub,Hypermarket
ORD00470,2024-09-03,C0351,P019,S007,2,900,500,5,1800,90.0,1710.0,710.0,Debit Card,Towel Rack,Bathroom Items,Rahul Joshi,Kolkata,55+,Regular,FreshMart Kolkata,Supermarket
ORD00471,2025-03-07,C0101,P001,S005,1,1200,750,0,1200,0.0,1200.0,450.0,UPI,Frying Pan,Kitchen Items,Aisha Joshi,Chennai,25-34,Gold,FreshMart Chennai,Supermarket
ORD00472,2025-01-18,C0322,P073,S001,2,900,650,0,1800,0.0,1800.0,500.0,Credit Card,Dog Food,Pet Supplies,Aisha Das,Delhi,55+,Silver,FreshMart Delhi Central,Supermarket
ORD00473,2026-01-19,C0378,P050,S007,1,150,90,0,150,0.0,150.0,60.0,Credit Card,Orange Juice,Beverages,Vivaan Kumar,Kolkata,55+,Regular,FreshMart Kolkata,Supermarket
ORD00474,2026-01-17,C0117,P066,S006,3,300,180,0,900,0.0,900.0,360.0,UPI,Face Wash,Personal Care,Riya Sharma,Pune,25-34,Silver,FreshMart Pune,Supermarket
ORD00475,2025-04-13,C0024,P016,S002,3,650,360,10,1950,195.0,1755.0,675.0,Cash,Bathroom Mat,Bathroom Items,Riya Sharma,Mumbai,55+,Silver,FreshMart Mumbai West,Supermarket
ORD00476,2026-02-19,C0292,P044,S003,1,120,70,10,120,12.0,108.0,38.0,Debit Card,Biscuits Pack,Groceries & Food,Kavya Joshi,Bengaluru,35-44,Regular,FreshMart Bengaluru Hub,Hypermarket
ORD00477,2024-01-20,C0365,P047,S006,1,250,150,5,250,12.5,237.5,87.5,Wallet,Tea Pack,Groceries & Food,Ananya Singh,Pune,55+,Gold,FreshMart Pune,Supermarket
ORD00478,2026-11-24,C0266,P076,S008,1,250,120,5,250,12.5,237.5,117.5,UPI,Dog Toy,Pet Supplies,Neha Joshi,Ahmedabad,45-54,Regular,FreshMart Ahmedabad,Supermarket
ORD00479,2024-04-07,C0279,P076,S002,1,250,120,10,250,25.0,225.0,105.0,UPI,Dog Toy,Pet Supplies,Rahul Verma,Mumbai,55+,Regular,FreshMart Mumbai West,Supermarket
ORD00480,2026-09-02,C0118,P064,S004,3,80,35,0,240,0.0,240.0,135.0,Debit Card,Toothbrush,Personal Care,Vivaan Sharma,Hyderabad,25-34,Gold,FreshMart Hyderabad,Supermarket
ORD00481,2026-01-07,C0393,P034,S007,2,250,120,15,500,75.0,425.0,185.0,UPI,Disinfectant Spray,Cleaning & Household,Ananya Gupta,Kolkata,55+,Silver,FreshMart Kolkata,Supermarket
ORD00482,2024-09-05,C0222,P002,S007,1,900,520,10,900,90.0,810.0,290.0,Credit Card,Chef Knife,Kitchen Items,Kavya Kumar,Kolkata,18-24,Regular,FreshMart Kolkata,Supermarket
ORD00483,2024-12-23,C0201,P060,S004,1,70,40,0,70,0.0,70.0,30.0,Credit Card,Coconut Water,Beverages,Sneha Das,Hyderabad,45-54,Gold,FreshMart Hyderabad,Supermarket
ORD00484,2026-07-04,C0350,P063,S004,3,120,70,0,360,0.0,360.0,150.0,UPI,Toothpaste,Personal Care,Ananya Kumar,Hyderabad,18-24,Regular,FreshMart Hyderabad,Supermarket
ORD00485,2024-10-23,C0291,P054,S003,2,110,65,15,220,33.0,187.0,57.0,Credit Card,Energy Drink,Beverages,Ananya Verma,Bengaluru,18-24,Regular,FreshMart Bengaluru Hub,Hypermarket
ORD00486,2026-04-08,C0394,P057,S006,3,140,80,0,420,0.0,420.0,180.0,UPI,Mango Juice,Beverages,Kabir Das,Pune,55+,Gold,FreshMart Pune,Supermarket
ORD00487,2025-10-10,C0254,P027,S005,2,450,240,5,900,45.0,855.0,375.0,UPI,Laundry Detergent,Cleaning & Household,Neha Sharma,Chennai,55+,Regular,FreshMart Chennai,Supermarket
ORD00488,2026-01-13,C0314,P076,S006,2,250,120,5,500,25.0,475.0,235.0,Credit Card,Dog Toy,Pet Supplies,Sneha Khan,Pune,25-34,Regular,FreshMart Pune,Supermarket
ORD00489,2024-02-17,C0246,P015,S007,1,350,180,0,350,0.0,350.0,170.0,UPI,Soap Dispenser,Bathroom Items,Kavya Khan,Kolkata,18-24,Silver,FreshMart Kolkata,Supermarket
ORD00490,2024-06-12,C0132,P061,S007,1,350,200,0,350,0.0,350.0,150.0,UPI,Shampoo,Personal Care,Meera Das,Kolkata,35-44,Regular,FreshMart Kolkata,Supermarket
ORD00491,2026-08-27,C0239,P095,S008,2,600,320,0,1200,0.0,1200.0,560.0,UPI,Storage Box,Home & Living,Aditya Joshi,Ahmedabad,35-44,Regular,FreshMart Ahmedabad,Supermarket
ORD00492,2024-06-19,C0106,P062,S007,1,280,160,5,280,14.0,266.0,106.0,UPI,Body Wash,Personal Care,Riya Joshi,Kolkata,18-24,Regular,FreshMart Kolkata,Supermarket
ORD00493,2026-03-09,C0106,P086,S007,1,1500,900,0,1500,0.0,1500.0,600.0,UPI,Bed Sheet,Home & Living,Riya Joshi,Kolkata,18-24,Regular,FreshMart Kolkata,Supermarket
ORD00494,2024-09-25,C0229,P057,S007,2,140,80,0,280,0.0,280.0,120.0,UPI,Mango Juice,Beverages,Priya Sharma,Kolkata,35-44,Regular,FreshMart Kolkata,Supermarket
ORD00495,2025-10-28,C0212,P048,S005,2,450,300,15,900,135.0,765.0,165.0,Wallet,Coffee Pack,Groceries & Food,Rohan Verma,Chennai,35-44,Silver,FreshMart Chennai,Supermarket
ORD00496,2024-10-03,C0090,P046,S008,2,400,260,0,800,0.0,800.0,280.0,Credit Card,Honey,Groceries & Food,Karan Khan,Ahmedabad,25-34,Silver,FreshMart Ahmedabad,Supermarket
ORD00497,2026-06-09,C0239,P050,S008,2,150,90,5,300,15.0,285.0,105.0,UPI,Orange Juice,Beverages,Aditya Joshi,Ahmedabad,35-44,Regular,FreshMart Ahmedabad,Supermarket
ORD00498,2025-04-10,C0137,P042,S008,3,90,55,0,270,0.0,270.0,105.0,UPI,Pasta,Groceries & Food,Amit Joshi,Ahmedabad,45-54,Silver,FreshMart Ahmedabad,Supermarket
ORD00499,2025-09-13,C0104,P028,S003,1,350,180,5,350,17.5,332.5,152.5,Debit Card,Broom,Cleaning & Household,Riya Verma,Bengaluru,25-34,Regular,FreshMart Bengaluru Hub,Hypermarket
ORD00500,2025-08-10,C0287,P013,S002,2,500,280,0,1000,0.0,1000.0,440.0,Wallet,Bath Towel,Bathroom Items,Kabir Verma,Mumbai,55+,Silver,FreshMart Mumbai West,Supermarket
ORD00501,2026-09-04,C0283,P096,S006,1,500,260,10,500,50.0,450.0,190.0,Debit Card,Desk Organizer,Home & Living,Meera Joshi,Pune,35-44,Regular,FreshMart Pune,Supermarket
ORD00502,2024-01-15,C0132,P051,S007,2,160,95,0,320,0.0,320.0,130.0,Cash,Apple Juice,Beverages,Meera Das,Kolkata,35-44,Regular,FreshMart Kolkata,Supermarket
ORD00503,2025-05-26,C0298,P041,S002,1,30,20,10,30,3.0,27.0,7.0,UPI,Salt 1kg,Groceries & Food,Ananya Gupta,Mumbai,45-54,Regular,FreshMart Mumbai West,Supermarket
ORD00504,2025-06-22,C0086,P041,S003,1,30,20,5,30,1.5,28.5,8.5,Credit Card,Salt 1kg,Groceries & Food,Kabir Khan,Bengaluru,25-34,Regular,FreshMart Bengaluru Hub,Hypermarket
ORD00505,2025-07-10,C0036,P062,S001,1,280,160,10,280,28.0,252.0,92.0,Cash,Body Wash,Personal Care,Meera Singh,Delhi,18-24,Silver,FreshMart Delhi Central,Supermarket
ORD00506,2024-05-20,C0022,P047,S003,1,250,150,0,250,0.0,250.0,100.0,Debit Card,Tea Pack,Groceries & Food,Arjun Gupta,Bengaluru,45-54,Silver,FreshMart Bengaluru Hub,Hypermarket
ORD00507,2025-07-11,C0395,P060,S005,2,70,40,5,140,7.0,133.0,53.0,UPI,Coconut Water,Beverages,Riya Joshi,Chennai,45-54,Gold,FreshMart Chennai,Supermarket
ORD00508,2026-10-14,C0018,P023,S003,1,220,100,0,220,0.0,220.0,120.0,Credit Card,Hand Towel,Bathroom Items,Sneha Joshi,Bengaluru,35-44,Regular,FreshMart Bengaluru Hub,Hypermarket
ORD00509,2024-07-03,C0142,P001,S002,1,1200,750,5,1200,60.0,1140.0,390.0,UPI,Frying Pan,Kitchen Items,Karan Patel,Mumbai,55+,Platinum,FreshMart Mumbai West,Supermarket
ORD00510,2026-10-17,C0222,P030,S007,2,180,80,10,360,36.0,324.0,164.0,UPI,Garbage Bags,Cleaning & Household,Kavya Kumar,Kolkata,18-24,Regular,FreshMart Kolkata,Supermarket
ORD00511,2024-11-20,C0048,P076,S001,1,250,120,5,250,12.5,237.5,117.5,UPI,Dog Toy,Pet Supplies,Rahul Mehta,Delhi,45-54,Regular,FreshMart Delhi Central,Supermarket
ORD00512,2026-02-20,C0227,P080,S008,3,1800,1200,0,5400,0.0,5400.0,1800.0,Debit Card,Pet Bed,Pet Supplies,Priya Singh,Ahmedabad,45-54,Platinum,FreshMart Ahmedabad,Supermarket
ORD00513,2026-06-26,C0311,P030,S003,1,180,80,20,180,36.0,144.0,64.0,UPI,Garbage Bags,Cleaning & Household,Kabir Verma,Bengaluru,35-44,Regular,FreshMart Bengaluru Hub,Hypermarket
ORD00514,2024-07-11,C0059,P071,S002,2,180,100,20,360,72.0,288.0,88.0,Credit Card,Sanitary Pads,Personal Care,Isha Das,Mumbai,18-24,Regular,FreshMart Mumbai West,Supermarket
ORD00515,2025-10-01,C0327,P059,S006,1,100,55,10,100,10.0,90.0,35.0,Debit Card,Iced Tea,Beverages,Vivaan Mehta,Pune,35-44,Silver,FreshMart Pune,Supermarket
ORD00516,2024-09-07,C0207,P046,S001,1,400,260,5,400,20.0,380.0,120.0,UPI,Honey,Groceries & Food,Kabir Kumar,Delhi,45-54,Regular,FreshMart Delhi Central,Supermarket
ORD00517,2025-03-22,C0333,P076,S006,5,250,120,0,1250,0.0,1250.0,650.0,Credit Card,Dog Toy,Pet Supplies,Karan Sharma,Pune,35-44,Regular,FreshMart Pune,Supermarket
ORD00518,2025-07-19,C0062,P007,S001,2,450,220,0,900,0.0,900.0,460.0,UPI,Water Bottle,Kitchen Items,Riya Kumar,Delhi,55+,Regular,FreshMart Delhi Central,Supermarket
ORD00519,2026-08-31,C0134,P087,S005,2,700,400,0,1400,0.0,1400.0,600.0,Debit Card,Pillow,Home & Living,Raj Patel,Chennai,55+,Silver,FreshMart Chennai,Supermarket
ORD00520,2026-12-19,C0217,P036,S002,1,200,90,20,200,40.0,160.0,70.0,Debit Card,Dustpan,Cleaning & Household,Riya Patel,Mumbai,45-54,Regular,FreshMart Mumbai West,Supermarket
ORD00521,2025-12-29,C0385,P011,S001,2,2500,1700,10,5000,500.0,4500.0,1100.0,UPI,Pressure Cooker,Kitchen Items,Sneha Patel,Delhi,45-54,Regular,FreshMart Delhi Central,Supermarket
ORD00522,2025-12-12,C0079,P030,S005,1,180,80,0,180,0.0,180.0,100.0,Debit Card,Garbage Bags,Cleaning & Household,Aarav Verma,Chennai,25-34,Silver,FreshMart Chennai,Supermarket
ORD00523,2024-10-02,C0383,P038,S008,1,300,220,10,300,30.0,270.0,50.0,Credit Card,Wheat Flour 5kg,Groceries & Food,Aisha Das,Ahmedabad,35-44,Regular,FreshMart Ahmedabad,Supermarket
ORD00524,2026-09-30,C0386,P038,S006,1,300,220,0,300,0.0,300.0,80.0,UPI,Wheat Flour 5kg,Groceries & Food,Riya Singh,Pune,55+,Regular,FreshMart Pune,Supermarket
ORD00525,2025-07-17,C0167,P069,S008,3,220,120,5,660,33.0,627.0,267.0,Cash,Hair Oil,Personal Care,Rahul Joshi,Ahmedabad,35-44,Regular,FreshMart Ahmedabad,Supermarket
ORD00526,2026-11-07,C0264,P013,S002,3,500,280,5,1500,75.0,1425.0,585.0,Credit Card,Bath Towel,Bathroom Items,Meera Das,Mumbai,18-24,Regular,FreshMart Mumbai West,Supermarket
ORD00527,2026-11-02,C0328,P071,S006,1,180,100,0,180,0.0,180.0,80.0,Cash,Sanitary Pads,Personal Care,Priya Verma,Pune,25-34,Silver,FreshMart Pune,Supermarket
ORD00528,2025-05-04,C0011,P063,S002,1,120,70,0,120,0.0,120.0,50.0,Wallet,Toothpaste,Personal Care,Amit Kumar,Mumbai,25-34,Gold,FreshMart Mumbai West,Supermarket
ORD00529,2025-01-23,C0010,P068,S004,2,250,140,5,500,25.0,475.0,195.0,Credit Card,Deodorant,Personal Care,Isha Patel,Hyderabad,18-24,Regular,FreshMart Hyderabad,Supermarket
ORD00530,2025-10-22,C0140,P052,S006,1,50,30,0,50,0.0,50.0,20.0,Debit Card,Cola Drink,Beverages,Priya Mehta,Pune,35-44,Silver,FreshMart Pune,Supermarket
ORD00531,2024-09-22,C0152,P009,S004,1,800,450,0,800,0.0,800.0,350.0,UPI,Storage Container Set,Kitchen Items,Kabir Verma,Hyderabad,18-24,Silver,FreshMart Hyderabad,Supermarket
ORD00532,2024-03-06,C0202,P026,S008,2,160,75,10,320,32.0,288.0,138.0,Debit Card,Dishwashing Liquid,Cleaning & Household,Rohan Singh,Ahmedabad,35-44,Regular,FreshMart Ahmedabad,Supermarket
ORD00533,2025-06-08,C0075,P042,S001,1,90,55,0,90,0.0,90.0,35.0,Debit Card,Pasta,Groceries & Food,Arjun Mehta,Delhi,45-54,Regular,FreshMart Delhi Central,Supermarket
ORD00534,2025-03-03,C0227,P009,S008,2,800,450,15,1600,240.0,1360.0,460.0,Cash,Storage Container Set,Kitchen Items,Priya Singh,Ahmedabad,45-54,Platinum,FreshMart Ahmedabad,Supermarket
ORD00535,2024-05-04,C0254,P047,S005,1,250,150,10,250,25.0,225.0,75.0,Cash,Tea Pack,Groceries & Food,Neha Sharma,Chennai,55+,Regular,FreshMart Chennai,Supermarket
ORD00536,2024-04-29,C0320,P062,S002,3,280,160,0,840,0.0,840.0,360.0,UPI,Body Wash,Personal Care,Amit Kumar,Mumbai,18-24,Regular,FreshMart Mumbai West,Supermarket
ORD00537,2025-09-14,C0246,P012,S007,1,180,80,0,180,0.0,180.0,100.0,Credit Card,Kitchen Towel,Kitchen Items,Kavya Khan,Kolkata,18-24,Silver,FreshMart Kolkata,Supermarket
ORD00538,2025-04-18,C0213,P014,S003,2,700,380,0,1400,0.0,1400.0,640.0,Credit Card,Shower Curtain,Bathroom Items,Rahul Singh,Bengaluru,55+,Gold,FreshMart Bengaluru Hub,Hypermarket
ORD00539,2025-01-01,C0387,P035,S008,2,300,150,5,600,30.0,570.0,270.0,Debit Card,Bucket,Cleaning & Household,Sneha Khan,Ahmedabad,55+,Regular,FreshMart Ahmedabad,Supermarket
ORD00540,2026-01-03,C0334,P065,S005,2,140,70,10,280,28.0,252.0,112.0,Credit Card,Hand Wash,Personal Care,Riya Joshi,Chennai,18-24,Silver,FreshMart Chennai,Supermarket
ORD00541,2025-01-04,C0269,P024,S001,2,180,85,5,360,18.0,342.0,172.0,Debit Card,Toothbrush Holder,Bathroom Items,Isha Sharma,Delhi,25-34,Regular,FreshMart Delhi Central,Supermarket
ORD00542,2026-06-26,C0185,P046,S006,4,400,260,15,1600,240.0,1360.0,320.0,Credit Card,Honey,Groceries & Food,Aisha Patel,Pune,55+,Silver,FreshMart Pune,Supermarket
ORD00543,2026-01-31,C0220,P095,S001,1,600,320,5,600,30.0,570.0,250.0,Cash,Storage Box,Home & Living,Amit Joshi,Delhi,55+,Gold,FreshMart Delhi Central,Supermarket
ORD00544,2025-05-07,C0400,P026,S002,2,160,75,0,320,0.0,320.0,170.0,Debit Card,Dishwashing Liquid,Cleaning & Household,Amit Sharma,Mumbai,25-34,Regular,FreshMart Mumbai West,Supermarket
ORD00545,2025-06-04,C0345,P095,S003,1,600,320,5,600,30.0,570.0,250.0,Wallet,Storage Box,Home & Living,Rahul Sharma,Bengaluru,55+,Silver,FreshMart Bengaluru Hub,Hypermarket
ORD00546,2024-03-11,C0169,P009,S006,5,800,450,5,4000,200.0,3800.0,1550.0,Credit Card,Storage Container Set,Kitchen Items,Neha Patel,Pune,18-24,Gold,FreshMart Pune,Supermarket
ORD00547,2025-09-10,C0205,P091,S004,1,250,110,20,250,50.0,200.0,90.0,UPI,Cushion Cover,Home & Living,Kavya Kumar,Hyderabad,45-54,Gold,FreshMart Hyderabad,Supermarket
ORD00548,2025-07-19,C0083,P035,S006,4,300,150,5,1200,60.0,1140.0,540.0,Credit Card,Bucket,Cleaning & Household,Riya Singh,Pune,45-54,Regular,FreshMart Pune,Supermarket
ORD00549,2024-07-12,C0335,P050,S006,1,150,90,0,150,0.0,150.0,60.0,UPI,Orange Juice,Beverages,Karan Kumar,Pune,18-24,Gold,FreshMart Pune,Supermarket
ORD00550,2025-05-26,C0183,P042,S001,1,90,55,10,90,9.0,81.0,26.0,UPI,Pasta,Groceries & Food,Pooja Kumar,Delhi,35-44,Silver,FreshMart Delhi Central,Supermarket
ORD00551,2025-03-21,C0050,P046,S004,2,400,260,10,800,80.0,720.0,200.0,Debit Card,Honey,Groceries & Food,Aisha Gupta,Hyderabad,35-44,Regular,FreshMart Hyderabad,Supermarket
ORD00552,2024-07-14,C0258,P024,S001,2,180,85,0,360,0.0,360.0,190.0,Debit Card,Toothbrush Holder,Bathroom Items,Isha Das,Delhi,55+,Gold,FreshMart Delhi Central,Supermarket
ORD00553,2024-06-09,C0297,P055,S002,3,90,50,15,270,40.5,229.5,79.5,UPI,Cold Coffee,Beverages,Sneha Gupta,Mumbai,35-44,Silver,FreshMart Mumbai West,Supermarket
ORD00554,2026-06-08,C0389,P077,S006,1,220,100,15,220,33.0,187.0,87.0,Cash,Cat Toy,Pet Supplies,Sneha Patel,Pune,55+,Gold,FreshMart Pune,Supermarket
ORD00555,2024-01-24,C0339,P025,S002,2,220,110,5,440,22.0,418.0,198.0,UPI,Floor Cleaner,Cleaning & Household,Aditya Mehta,Mumbai,45-54,Silver,FreshMart Mumbai West,Supermarket
ORD00556,2025-10-15,C0020,P041,S006,1,30,20,5,30,1.5,28.5,8.5,UPI,Salt 1kg,Groceries & Food,Meera Mehta,Pune,25-34,Platinum,FreshMart Pune,Supermarket
ORD00557,2026-03-15,C0003,P011,S004,5,2500,1700,10,12500,1250.0,11250.0,2750.0,Credit Card,Pressure Cooker,Kitchen Items,Aarav Verma,Hyderabad,25-34,Regular,FreshMart Hyderabad,Supermarket
ORD00558,2026-06-03,C0368,P011,S003,1,2500,1700,0,2500,0.0,2500.0,800.0,UPI,Pressure Cooker,Kitchen Items,Meera Das,Bengaluru,25-34,Silver,FreshMart Bengaluru Hub,Hypermarket
ORD00559,2024-04-10,C0294,P001,S002,2,1200,750,0,2400,0.0,2400.0,900.0,UPI,Frying Pan,Kitchen Items,Vivaan Patel,Mumbai,35-44,Regular,FreshMart Mumbai West,Supermarket
ORD00560,2024-09-24,C0312,P046,S007,3,400,260,5,1200,60.0,1140.0,360.0,UPI,Honey,Groceries & Food,Pooja Gupta,Kolkata,18-24,Gold,FreshMart Kolkata,Supermarket
ORD00561,2025-02-05,C0326,P048,S001,2,450,300,20,900,180.0,720.0,120.0,Credit Card,Coffee Pack,Groceries & Food,Riya Khan,Delhi,45-54,Gold,FreshMart Delhi Central,Supermarket
ORD00562,2025-06-29,C0171,P030,S001,3,180,80,0,540,0.0,540.0,300.0,Wallet,Garbage Bags,Cleaning & Household,Sneha Khan,Delhi,45-54,Regular,FreshMart Delhi Central,Supermarket
ORD00563,2026-04-27,C0353,P004,S002,1,1500,900,0,1500,0.0,1500.0,600.0,UPI,Cooking Pot,Kitchen Items,Aisha Singh,Mumbai,25-34,Gold,FreshMart Mumbai West,Supermarket
ORD00564,2024-02-19,C0365,P051,S006,3,160,95,0,480,0.0,480.0,195.0,UPI,Apple Juice,Beverages,Ananya Singh,Pune,55+,Gold,FreshMart Pune,Supermarket
ORD00565,2026-06-24,C0199,P069,S004,2,220,120,0,440,0.0,440.0,200.0,Wallet,Hair Oil,Personal Care,Neha Gupta,Hyderabad,55+,Regular,FreshMart Hyderabad,Supermarket
ORD00566,2026-02-04,C0285,P033,S006,1,280,140,10,280,28.0,252.0,112.0,UPI,Air Freshener,Cleaning & Household,Meera Sharma,Pune,55+,Regular,FreshMart Pune,Supermarket
ORD00567,2025-05-12,C0057,P065,S005,4,140,70,15,560,84.0,476.0,196.0,Cash,Hand Wash,Personal Care,Ananya Singh,Chennai,45-54,Regular,FreshMart Chennai,Supermarket
ORD00568,2024-01-29,C0135,P072,S001,1,120,60,10,120,12.0,108.0,48.0,UPI,Cotton Pads,Personal Care,Raj Khan,Delhi,55+,Gold,FreshMart Delhi Central,Supermarket
ORD00569,2025-11-10,C0217,P045,S002,2,350,220,0,700,0.0,700.0,260.0,Credit Card,Peanut Butter,Groceries & Food,Riya Patel,Mumbai,45-54,Regular,FreshMart Mumbai West,Supermarket
ORD00570,2026-09-16,C0253,P033,S002,2,280,140,20,560,112.0,448.0,168.0,Debit Card,Air Freshener,Cleaning & Household,Riya Patel,Mumbai,45-54,Regular,FreshMart Mumbai West,Supermarket
ORD00571,2026-02-10,C0276,P053,S008,2,120,70,10,240,24.0,216.0,76.0,UPI,Green Tea Drink,Beverages,Ananya Gupta,Ahmedabad,35-44,Regular,FreshMart Ahmedabad,Supermarket
ORD00572,2025-08-04,C0222,P016,S007,1,650,360,10,650,65.0,585.0,225.0,UPI,Bathroom Mat,Bathroom Items,Kavya Kumar,Kolkata,18-24,Regular,FreshMart Kolkata,Supermarket
ORD00573,2024-01-18,C0292,P046,S003,1,400,260,10,400,40.0,360.0,100.0,Debit Card,Honey,Groceries & Food,Kavya Joshi,Bengaluru,35-44,Regular,FreshMart Bengaluru Hub,Hypermarket
ORD00574,2026-01-07,C0337,P091,S007,3,250,110,0,750,0.0,750.0,420.0,Cash,Cushion Cover,Home & Living,Sneha Joshi,Kolkata,35-44,Platinum,FreshMart Kolkata,Supermarket
ORD00575,2025-04-18,C0152,P054,S004,5,110,65,5,550,27.5,522.5,197.5,Debit Card,Energy Drink,Beverages,Kabir Verma,Hyderabad,18-24,Silver,FreshMart Hyderabad,Supermarket
ORD00576,2026-09-19,C0343,P088,S007,3,2000,1300,5,6000,300.0,5700.0,1800.0,UPI,Blanket,Home & Living,Priya Das,Kolkata,35-44,Silver,FreshMart Kolkata,Supermarket
ORD00577,2026-07-26,C0365,P046,S006,2,400,260,10,800,80.0,720.0,200.0,UPI,Honey,Groceries & Food,Ananya Singh,Pune,55+,Gold,FreshMart Pune,Supermarket
ORD00578,2025-09-16,C0073,P089,S003,1,800,450,0,800,0.0,800.0,350.0,UPI,Wall Clock,Home & Living,Amit Gupta,Bengaluru,45-54,Regular,FreshMart Bengaluru Hub,Hypermarket
ORD00579,2025-12-21,C0358,P044,S006,1,120,70,20,120,24.0,96.0,26.0,Wallet,Biscuits Pack,Groceries & Food,Aarav Patel,Pune,45-54,Gold,FreshMart Pune,Supermarket
ORD00580,2024-05-06,C0358,P029,S006,2,650,380,15,1300,195.0,1105.0,345.0,Cash,Mop,Cleaning & Household,Aarav Patel,Pune,45-54,Gold,FreshMart Pune,Supermarket
ORD00581,2024-03-01,C0177,P063,S001,4,120,70,15,480,72.0,408.0,128.0,UPI,Toothpaste,Personal Care,Rahul Kumar,Delhi,55+,Regular,FreshMart Delhi Central,Supermarket
ORD00582,2026-03-15,C0247,P047,S004,2,250,150,0,500,0.0,500.0,200.0,UPI,Tea Pack,Groceries & Food,Arjun Khan,Hyderabad,45-54,Regular,FreshMart Hyderabad,Supermarket
ORD00583,2025-04-10,C0030,P092,S002,1,1800,1100,5,1800,90.0,1710.0,610.0,Credit Card,Curtain Set,Home & Living,Amit Das,Mumbai,18-24,Silver,FreshMart Mumbai West,Supermarket
ORD00584,2025-11-05,C0144,P029,S005,1,650,380,10,650,65.0,585.0,205.0,Credit Card,Mop,Cleaning & Household,Meera Khan,Chennai,18-24,Gold,FreshMart Chennai,Supermarket
ORD00585,2025-02-18,C0322,P057,S001,3,140,80,0,420,0.0,420.0,180.0,Debit Card,Mango Juice,Beverages,Aisha Das,Delhi,55+,Silver,FreshMart Delhi Central,Supermarket
ORD00586,2024-10-03,C0186,P046,S006,4,400,260,10,1600,160.0,1440.0,400.0,Debit Card,Honey,Groceries & Food,Sneha Joshi,Pune,25-34,Platinum,FreshMart Pune,Supermarket
ORD00587,2024-11-19,C0001,P052,S005,2,50,30,15,100,15.0,85.0,25.0,UPI,Cola Drink,Beverages,Arjun Sharma,Chennai,25-34,Regular,FreshMart Chennai,Supermarket
ORD00588,2024-10-25,C0164,P030,S001,3,180,80,15,540,81.0,459.0,219.0,Credit Card,Garbage Bags,Cleaning & Household,Kavya Verma,Delhi,45-54,Silver,FreshMart Delhi Central,Supermarket
ORD00589,2026-06-26,C0319,P048,S007,2,450,300,10,900,90.0,810.0,210.0,Debit Card,Coffee Pack,Groceries & Food,Riya Das,Kolkata,18-24,Silver,FreshMart Kolkata,Supermarket
ORD00590,2024-11-07,C0260,P067,S006,1,450,280,0,450,0.0,450.0,170.0,Debit Card,Moisturizer,Personal Care,Kabir Patel,Pune,18-24,Regular,FreshMart Pune,Supermarket
ORD00591,2025-06-30,C0372,P051,S008,2,160,95,5,320,16.0,304.0,114.0,Credit Card,Apple Juice,Beverages,Sneha Kumar,Ahmedabad,18-24,Silver,FreshMart Ahmedabad,Supermarket
ORD00592,2024-02-23,C0347,P027,S007,1,450,240,10,450,45.0,405.0,165.0,Credit Card,Laundry Detergent,Cleaning & Household,Priya Patel,Kolkata,55+,Regular,FreshMart Kolkata,Supermarket
ORD00593,2026-08-18,C0059,P045,S002,2,350,220,0,700,0.0,700.0,260.0,Cash,Peanut Butter,Groceries & Food,Isha Das,Mumbai,18-24,Regular,FreshMart Mumbai West,Supermarket
ORD00594,2024-10-29,C0198,P045,S001,1,350,220,10,350,35.0,315.0,95.0,UPI,Peanut Butter,Groceries & Food,Vivaan Patel,Delhi,35-44,Regular,FreshMart Delhi Central,Supermarket
ORD00595,2026-04-25,C0015,P027,S004,1,450,240,10,450,45.0,405.0,165.0,UPI,Laundry Detergent,Cleaning & Household,Raj Khan,Hyderabad,35-44,Gold,FreshMart Hyderabad,Supermarket
ORD00596,2024-12-28,C0018,P033,S003,5,280,140,15,1400,210.0,1190.0,490.0,Credit Card,Air Freshener,Cleaning & Household,Sneha Joshi,Bengaluru,35-44,Regular,FreshMart Bengaluru Hub,Hypermarket
ORD00597,2026-07-26,C0320,P035,S002,3,300,150,0,900,0.0,900.0,450.0,Debit Card,Bucket,Cleaning & Household,Amit Kumar,Mumbai,18-24,Regular,FreshMart Mumbai West,Supermarket
ORD00598,2026-02-18,C0222,P055,S007,2,90,50,0,180,0.0,180.0,80.0,Wallet,Cold Coffee,Beverages,Kavya Kumar,Kolkata,18-24,Regular,FreshMart Kolkata,Supermarket
ORD00599,2026-12-11,C0004,P052,S004,2,50,30,0,100,0.0,100.0,40.0,UPI,Cola Drink,Beverages,Aarav Khan,Hyderabad,55+,Regular,FreshMart Hyderabad,Supermarket
ORD00600,2024-03-27,C0337,P041,S007,3,30,20,0,90,0.0,90.0,30.0,Credit Card,Salt 1kg,Groceries & Food,Sneha Joshi,Kolkata,35-44,Platinum,FreshMart Kolkata,Supermarket
ORD00601,2024-03-21,C0347,P091,S007,2,250,110,5,500,25.0,475.0,255.0,Debit Card,Cushion Cover,Home & Living,Priya Patel,Kolkata,55+,Regular,FreshMart Kolkata,Supermarket
ORD00602,2025-08-19,C0065,P008,S005,1,600,320,15,600,90.0,510.0,190.0,Debit Card,Lunch Box,Kitchen Items,Ananya Singh,Chennai,55+,Regular,FreshMart Chennai,Supermarket
ORD00603,2024-12-06,C0280,P028,S003,2,350,180,0,700,0.0,700.0,340.0,Credit Card,Broom,Cleaning & Household,Priya Patel,Bengaluru,25-34,Regular,FreshMart Bengaluru Hub,Hypermarket
ORD00604,2026-07-14,C0187,P020,S007,1,750,420,5,750,37.5,712.5,292.5,UPI,Shower Caddy,Bathroom Items,Amit Das,Kolkata,25-34,Gold,FreshMart Kolkata,Supermarket
ORD00605,2024-10-04,C0112,P059,S007,1,100,55,0,100,0.0,100.0,45.0,Credit Card,Iced Tea,Beverages,Riya Sharma,Kolkata,55+,Silver,FreshMart Kolkata,Supermarket
ORD00606,2025-02-17,C0232,P086,S004,3,1500,900,0,4500,0.0,4500.0,1800.0,UPI,Bed Sheet,Home & Living,Rohan Das,Hyderabad,18-24,Gold,FreshMart Hyderabad,Supermarket
ORD00607,2024-12-01,C0373,P056,S007,1,60,35,0,60,0.0,60.0,25.0,Credit Card,Lemon Drink,Beverages,Rahul Joshi,Kolkata,45-54,Regular,FreshMart Kolkata,Supermarket
ORD00608,2026-12-08,C0291,P040,S003,2,55,42,20,110,22.0,88.0,4.0,Credit Card,Sugar 1kg,Groceries & Food,Ananya Verma,Bengaluru,18-24,Regular,FreshMart Bengaluru Hub,Hypermarket
ORD00609,2026-02-18,C0040,P024,S007,1,180,85,0,180,0.0,180.0,95.0,UPI,Toothbrush Holder,Bathroom Items,Amit Joshi,Kolkata,25-34,Regular,FreshMart Kolkata,Supermarket
ORD00610,2024-10-19,C0081,P078,S002,1,350,180,10,350,35.0,315.0,135.0,Credit Card,Pet Bowl,Pet Supplies,Ananya Mehta,Mumbai,45-54,Gold,FreshMart Mumbai West,Supermarket
ORD00611,2026-07-02,C0395,P032,S005,1,200,95,0,200,0.0,200.0,105.0,Cash,Glass Cleaner,Cleaning & Household,Riya Joshi,Chennai,45-54,Gold,FreshMart Chennai,Supermarket
ORD00612,2024-01-08,C0092,P090,S004,2,300,150,0,600,0.0,600.0,300.0,Credit Card,Photo Frame,Home & Living,Amit Kumar,Hyderabad,25-34,Regular,FreshMart Hyderabad,Supermarket
ORD00613,2024-01-12,C0188,P076,S006,2,250,120,5,500,25.0,475.0,235.0,UPI,Dog Toy,Pet Supplies,Neha Sharma,Pune,45-54,Silver,FreshMart Pune,Supermarket
ORD00614,2026-07-18,C0084,P057,S006,1,140,80,0,140,0.0,140.0,60.0,Credit Card,Mango Juice,Beverages,Ananya Das,Pune,18-24,Silver,FreshMart Pune,Supermarket
ORD00615,2025-07-23,C0291,P031,S003,2,120,50,5,240,12.0,228.0,128.0,Cash,Cleaning Sponge Pack,Cleaning & Household,Ananya Verma,Bengaluru,18-24,Regular,FreshMart Bengaluru Hub,Hypermarket
ORD00616,2024-11-14,C0092,P010,S004,1,250,110,15,250,37.5,212.5,102.5,Debit Card,Coffee Mug,Kitchen Items,Amit Kumar,Hyderabad,25-34,Regular,FreshMart Hyderabad,Supermarket
ORD00617,2025-09-03,C0063,P065,S005,1,140,70,0,140,0.0,140.0,70.0,UPI,Hand Wash,Personal Care,Arjun Gupta,Chennai,18-24,Gold,FreshMart Chennai,Supermarket
ORD00618,2024-11-26,C0176,P091,S001,2,250,110,10,500,50.0,450.0,230.0,Credit Card,Cushion Cover,Home & Living,Aisha Verma,Delhi,55+,Silver,FreshMart Delhi Central,Supermarket
ORD00619,2024-12-29,C0135,P065,S001,2,140,70,0,280,0.0,280.0,140.0,UPI,Hand Wash,Personal Care,Raj Khan,Delhi,55+,Gold,FreshMart Delhi Central,Supermarket
ORD00620,2025-10-23,C0131,P069,S008,1,220,120,0,220,0.0,220.0,100.0,Credit Card,Hair Oil,Personal Care,Aditya Kumar,Ahmedabad,25-34,Silver,FreshMart Ahmedabad,Supermarket
ORD00621,2025-08-22,C0336,P042,S002,2,90,55,0,180,0.0,180.0,70.0,Cash,Pasta,Groceries & Food,Ananya Kumar,Mumbai,35-44,Regular,FreshMart Mumbai West,Supermarket
ORD00622,2026-04-27,C0251,P032,S007,2,200,95,10,400,40.0,360.0,170.0,Credit Card,Glass Cleaner,Cleaning & Household,Aditya Verma,Kolkata,18-24,Silver,FreshMart Kolkata,Supermarket
ORD00623,2026-12-19,C0292,P020,S003,2,750,420,10,1500,150.0,1350.0,510.0,Wallet,Shower Caddy,Bathroom Items,Kavya Joshi,Bengaluru,35-44,Regular,FreshMart Bengaluru Hub,Hypermarket
ORD00624,2025-08-11,C0132,P093,S007,1,450,250,10,450,45.0,405.0,155.0,UPI,Doormat,Home & Living,Meera Das,Kolkata,35-44,Regular,FreshMart Kolkata,Supermarket
ORD00625,2025-12-25,C0187,P059,S007,2,100,55,5,200,10.0,190.0,80.0,Debit Card,Iced Tea,Beverages,Amit Das,Kolkata,25-34,Gold,FreshMart Kolkata,Supermarket
ORD00626,2025-01-03,C0201,P047,S004,3,250,150,0,750,0.0,750.0,300.0,UPI,Tea Pack,Groceries & Food,Sneha Das,Hyderabad,45-54,Gold,FreshMart Hyderabad,Supermarket
ORD00627,2024-08-30,C0107,P026,S001,1,160,75,5,160,8.0,152.0,77.0,UPI,Dishwashing Liquid,Cleaning & Household,Neha Mehta,Delhi,55+,Regular,FreshMart Delhi Central,Supermarket
ORD00628,2026-04-29,C0077,P073,S006,1,900,650,0,900,0.0,900.0,250.0,Credit Card,Dog Food,Pet Supplies,Karan Mehta,Pune,35-44,Gold,FreshMart Pune,Supermarket
ORD00629,2024-01-24,C0117,P057,S006,2,140,80,10,280,28.0,252.0,92.0,UPI,Mango Juice,Beverages,Riya Sharma,Pune,25-34,Silver,FreshMart Pune,Supermarket
ORD00630,2025-09-06,C0080,P010,S002,2,250,110,0,500,0.0,500.0,280.0,UPI,Coffee Mug,Kitchen Items,Raj Sharma,Mumbai,55+,Regular,FreshMart Mumbai West,Supermarket
ORD00631,2025-11-30,C0349,P052,S003,2,50,30,20,100,20.0,80.0,20.0,Cash,Cola Drink,Beverages,Aditya Das,Bengaluru,55+,Regular,FreshMart Bengaluru Hub,Hypermarket
ORD00632,2025-11-23,C0183,P030,S001,2,180,80,5,360,18.0,342.0,182.0,UPI,Garbage Bags,Cleaning & Household,Pooja Kumar,Delhi,35-44,Silver,FreshMart Delhi Central,Supermarket
ORD00633,2024-11-14,C0268,P019,S005,3,900,500,5,2700,135.0,2565.0,1065.0,UPI,Towel Rack,Bathroom Items,Meera Joshi,Chennai,18-24,Regular,FreshMart Chennai,Supermarket
ORD00634,2026-04-27,C0123,P061,S004,4,350,200,0,1400,0.0,1400.0,600.0,Credit Card,Shampoo,Personal Care,Sneha Mehta,Hyderabad,18-24,Silver,FreshMart Hyderabad,Supermarket
ORD00635,2025-10-08,C0001,P060,S005,1,70,40,5,70,3.5,66.5,26.5,UPI,Coconut Water,Beverages,Arjun Sharma,Chennai,25-34,Regular,FreshMart Chennai,Supermarket
ORD00636,2025-10-20,C0223,P088,S008,1,2000,1300,0,2000,0.0,2000.0,700.0,Wallet,Blanket,Home & Living,Vivaan Kumar,Ahmedabad,18-24,Regular,FreshMart Ahmedabad,Supermarket
ORD00637,2024-12-05,C0175,P056,S003,1,60,35,5,60,3.0,57.0,22.0,Cash,Lemon Drink,Beverages,Karan Kumar,Bengaluru,35-44,Regular,FreshMart Bengaluru Hub,Hypermarket
ORD00638,2025-10-06,C0021,P064,S008,1,80,35,0,80,0.0,80.0,45.0,Cash,Toothbrush,Personal Care,Rohan Khan,Ahmedabad,18-24,Silver,FreshMart Ahmedabad,Supermarket
ORD00639,2025-09-11,C0375,P045,S007,1,350,220,0,350,0.0,350.0,130.0,UPI,Peanut Butter,Groceries & Food,Ananya Patel,Kolkata,25-34,Silver,FreshMart Kolkata,Supermarket
ORD00640,2025-02-17,C0157,P068,S001,4,250,140,0,1000,0.0,1000.0,440.0,UPI,Deodorant,Personal Care,Aditya Gupta,Delhi,45-54,Regular,FreshMart Delhi Central,Supermarket
ORD00641,2026-11-13,C0054,P037,S002,4,650,500,10,2600,260.0,2340.0,340.0,Credit Card,Basmati Rice 5kg,Groceries & Food,Amit Mehta,Mumbai,55+,Regular,FreshMart Mumbai West,Supermarket
ORD00642,2024-10-20,C0013,P069,S005,1,220,120,20,220,44.0,176.0,56.0,Credit Card,Hair Oil,Personal Care,Priya Singh,Chennai,18-24,Silver,FreshMart Chennai,Supermarket
ORD00643,2025-02-24,C0366,P089,S004,2,800,450,5,1600,80.0,1520.0,620.0,Debit Card,Wall Clock,Home & Living,Aditya Kumar,Hyderabad,55+,Regular,FreshMart Hyderabad,Supermarket
ORD00644,2024-01-09,C0324,P043,S007,1,280,170,0,280,0.0,280.0,110.0,Cash,Breakfast Cereal,Groceries & Food,Amit Das,Kolkata,25-34,Silver,FreshMart Kolkata,Supermarket
ORD00645,2025-11-13,C0362,P079,S003,1,500,280,5,500,25.0,475.0,195.0,Debit Card,Pet Leash,Pet Supplies,Pooja Patel,Bengaluru,55+,Silver,FreshMart Bengaluru Hub,Hypermarket
ORD00646,2025-10-01,C0385,P025,S001,1,220,110,0,220,0.0,220.0,110.0,UPI,Floor Cleaner,Cleaning & Household,Sneha Patel,Delhi,45-54,Regular,FreshMart Delhi Central,Supermarket
ORD00647,2026-06-22,C0102,P038,S008,2,300,220,0,600,0.0,600.0,160.0,UPI,Wheat Flour 5kg,Groceries & Food,Raj Khan,Ahmedabad,25-34,Regular,FreshMart Ahmedabad,Supermarket
ORD00648,2026-12-09,C0344,P018,S007,1,1200,700,0,1200,0.0,1200.0,500.0,UPI,Mirror,Bathroom Items,Vivaan Verma,Kolkata,35-44,Regular,FreshMart Kolkata,Supermarket
ORD00649,2025-08-03,C0288,P071,S001,2,180,100,0,360,0.0,360.0,160.0,UPI,Sanitary Pads,Personal Care,Sneha Joshi,Delhi,45-54,Gold,FreshMart Delhi Central,Supermarket
ORD00650,2026-06-27,C0373,P094,S007,1,350,170,0,350,0.0,350.0,180.0,Wallet,Clothes Hanger Set,Home & Living,Rahul Joshi,Kolkata,45-54,Regular,FreshMart Kolkata,Supermarket
ORD00651,2026-02-24,C0059,P011,S002,1,2500,1700,0,2500,0.0,2500.0,800.0,UPI,Pressure Cooker,Kitchen Items,Isha Das,Mumbai,18-24,Regular,FreshMart Mumbai West,Supermarket
ORD00652,2026-07-02,C0012,P055,S008,2,90,50,0,180,0.0,180.0,80.0,Cash,Cold Coffee,Beverages,Sneha Kumar,Ahmedabad,35-44,Regular,FreshMart Ahmedabad,Supermarket
ORD00653,2026-11-29,C0088,P067,S005,2,450,280,0,900,0.0,900.0,340.0,Cash,Moisturizer,Personal Care,Aarav Kumar,Chennai,25-34,Regular,FreshMart Chennai,Supermarket
ORD00654,2024-07-18,C0043,P057,S004,2,140,80,10,280,28.0,252.0,92.0,Debit Card,Mango Juice,Beverages,Arjun Singh,Hyderabad,25-34,Regular,FreshMart Hyderabad,Supermarket
ORD00655,2025-04-19,C0049,P040,S007,4,55,42,0,220,0.0,220.0,52.0,Cash,Sugar 1kg,Groceries & Food,Kavya Kumar,Kolkata,55+,Silver,FreshMart Kolkata,Supermarket
ORD00656,2026-01-14,C0094,P028,S007,1,350,180,10,350,35.0,315.0,135.0,Debit Card,Broom,Cleaning & Household,Aditya Joshi,Kolkata,55+,Regular,FreshMart Kolkata,Supermarket
ORD00657,2025-10-27,C0259,P064,S003,1,80,35,5,80,4.0,76.0,41.0,UPI,Toothbrush,Personal Care,Raj Sharma,Bengaluru,35-44,Silver,FreshMart Bengaluru Hub,Hypermarket
ORD00658,2024-12-15,C0066,P042,S007,1,90,55,5,90,4.5,85.5,30.5,Credit Card,Pasta,Groceries & Food,Vivaan Verma,Kolkata,35-44,Regular,FreshMart Kolkata,Supermarket
ORD00659,2024-08-07,C0235,P047,S005,1,250,150,5,250,12.5,237.5,87.5,Debit Card,Tea Pack,Groceries & Food,Rohan Gupta,Chennai,25-34,Regular,FreshMart Chennai,Supermarket
ORD00660,2026-03-31,C0257,P041,S004,2,30,20,0,60,0.0,60.0,20.0,UPI,Salt 1kg,Groceries & Food,Raj Das,Hyderabad,45-54,Gold,FreshMart Hyderabad,Supermarket
ORD00661,2026-09-14,C0043,P015,S004,1,350,180,0,350,0.0,350.0,170.0,Cash,Soap Dispenser,Bathroom Items,Arjun Singh,Hyderabad,25-34,Regular,FreshMart Hyderabad,Supermarket
ORD00662,2026-06-10,C0359,P053,S002,2,120,70,0,240,0.0,240.0,100.0,Debit Card,Green Tea Drink,Beverages,Riya Gupta,Mumbai,18-24,Regular,FreshMart Mumbai West,Supermarket
ORD00663,2024-06-08,C0153,P019,S004,2,900,500,10,1800,180.0,1620.0,620.0,Cash,Towel Rack,Bathroom Items,Neha Das,Hyderabad,55+,Regular,FreshMart Hyderabad,Supermarket
ORD00664,2026-08-06,C0154,P024,S007,1,180,85,0,180,0.0,180.0,95.0,Credit Card,Toothbrush Holder,Bathroom Items,Kavya Kumar,Kolkata,35-44,Silver,FreshMart Kolkata,Supermarket
ORD00665,2026-04-11,C0395,P033,S005,1,280,140,0,280,0.0,280.0,140.0,Cash,Air Freshener,Cleaning & Household,Riya Joshi,Chennai,45-54,Gold,FreshMart Chennai,Supermarket
ORD00666,2026-02-15,C0034,P063,S008,1,120,70,5,120,6.0,114.0,44.0,UPI,Toothpaste,Personal Care,Priya Joshi,Ahmedabad,18-24,Regular,FreshMart Ahmedabad,Supermarket
ORD00667,2024-10-11,C0287,P025,S002,4,220,110,5,880,44.0,836.0,396.0,UPI,Floor Cleaner,Cleaning & Household,Kabir Verma,Mumbai,55+,Silver,FreshMart Mumbai West,Supermarket
ORD00668,2024-11-01,C0094,P014,S007,1,700,380,5,700,35.0,665.0,285.0,Credit Card,Shower Curtain,Bathroom Items,Aditya Joshi,Kolkata,55+,Regular,FreshMart Kolkata,Supermarket
ORD00669,2025-10-10,C0140,P031,S006,3,120,50,10,360,36.0,324.0,174.0,Wallet,Cleaning Sponge Pack,Cleaning & Household,Priya Mehta,Pune,35-44,Silver,FreshMart Pune,Supermarket
ORD00670,2025-12-06,C0037,P088,S002,2,2000,1300,5,4000,200.0,3800.0,1200.0,Credit Card,Blanket,Home & Living,Vivaan Singh,Mumbai,18-24,Gold,FreshMart Mumbai West,Supermarket
ORD00671,2025-08-25,C0170,P083,S008,1,550,350,15,550,82.5,467.5,117.5,Wallet,Litter Sand,Pet Supplies,Ananya Mehta,Ahmedabad,35-44,Silver,FreshMart Ahmedabad,Supermarket
ORD00672,2026-01-05,C0084,P001,S006,1,1200,750,0,1200,0.0,1200.0,450.0,UPI,Frying Pan,Kitchen Items,Ananya Das,Pune,18-24,Silver,FreshMart Pune,Supermarket
ORD00673,2026-03-18,C0093,P047,S008,2,250,150,10,500,50.0,450.0,150.0,Credit Card,Tea Pack,Groceries & Food,Vivaan Singh,Ahmedabad,55+,Gold,FreshMart Ahmedabad,Supermarket
ORD00674,2025-03-08,C0266,P048,S008,2,450,300,5,900,45.0,855.0,255.0,UPI,Coffee Pack,Groceries & Food,Neha Joshi,Ahmedabad,45-54,Regular,FreshMart Ahmedabad,Supermarket
ORD00675,2026-01-07,C0348,P038,S006,3,300,220,0,900,0.0,900.0,240.0,Wallet,Wheat Flour 5kg,Groceries & Food,Rohan Joshi,Pune,35-44,Regular,FreshMart Pune,Supermarket
ORD00676,2024-12-22,C0180,P051,S008,1,160,95,10,160,16.0,144.0,49.0,Credit Card,Apple Juice,Beverages,Neha Joshi,Ahmedabad,25-34,Regular,FreshMart Ahmedabad,Supermarket
ORD00677,2024-12-22,C0153,P045,S004,3,350,220,15,1050,157.5,892.5,232.5,Cash,Peanut Butter,Groceries & Food,Neha Das,Hyderabad,55+,Regular,FreshMart Hyderabad,Supermarket
ORD00678,2026-05-21,C0224,P050,S007,2,150,90,5,300,15.0,285.0,105.0,Credit Card,Orange Juice,Beverages,Riya Gupta,Kolkata,45-54,Regular,FreshMart Kolkata,Supermarket
ORD00679,2026-02-26,C0146,P065,S005,1,140,70,0,140,0.0,140.0,70.0,Credit Card,Hand Wash,Personal Care,Riya Gupta,Chennai,18-24,Platinum,FreshMart Chennai,Supermarket
ORD00680,2025-04-29,C0302,P056,S001,2,60,35,0,120,0.0,120.0,50.0,Wallet,Lemon Drink,Beverages,Riya Khan,Delhi,35-44,Gold,FreshMart Delhi Central,Supermarket
ORD00681,2024-03-09,C0097,P057,S001,5,140,80,5,700,35.0,665.0,265.0,Debit Card,Mango Juice,Beverages,Pooja Joshi,Delhi,55+,Regular,FreshMart Delhi Central,Supermarket
ORD00682,2026-09-13,C0249,P020,S007,4,750,420,0,3000,0.0,3000.0,1320.0,Debit Card,Shower Caddy,Bathroom Items,Arjun Patel,Kolkata,35-44,Silver,FreshMart Kolkata,Supermarket
ORD00683,2025-07-26,C0236,P042,S001,2,90,55,0,180,0.0,180.0,70.0,Cash,Pasta,Groceries & Food,Aarav Gupta,Delhi,35-44,Silver,FreshMart Delhi Central,Supermarket
ORD00684,2026-08-25,C0343,P003,S007,2,350,180,10,700,70.0,630.0,270.0,Debit Card,Cutting Board,Kitchen Items,Priya Das,Kolkata,35-44,Silver,FreshMart Kolkata,Supermarket
ORD00685,2025-10-01,C0063,P049,S005,4,30,15,5,120,6.0,114.0,54.0,UPI,Mineral Water,Beverages,Arjun Gupta,Chennai,18-24,Gold,FreshMart Chennai,Supermarket
ORD00686,2026-08-18,C0285,P045,S006,2,350,220,0,700,0.0,700.0,260.0,UPI,Peanut Butter,Groceries & Food,Meera Sharma,Pune,55+,Regular,FreshMart Pune,Supermarket
ORD00687,2025-08-26,C0269,P090,S001,1,300,150,0,300,0.0,300.0,150.0,Wallet,Photo Frame,Home & Living,Isha Sharma,Delhi,25-34,Regular,FreshMart Delhi Central,Supermarket
ORD00688,2025-06-17,C0218,P067,S008,1,450,280,5,450,22.5,427.5,147.5,UPI,Moisturizer,Personal Care,Riya Verma,Ahmedabad,35-44,Silver,FreshMart Ahmedabad,Supermarket
ORD00689,2025-08-20,C0239,P007,S008,3,450,220,5,1350,67.5,1282.5,622.5,UPI,Water Bottle,Kitchen Items,Aditya Joshi,Ahmedabad,35-44,Regular,FreshMart Ahmedabad,Supermarket
ORD00690,2026-11-05,C0178,P003,S008,1,350,180,5,350,17.5,332.5,152.5,UPI,Cutting Board,Kitchen Items,Amit Verma,Ahmedabad,18-24,Silver,FreshMart Ahmedabad,Supermarket
ORD00691,2024-08-16,C0119,P025,S004,2,220,110,15,440,66.0,374.0,154.0,Debit Card,Floor Cleaner,Cleaning & Household,Isha Gupta,Hyderabad,25-34,Regular,FreshMart Hyderabad,Supermarket
ORD00692,2026-01-27,C0043,P051,S004,3,160,95,0,480,0.0,480.0,195.0,Debit Card,Apple Juice,Beverages,Arjun Singh,Hyderabad,25-34,Regular,FreshMart Hyderabad,Supermarket
ORD00693,2026-12-16,C0060,P045,S003,1,350,220,0,350,0.0,350.0,130.0,UPI,Peanut Butter,Groceries & Food,Pooja Kumar,Bengaluru,35-44,Gold,FreshMart Bengaluru Hub,Hypermarket
ORD00694,2024-11-11,C0075,P094,S001,3,350,170,0,1050,0.0,1050.0,540.0,UPI,Clothes Hanger Set,Home & Living,Arjun Mehta,Delhi,45-54,Regular,FreshMart Delhi Central,Supermarket
ORD00695,2024-12-08,C0368,P050,S003,2,150,90,0,300,0.0,300.0,120.0,Debit Card,Orange Juice,Beverages,Meera Das,Bengaluru,25-34,Silver,FreshMart Bengaluru Hub,Hypermarket
ORD00696,2024-08-25,C0085,P064,S005,1,80,35,5,80,4.0,76.0,41.0,Credit Card,Toothbrush,Personal Care,Kabir Khan,Chennai,45-54,Regular,FreshMart Chennai,Supermarket
ORD00697,2026-12-26,C0215,P048,S006,2,450,300,0,900,0.0,900.0,300.0,UPI,Coffee Pack,Groceries & Food,Aisha Kumar,Pune,18-24,Regular,FreshMart Pune,Supermarket
ORD00698,2026-06-09,C0087,P043,S005,1,280,170,15,280,42.0,238.0,68.0,Credit Card,Breakfast Cereal,Groceries & Food,Sneha Gupta,Chennai,45-54,Regular,FreshMart Chennai,Supermarket
ORD00699,2026-12-21,C0044,P053,S003,1,120,70,15,120,18.0,102.0,32.0,Debit Card,Green Tea Drink,Beverages,Rohan Mehta,Bengaluru,35-44,Regular,FreshMart Bengaluru Hub,Hypermarket
ORD00700,2026-06-03,C0069,P088,S001,2,2000,1300,10,4000,400.0,3600.0,1000.0,UPI,Blanket,Home & Living,Rohan Khan,Delhi,35-44,Silver,FreshMart Delhi Central,Supermarket
ORD00701,2024-07-20,C0384,P027,S003,1,450,240,5,450,22.5,427.5,187.5,Credit Card,Laundry Detergent,Cleaning & Household,Arjun Mehta,Bengaluru,35-44,Silver,FreshMart Bengaluru Hub,Hypermarket
ORD00702,2025-05-10,C0400,P052,S002,2,50,30,5,100,5.0,95.0,35.0,UPI,Cola Drink,Beverages,Amit Sharma,Mumbai,25-34,Regular,FreshMart Mumbai West,Supermarket
ORD00703,2025-01-03,C0117,P035,S006,1,300,150,0,300,0.0,300.0,150.0,UPI,Bucket,Cleaning & Household,Riya Sharma,Pune,25-34,Silver,FreshMart Pune,Supermarket
ORD00704,2026-04-22,C0098,P011,S003,1,2500,1700,0,2500,0.0,2500.0,800.0,Credit Card,Pressure Cooker,Kitchen Items,Arjun Joshi,Bengaluru,45-54,Silver,FreshMart Bengaluru Hub,Hypermarket
ORD00705,2025-08-03,C0288,P027,S001,1,450,240,0,450,0.0,450.0,210.0,Credit Card,Laundry Detergent,Cleaning & Household,Sneha Joshi,Delhi,45-54,Gold,FreshMart Delhi Central,Supermarket
ORD00706,2025-03-20,C0334,P001,S005,4,1200,750,5,4800,240.0,4560.0,1560.0,Debit Card,Frying Pan,Kitchen Items,Riya Joshi,Chennai,18-24,Silver,FreshMart Chennai,Supermarket
ORD00707,2024-09-23,C0322,P015,S001,1,350,180,10,350,35.0,315.0,135.0,Debit Card,Soap Dispenser,Bathroom Items,Aisha Das,Delhi,55+,Silver,FreshMart Delhi Central,Supermarket
ORD00708,2025-01-13,C0143,P061,S004,3,350,200,10,1050,105.0,945.0,345.0,UPI,Shampoo,Personal Care,Rahul Singh,Hyderabad,45-54,Regular,FreshMart Hyderabad,Supermarket
ORD00709,2024-06-04,C0252,P048,S001,2,450,300,15,900,135.0,765.0,165.0,UPI,Coffee Pack,Groceries & Food,Priya Gupta,Delhi,55+,Platinum,FreshMart Delhi Central,Supermarket
ORD00710,2025-10-24,C0093,P046,S008,3,400,260,0,1200,0.0,1200.0,420.0,UPI,Honey,Groceries & Food,Vivaan Singh,Ahmedabad,55+,Gold,FreshMart Ahmedabad,Supermarket
ORD00711,2024-05-03,C0194,P045,S006,1,350,220,10,350,35.0,315.0,95.0,UPI,Peanut Butter,Groceries & Food,Riya Mehta,Pune,45-54,Gold,FreshMart Pune,Supermarket
ORD00712,2025-02-14,C0256,P004,S006,2,1500,900,0,3000,0.0,3000.0,1200.0,Credit Card,Cooking Pot,Kitchen Items,Amit Verma,Pune,55+,Regular,FreshMart Pune,Supermarket
ORD00713,2026-06-02,C0115,P016,S006,1,650,360,5,650,32.5,617.5,257.5,Wallet,Bathroom Mat,Bathroom Items,Kavya Patel,Pune,45-54,Regular,FreshMart Pune,Supermarket
ORD00714,2024-07-30,C0164,P063,S001,1,120,70,0,120,0.0,120.0,50.0,Debit Card,Toothpaste,Personal Care,Kavya Verma,Delhi,45-54,Silver,FreshMart Delhi Central,Supermarket
ORD00715,2024-02-08,C0131,P070,S008,3,300,170,0,900,0.0,900.0,390.0,Debit Card,Razor Pack,Personal Care,Aditya Kumar,Ahmedabad,25-34,Silver,FreshMart Ahmedabad,Supermarket
ORD00716,2026-03-10,C0090,P091,S008,1,250,110,10,250,25.0,225.0,115.0,Wallet,Cushion Cover,Home & Living,Karan Khan,Ahmedabad,25-34,Silver,FreshMart Ahmedabad,Supermarket
ORD00717,2026-11-21,C0341,P057,S005,3,140,80,5,420,21.0,399.0,159.0,Credit Card,Mango Juice,Beverages,Ananya Kumar,Chennai,45-54,Silver,FreshMart Chennai,Supermarket
ORD00718,2024-05-23,C0149,P072,S001,2,120,60,0,240,0.0,240.0,120.0,Wallet,Cotton Pads,Personal Care,Ananya Gupta,Delhi,35-44,Gold,FreshMart Delhi Central,Supermarket
ORD00719,2026-09-14,C0338,P062,S006,1,280,160,5,280,14.0,266.0,106.0,Wallet,Body Wash,Personal Care,Aisha Joshi,Pune,55+,Regular,FreshMart Pune,Supermarket
ORD00720,2025-09-12,C0124,P028,S005,1,350,180,5,350,17.5,332.5,152.5,Wallet,Broom,Cleaning & Household,Amit Verma,Chennai,55+,Gold,FreshMart Chennai,Supermarket
ORD00721,2026-12-30,C0090,P005,S008,1,300,150,10,300,30.0,270.0,120.0,Debit Card,Spatula Set,Kitchen Items,Karan Khan,Ahmedabad,25-34,Silver,FreshMart Ahmedabad,Supermarket
ORD00722,2025-02-19,C0070,P033,S003,1,280,140,0,280,0.0,280.0,140.0,UPI,Air Freshener,Cleaning & Household,Rohan Mehta,Bengaluru,18-24,Regular,FreshMart Bengaluru Hub,Hypermarket
ORD00723,2026-03-09,C0273,P034,S001,3,250,120,5,750,37.5,712.5,352.5,UPI,Disinfectant Spray,Cleaning & Household,Vivaan Mehta,Delhi,45-54,Gold,FreshMart Delhi Central,Supermarket
ORD00724,2026-06-15,C0163,P007,S005,2,450,220,0,900,0.0,900.0,460.0,UPI,Water Bottle,Kitchen Items,Kabir Mehta,Chennai,55+,Regular,FreshMart Chennai,Supermarket
ORD00725,2025-05-03,C0214,P072,S005,2,120,60,0,240,0.0,240.0,120.0,Credit Card,Cotton Pads,Personal Care,Priya Khan,Chennai,25-34,Regular,FreshMart Chennai,Supermarket
ORD00726,2026-12-29,C0141,P035,S005,3,300,150,20,900,180.0,720.0,270.0,UPI,Bucket,Cleaning & Household,Raj Kumar,Chennai,25-34,Regular,FreshMart Chennai,Supermarket
ORD00727,2025-11-22,C0045,P026,S002,1,160,75,0,160,0.0,160.0,85.0,Cash,Dishwashing Liquid,Cleaning & Household,Aditya Joshi,Mumbai,18-24,Silver,FreshMart Mumbai West,Supermarket
ORD00728,2026-07-27,C0036,P055,S001,4,90,50,15,360,54.0,306.0,106.0,Credit Card,Cold Coffee,Beverages,Meera Singh,Delhi,18-24,Silver,FreshMart Delhi Central,Supermarket
ORD00729,2025-04-22,C0190,P068,S006,4,250,140,0,1000,0.0,1000.0,440.0,UPI,Deodorant,Personal Care,Rohan Khan,Pune,18-24,Gold,FreshMart Pune,Supermarket
ORD00730,2026-08-23,C0083,P053,S006,4,120,70,5,480,24.0,456.0,176.0,UPI,Green Tea Drink,Beverages,Riya Singh,Pune,45-54,Regular,FreshMart Pune,Supermarket
ORD00731,2024-01-30,C0261,P055,S007,1,90,50,0,90,0.0,90.0,40.0,UPI,Cold Coffee,Beverages,Rohan Das,Kolkata,18-24,Regular,FreshMart Kolkata,Supermarket
ORD00732,2026-07-23,C0094,P063,S007,2,120,70,10,240,24.0,216.0,76.0,UPI,Toothpaste,Personal Care,Aditya Joshi,Kolkata,55+,Regular,FreshMart Kolkata,Supermarket
ORD00733,2024-08-21,C0086,P065,S003,2,140,70,10,280,28.0,252.0,112.0,UPI,Hand Wash,Personal Care,Kabir Khan,Bengaluru,25-34,Regular,FreshMart Bengaluru Hub,Hypermarket
ORD00734,2026-05-22,C0102,P069,S008,1,220,120,10,220,22.0,198.0,78.0,Debit Card,Hair Oil,Personal Care,Raj Khan,Ahmedabad,25-34,Regular,FreshMart Ahmedabad,Supermarket
ORD00735,2024-09-04,C0399,P037,S007,5,650,500,5,3250,162.5,3087.5,587.5,UPI,Basmati Rice 5kg,Groceries & Food,Rahul Khan,Kolkata,25-34,Gold,FreshMart Kolkata,Supermarket
ORD00736,2025-03-12,C0387,P063,S008,3,120,70,5,360,18.0,342.0,132.0,UPI,Toothpaste,Personal Care,Sneha Khan,Ahmedabad,55+,Regular,FreshMart Ahmedabad,Supermarket
ORD00737,2024-10-16,C0363,P015,S007,1,350,180,0,350,0.0,350.0,170.0,UPI,Soap Dispenser,Bathroom Items,Rahul Gupta,Kolkata,55+,Gold,FreshMart Kolkata,Supermarket
ORD00738,2024-03-24,C0178,P030,S008,1,180,80,10,180,18.0,162.0,82.0,Debit Card,Garbage Bags,Cleaning & Household,Amit Verma,Ahmedabad,18-24,Silver,FreshMart Ahmedabad,Supermarket
ORD00739,2024-12-02,C0024,P038,S002,1,300,220,0,300,0.0,300.0,80.0,Wallet,Wheat Flour 5kg,Groceries & Food,Riya Sharma,Mumbai,55+,Silver,FreshMart Mumbai West,Supermarket
ORD00740,2025-08-04,C0004,P063,S004,1,120,70,10,120,12.0,108.0,38.0,Debit Card,Toothpaste,Personal Care,Aarav Khan,Hyderabad,55+,Regular,FreshMart Hyderabad,Supermarket
ORD00741,2025-02-26,C0157,P055,S001,1,90,50,0,90,0.0,90.0,40.0,Credit Card,Cold Coffee,Beverages,Aditya Gupta,Delhi,45-54,Regular,FreshMart Delhi Central,Supermarket
ORD00742,2024-12-23,C0186,P025,S006,1,220,110,0,220,0.0,220.0,110.0,Credit Card,Floor Cleaner,Cleaning & Household,Sneha Joshi,Pune,25-34,Platinum,FreshMart Pune,Supermarket
ORD00743,2025-09-08,C0064,P085,S005,1,1200,700,0,1200,0.0,1200.0,500.0,UPI,Table Lamp,Home & Living,Riya Gupta,Chennai,35-44,Silver,FreshMart Chennai,Supermarket
ORD00744,2026-12-21,C0329,P017,S006,2,250,130,15,500,75.0,425.0,165.0,Wallet,Toilet Brush,Bathroom Items,Arjun Das,Pune,25-34,Regular,FreshMart Pune,Supermarket
ORD00745,2026-08-08,C0157,P042,S001,3,90,55,10,270,27.0,243.0,78.0,UPI,Pasta,Groceries & Food,Aditya Gupta,Delhi,45-54,Regular,FreshMart Delhi Central,Supermarket
ORD00746,2024-11-01,C0217,P031,S002,4,120,50,5,480,24.0,456.0,256.0,UPI,Cleaning Sponge Pack,Cleaning & Household,Riya Patel,Mumbai,45-54,Regular,FreshMart Mumbai West,Supermarket
ORD00747,2024-03-29,C0002,P054,S002,1,110,65,0,110,0.0,110.0,45.0,UPI,Energy Drink,Beverages,Arjun Khan,Mumbai,55+,Regular,FreshMart Mumbai West,Supermarket
ORD00748,2026-07-17,C0101,P026,S005,1,160,75,10,160,16.0,144.0,69.0,Wallet,Dishwashing Liquid,Cleaning & Household,Aisha Joshi,Chennai,25-34,Gold,FreshMart Chennai,Supermarket
ORD00749,2024-02-29,C0231,P015,S001,2,350,180,0,700,0.0,700.0,340.0,Cash,Soap Dispenser,Bathroom Items,Isha Sharma,Delhi,35-44,Regular,FreshMart Delhi Central,Supermarket
ORD00750,2025-10-29,C0193,P068,S007,2,250,140,15,500,75.0,425.0,145.0,UPI,Deodorant,Personal Care,Raj Patel,Kolkata,18-24,Gold,FreshMart Kolkata,Supermarket
ORD00751,2025-04-11,C0088,P013,S005,1,500,280,10,500,50.0,450.0,170.0,Cash,Bath Towel,Bathroom Items,Aarav Kumar,Chennai,25-34,Regular,FreshMart Chennai,Supermarket
ORD00752,2025-03-27,C0380,P045,S008,1,350,220,5,350,17.5,332.5,112.5,UPI,Peanut Butter,Groceries & Food,Aisha Khan,Ahmedabad,45-54,Gold,FreshMart Ahmedabad,Supermarket
ORD00753,2025-03-18,C0139,P041,S006,4,30,20,5,120,6.0,114.0,34.0,UPI,Salt 1kg,Groceries & Food,Kabir Das,Pune,45-54,Silver,FreshMart Pune,Supermarket
ORD00754,2025-02-01,C0223,P022,S008,2,1500,950,20,3000,600.0,2400.0,500.0,UPI,Bathroom Scale,Bathroom Items,Vivaan Kumar,Ahmedabad,18-24,Regular,FreshMart Ahmedabad,Supermarket
ORD00755,2024-05-02,C0140,P022,S006,1,1500,950,0,1500,0.0,1500.0,550.0,Credit Card,Bathroom Scale,Bathroom Items,Priya Mehta,Pune,35-44,Silver,FreshMart Pune,Supermarket
ORD00756,2025-12-04,C0099,P048,S006,1,450,300,0,450,0.0,450.0,150.0,Debit Card,Coffee Pack,Groceries & Food,Riya Das,Pune,45-54,Silver,FreshMart Pune,Supermarket
ORD00757,2024-12-14,C0093,P087,S008,2,700,400,0,1400,0.0,1400.0,600.0,Credit Card,Pillow,Home & Living,Vivaan Singh,Ahmedabad,55+,Gold,FreshMart Ahmedabad,Supermarket
ORD00758,2025-03-19,C0025,P045,S005,2,350,220,10,700,70.0,630.0,190.0,UPI,Peanut Butter,Groceries & Food,Ananya Verma,Chennai,45-54,Regular,FreshMart Chennai,Supermarket
ORD00759,2025-05-20,C0134,P069,S005,1,220,120,0,220,0.0,220.0,100.0,UPI,Hair Oil,Personal Care,Raj Patel,Chennai,55+,Silver,FreshMart Chennai,Supermarket
ORD00760,2024-11-01,C0143,P095,S004,3,600,320,0,1800,0.0,1800.0,840.0,UPI,Storage Box,Home & Living,Rahul Singh,Hyderabad,45-54,Regular,FreshMart Hyderabad,Supermarket
ORD00761,2026-12-07,C0152,P096,S004,1,500,260,10,500,50.0,450.0,190.0,Debit Card,Desk Organizer,Home & Living,Kabir Verma,Hyderabad,18-24,Silver,FreshMart Hyderabad,Supermarket
ORD00762,2026-10-11,C0210,P002,S003,2,900,520,0,1800,0.0,1800.0,760.0,Debit Card,Chef Knife,Kitchen Items,Isha Kumar,Bengaluru,18-24,Gold,FreshMart Bengaluru Hub,Hypermarket
ORD00763,2024-09-28,C0040,P089,S007,1,800,450,0,800,0.0,800.0,350.0,Wallet,Wall Clock,Home & Living,Amit Joshi,Kolkata,25-34,Regular,FreshMart Kolkata,Supermarket
ORD00764,2025-09-16,C0243,P004,S002,1,1500,900,5,1500,75.0,1425.0,525.0,Credit Card,Cooking Pot,Kitchen Items,Kavya Verma,Mumbai,35-44,Silver,FreshMart Mumbai West,Supermarket
ORD00765,2026-07-20,C0026,P054,S003,2,110,65,0,220,0.0,220.0,90.0,Debit Card,Energy Drink,Beverages,Aarav Kumar,Bengaluru,55+,Gold,FreshMart Bengaluru Hub,Hypermarket
ORD00766,2026-01-28,C0027,P036,S004,2,200,90,10,400,40.0,360.0,180.0,UPI,Dustpan,Cleaning & Household,Kabir Khan,Hyderabad,25-34,Regular,FreshMart Hyderabad,Supermarket
ORD00767,2026-02-27,C0308,P060,S007,3,70,40,0,210,0.0,210.0,90.0,UPI,Coconut Water,Beverages,Pooja Khan,Kolkata,25-34,Gold,FreshMart Kolkata,Supermarket
ORD00768,2025-07-06,C0045,P046,S002,2,400,260,5,800,40.0,760.0,240.0,Credit Card,Honey,Groceries & Food,Aditya Joshi,Mumbai,18-24,Silver,FreshMart Mumbai West,Supermarket
ORD00769,2024-06-14,C0006,P033,S006,2,280,140,0,560,0.0,560.0,280.0,Wallet,Air Freshener,Cleaning & Household,Rahul Mehta,Pune,35-44,Regular,FreshMart Pune,Supermarket
ORD00770,2026-01-15,C0307,P045,S008,3,350,220,0,1050,0.0,1050.0,390.0,UPI,Peanut Butter,Groceries & Food,Meera Joshi,Ahmedabad,35-44,Silver,FreshMart Ahmedabad,Supermarket
ORD00771,2026-01-18,C0279,P055,S002,1,90,50,5,90,4.5,85.5,35.5,Debit Card,Cold Coffee,Beverages,Rahul Verma,Mumbai,55+,Regular,FreshMart Mumbai West,Supermarket
ORD00772,2025-02-23,C0032,P049,S005,1,30,15,0,30,0.0,30.0,15.0,Credit Card,Mineral Water,Beverages,Riya Gupta,Chennai,55+,Gold,FreshMart Chennai,Supermarket
ORD00773,2025-03-05,C0076,P051,S005,3,160,95,10,480,48.0,432.0,147.0,UPI,Apple Juice,Beverages,Kavya Patel,Chennai,25-34,Regular,FreshMart Chennai,Supermarket
ORD00774,2026-10-28,C0063,P088,S005,1,2000,1300,0,2000,0.0,2000.0,700.0,UPI,Blanket,Home & Living,Arjun Gupta,Chennai,18-24,Gold,FreshMart Chennai,Supermarket
ORD00775,2026-12-14,C0030,P039,S002,2,180,140,5,360,18.0,342.0,62.0,Cash,Cooking Oil 1L,Groceries & Food,Amit Das,Mumbai,18-24,Silver,FreshMart Mumbai West,Supermarket
ORD00776,2026-07-14,C0013,P089,S005,2,800,450,10,1600,160.0,1440.0,540.0,Wallet,Wall Clock,Home & Living,Priya Singh,Chennai,18-24,Silver,FreshMart Chennai,Supermarket
ORD00777,2024-05-14,C0031,P071,S003,1,180,100,15,180,27.0,153.0,53.0,UPI,Sanitary Pads,Personal Care,Aditya Khan,Bengaluru,25-34,Silver,FreshMart Bengaluru Hub,Hypermarket
ORD00778,2025-01-01,C0237,P041,S006,1,30,20,20,30,6.0,24.0,4.0,UPI,Salt 1kg,Groceries & Food,Amit Das,Pune,18-24,Regular,FreshMart Pune,Supermarket
ORD00779,2024-10-30,C0378,P030,S007,3,180,80,5,540,27.0,513.0,273.0,Debit Card,Garbage Bags,Cleaning & Household,Vivaan Kumar,Kolkata,55+,Regular,FreshMart Kolkata,Supermarket
ORD00780,2024-09-27,C0307,P030,S008,2,180,80,0,360,0.0,360.0,200.0,Debit Card,Garbage Bags,Cleaning & Household,Meera Joshi,Ahmedabad,35-44,Silver,FreshMart Ahmedabad,Supermarket
ORD00781,2025-01-22,C0302,P012,S001,1,180,80,15,180,27.0,153.0,73.0,UPI,Kitchen Towel,Kitchen Items,Riya Khan,Delhi,35-44,Gold,FreshMart Delhi Central,Supermarket
ORD00782,2025-11-18,C0049,P093,S007,1,450,250,5,450,22.5,427.5,177.5,UPI,Doormat,Home & Living,Kavya Kumar,Kolkata,55+,Silver,FreshMart Kolkata,Supermarket
ORD00783,2026-12-21,C0041,P057,S007,1,140,80,0,140,0.0,140.0,60.0,UPI,Mango Juice,Beverages,Neha Patel,Kolkata,45-54,Regular,FreshMart Kolkata,Supermarket
ORD00784,2024-12-17,C0334,P068,S005,1,250,140,0,250,0.0,250.0,110.0,UPI,Deodorant,Personal Care,Riya Joshi,Chennai,18-24,Silver,FreshMart Chennai,Supermarket
ORD00785,2024-10-30,C0237,P073,S006,2,900,650,0,1800,0.0,1800.0,500.0,Wallet,Dog Food,Pet Supplies,Amit Das,Pune,18-24,Regular,FreshMart Pune,Supermarket
ORD00786,2025-08-07,C0294,P064,S002,1,80,35,0,80,0.0,80.0,45.0,Debit Card,Toothbrush,Personal Care,Vivaan Patel,Mumbai,35-44,Regular,FreshMart Mumbai West,Supermarket
ORD00787,2024-10-15,C0249,P087,S007,1,700,400,0,700,0.0,700.0,300.0,UPI,Pillow,Home & Living,Arjun Patel,Kolkata,35-44,Silver,FreshMart Kolkata,Supermarket
ORD00788,2025-01-12,C0092,P033,S004,1,280,140,10,280,28.0,252.0,112.0,Debit Card,Air Freshener,Cleaning & Household,Amit Kumar,Hyderabad,25-34,Regular,FreshMart Hyderabad,Supermarket
ORD00789,2024-10-29,C0243,P086,S002,2,1500,900,0,3000,0.0,3000.0,1200.0,UPI,Bed Sheet,Home & Living,Kavya Verma,Mumbai,35-44,Silver,FreshMart Mumbai West,Supermarket
ORD00790,2026-04-08,C0084,P091,S006,4,250,110,10,1000,100.0,900.0,460.0,Wallet,Cushion Cover,Home & Living,Ananya Das,Pune,18-24,Silver,FreshMart Pune,Supermarket
ORD00791,2024-12-09,C0012,P091,S008,5,250,110,0,1250,0.0,1250.0,700.0,Debit Card,Cushion Cover,Home & Living,Sneha Kumar,Ahmedabad,35-44,Regular,FreshMart Ahmedabad,Supermarket
ORD00792,2025-08-16,C0167,P045,S008,4,350,220,10,1400,140.0,1260.0,380.0,Wallet,Peanut Butter,Groceries & Food,Rahul Joshi,Ahmedabad,35-44,Regular,FreshMart Ahmedabad,Supermarket
ORD00793,2026-06-24,C0242,P050,S007,1,150,90,0,150,0.0,150.0,60.0,Credit Card,Orange Juice,Beverages,Aisha Mehta,Kolkata,18-24,Regular,FreshMart Kolkata,Supermarket
ORD00794,2024-08-27,C0095,P010,S007,1,250,110,0,250,0.0,250.0,140.0,Cash,Coffee Mug,Kitchen Items,Sneha Joshi,Kolkata,25-34,Regular,FreshMart Kolkata,Supermarket
ORD00795,2024-07-08,C0190,P046,S006,1,400,260,5,400,20.0,380.0,120.0,UPI,Honey,Groceries & Food,Rohan Khan,Pune,18-24,Gold,FreshMart Pune,Supermarket
ORD00796,2025-07-23,C0389,P044,S006,1,120,70,0,120,0.0,120.0,50.0,Cash,Biscuits Pack,Groceries & Food,Sneha Patel,Pune,55+,Gold,FreshMart Pune,Supermarket
ORD00797,2024-06-27,C0305,P057,S005,5,140,80,0,700,0.0,700.0,300.0,Credit Card,Mango Juice,Beverages,Amit Joshi,Chennai,45-54,Regular,FreshMart Chennai,Supermarket
ORD00798,2026-11-13,C0006,P056,S006,4,60,35,0,240,0.0,240.0,100.0,UPI,Lemon Drink,Beverages,Rahul Mehta,Pune,35-44,Regular,FreshMart Pune,Supermarket
ORD00799,2026-01-27,C0394,P081,S006,1,200,120,0,200,0.0,200.0,80.0,UPI,Bird Food,Pet Supplies,Kabir Das,Pune,55+,Gold,FreshMart Pune,Supermarket
ORD00800,2026-07-01,C0335,P036,S006,3,200,90,0,600,0.0,600.0,330.0,Debit Card,Dustpan,Cleaning & Household,Karan Kumar,Pune,18-24,Gold,FreshMart Pune,Supermarket
ORD00801,2026-05-01,C0369,P043,S001,3,280,170,0,840,0.0,840.0,330.0,Cash,Breakfast Cereal,Groceries & Food,Isha Patel,Delhi,18-24,Regular,FreshMart Delhi Central,Supermarket
ORD00802,2026-05-18,C0375,P090,S007,2,300,150,0,600,0.0,600.0,300.0,Cash,Photo Frame,Home & Living,Ananya Patel,Kolkata,25-34,Silver,FreshMart Kolkata,Supermarket
ORD00803,2024-10-21,C0056,P059,S006,2,100,55,15,200,30.0,170.0,60.0,Wallet,Iced Tea,Beverages,Meera Khan,Pune,35-44,Regular,FreshMart Pune,Supermarket
ORD00804,2026-02-08,C0075,P008,S001,1,600,320,0,600,0.0,600.0,280.0,Wallet,Lunch Box,Kitchen Items,Arjun Mehta,Delhi,45-54,Regular,FreshMart Delhi Central,Supermarket
ORD00805,2026-08-04,C0070,P047,S003,2,250,150,10,500,50.0,450.0,150.0,UPI,Tea Pack,Groceries & Food,Rohan Mehta,Bengaluru,18-24,Regular,FreshMart Bengaluru Hub,Hypermarket
ORD00806,2026-02-20,C0130,P027,S006,1,450,240,5,450,22.5,427.5,187.5,Cash,Laundry Detergent,Cleaning & Household,Meera Kumar,Pune,25-34,Gold,FreshMart Pune,Supermarket
ORD00807,2025-09-14,C0195,P033,S002,2,280,140,10,560,56.0,504.0,224.0,UPI,Air Freshener,Cleaning & Household,Vivaan Das,Mumbai,25-34,Silver,FreshMart Mumbai West,Supermarket
ORD00808,2024-11-11,C0314,P066,S006,4,300,180,10,1200,120.0,1080.0,360.0,Credit Card,Face Wash,Personal Care,Sneha Khan,Pune,25-34,Regular,FreshMart Pune,Supermarket
ORD00809,2025-08-12,C0237,P058,S006,1,40,22,5,40,2.0,38.0,16.0,Debit Card,Soda Water,Beverages,Amit Das,Pune,18-24,Regular,FreshMart Pune,Supermarket
ORD00810,2024-09-01,C0232,P030,S004,3,180,80,5,540,27.0,513.0,273.0,Wallet,Garbage Bags,Cleaning & Household,Rohan Das,Hyderabad,18-24,Gold,FreshMart Hyderabad,Supermarket
ORD00811,2026-01-10,C0221,P057,S004,2,140,80,5,280,14.0,266.0,106.0,Cash,Mango Juice,Beverages,Riya Patel,Hyderabad,18-24,Silver,FreshMart Hyderabad,Supermarket
ORD00812,2026-09-01,C0321,P056,S002,5,60,35,10,300,30.0,270.0,95.0,UPI,Lemon Drink,Beverages,Isha Joshi,Mumbai,18-24,Gold,FreshMart Mumbai West,Supermarket
ORD00813,2024-02-05,C0243,P071,S002,3,180,100,0,540,0.0,540.0,240.0,UPI,Sanitary Pads,Personal Care,Kavya Verma,Mumbai,35-44,Silver,FreshMart Mumbai West,Supermarket
ORD00814,2024-10-04,C0005,P033,S005,1,280,140,0,280,0.0,280.0,140.0,Debit Card,Air Freshener,Cleaning & Household,Kavya Das,Chennai,18-24,Silver,FreshMart Chennai,Supermarket
ORD00815,2024-04-09,C0202,P094,S008,1,350,170,5,350,17.5,332.5,162.5,Wallet,Clothes Hanger Set,Home & Living,Rohan Singh,Ahmedabad,35-44,Regular,FreshMart Ahmedabad,Supermarket
ORD00816,2025-01-10,C0150,P038,S002,3,300,220,5,900,45.0,855.0,195.0,UPI,Wheat Flour 5kg,Groceries & Food,Aisha Verma,Mumbai,45-54,Regular,FreshMart Mumbai West,Supermarket
ORD00817,2025-10-09,C0329,P034,S006,2,250,120,0,500,0.0,500.0,260.0,Debit Card,Disinfectant Spray,Cleaning & Household,Arjun Das,Pune,25-34,Regular,FreshMart Pune,Supermarket
ORD00818,2024-07-15,C0037,P055,S002,2,90,50,0,180,0.0,180.0,80.0,UPI,Cold Coffee,Beverages,Vivaan Singh,Mumbai,18-24,Gold,FreshMart Mumbai West,Supermarket
ORD00819,2025-07-30,C0085,P020,S005,1,750,420,5,750,37.5,712.5,292.5,UPI,Shower Caddy,Bathroom Items,Kabir Khan,Chennai,45-54,Regular,FreshMart Chennai,Supermarket
ORD00820,2024-07-28,C0246,P085,S007,1,1200,700,5,1200,60.0,1140.0,440.0,Cash,Table Lamp,Home & Living,Kavya Khan,Kolkata,18-24,Silver,FreshMart Kolkata,Supermarket
ORD00821,2026-12-12,C0317,P072,S008,2,120,60,10,240,24.0,216.0,96.0,Cash,Cotton Pads,Personal Care,Aisha Gupta,Ahmedabad,45-54,Silver,FreshMart Ahmedabad,Supermarket
ORD00822,2024-06-05,C0065,P041,S005,1,30,20,0,30,0.0,30.0,10.0,UPI,Salt 1kg,Groceries & Food,Ananya Singh,Chennai,55+,Regular,FreshMart Chennai,Supermarket
ORD00823,2026-01-12,C0062,P045,S001,1,350,220,0,350,0.0,350.0,130.0,Wallet,Peanut Butter,Groceries & Food,Riya Kumar,Delhi,55+,Regular,FreshMart Delhi Central,Supermarket
ORD00824,2025-11-08,C0319,P040,S007,1,55,42,10,55,5.5,49.5,7.5,UPI,Sugar 1kg,Groceries & Food,Riya Das,Kolkata,18-24,Silver,FreshMart Kolkata,Supermarket
ORD00825,2024-10-18,C0018,P076,S003,1,250,120,0,250,0.0,250.0,130.0,Wallet,Dog Toy,Pet Supplies,Sneha Joshi,Bengaluru,35-44,Regular,FreshMart Bengaluru Hub,Hypermarket
ORD00826,2024-08-16,C0297,P037,S002,1,650,500,10,650,65.0,585.0,85.0,Debit Card,Basmati Rice 5kg,Groceries & Food,Sneha Gupta,Mumbai,35-44,Silver,FreshMart Mumbai West,Supermarket
ORD00827,2024-08-08,C0015,P004,S004,1,1500,900,10,1500,150.0,1350.0,450.0,Credit Card,Cooking Pot,Kitchen Items,Raj Khan,Hyderabad,35-44,Gold,FreshMart Hyderabad,Supermarket
ORD00828,2025-06-02,C0075,P038,S001,1,300,220,0,300,0.0,300.0,80.0,UPI,Wheat Flour 5kg,Groceries & Food,Arjun Mehta,Delhi,45-54,Regular,FreshMart Delhi Central,Supermarket
ORD00829,2024-09-10,C0009,P006,S007,4,650,350,0,2600,0.0,2600.0,1200.0,Wallet,Mixer Bowl,Kitchen Items,Riya Verma,Kolkata,18-24,Silver,FreshMart Kolkata,Supermarket
ORD00830,2025-10-19,C0221,P034,S004,3,250,120,15,750,112.5,637.5,277.5,Wallet,Disinfectant Spray,Cleaning & Household,Riya Patel,Hyderabad,18-24,Silver,FreshMart Hyderabad,Supermarket
ORD00831,2024-11-24,C0116,P043,S002,3,280,170,5,840,42.0,798.0,288.0,Credit Card,Breakfast Cereal,Groceries & Food,Neha Kumar,Mumbai,45-54,Regular,FreshMart Mumbai West,Supermarket
ORD00832,2024-01-29,C0082,P004,S001,2,1500,900,10,3000,300.0,2700.0,900.0,Wallet,Cooking Pot,Kitchen Items,Karan Kumar,Delhi,45-54,Regular,FreshMart Delhi Central,Supermarket
ORD00833,2024-01-09,C0243,P013,S002,5,500,280,0,2500,0.0,2500.0,1100.0,UPI,Bath Towel,Bathroom Items,Kavya Verma,Mumbai,35-44,Silver,FreshMart Mumbai West,Supermarket
ORD00834,2026-08-30,C0341,P040,S005,1,55,42,5,55,2.75,52.25,10.25,Credit Card,Sugar 1kg,Groceries & Food,Ananya Kumar,Chennai,45-54,Silver,FreshMart Chennai,Supermarket
ORD00835,2025-01-05,C0306,P086,S008,3,1500,900,20,4500,900.0,3600.0,900.0,Credit Card,Bed Sheet,Home & Living,Amit Kumar,Ahmedabad,25-34,Regular,FreshMart Ahmedabad,Supermarket
ORD00836,2026-04-14,C0049,P046,S007,1,400,260,20,400,80.0,320.0,60.0,UPI,Honey,Groceries & Food,Kavya Kumar,Kolkata,55+,Silver,FreshMart Kolkata,Supermarket
ORD00837,2024-10-05,C0257,P019,S004,1,900,500,0,900,0.0,900.0,400.0,Debit Card,Towel Rack,Bathroom Items,Raj Das,Hyderabad,45-54,Gold,FreshMart Hyderabad,Supermarket
ORD00838,2026-11-06,C0240,P003,S004,2,350,180,10,700,70.0,630.0,270.0,Debit Card,Cutting Board,Kitchen Items,Arjun Joshi,Hyderabad,55+,Regular,FreshMart Hyderabad,Supermarket
ORD00839,2025-04-07,C0132,P081,S007,2,200,120,0,400,0.0,400.0,160.0,Cash,Bird Food,Pet Supplies,Meera Das,Kolkata,35-44,Regular,FreshMart Kolkata,Supermarket
ORD00840,2024-05-22,C0216,P027,S004,3,450,240,10,1350,135.0,1215.0,495.0,Wallet,Laundry Detergent,Cleaning & Household,Aditya Gupta,Hyderabad,45-54,Platinum,FreshMart Hyderabad,Supermarket
ORD00841,2024-01-27,C0274,P038,S007,5,300,220,5,1500,75.0,1425.0,325.0,UPI,Wheat Flour 5kg,Groceries & Food,Ananya Das,Kolkata,55+,Regular,FreshMart Kolkata,Supermarket
ORD00842,2024-06-23,C0400,P044,S002,1,120,70,0,120,0.0,120.0,50.0,Debit Card,Biscuits Pack,Groceries & Food,Amit Sharma,Mumbai,25-34,Regular,FreshMart Mumbai West,Supermarket
ORD00843,2024-10-26,C0236,P096,S001,1,500,260,5,500,25.0,475.0,215.0,Wallet,Desk Organizer,Home & Living,Aarav Gupta,Delhi,35-44,Silver,FreshMart Delhi Central,Supermarket
ORD00844,2026-05-19,C0312,P018,S007,2,1200,700,0,2400,0.0,2400.0,1000.0,Debit Card,Mirror,Bathroom Items,Pooja Gupta,Kolkata,18-24,Gold,FreshMart Kolkata,Supermarket
ORD00845,2025-07-13,C0218,P057,S008,3,140,80,10,420,42.0,378.0,138.0,Wallet,Mango Juice,Beverages,Riya Verma,Ahmedabad,35-44,Silver,FreshMart Ahmedabad,Supermarket
ORD00846,2026-04-08,C0031,P039,S003,5,180,140,5,900,45.0,855.0,155.0,UPI,Cooking Oil 1L,Groceries & Food,Aditya Khan,Bengaluru,25-34,Silver,FreshMart Bengaluru Hub,Hypermarket
ORD00847,2024-09-07,C0016,P040,S001,1,55,42,5,55,2.75,52.25,10.25,Debit Card,Sugar 1kg,Groceries & Food,Vivaan Singh,Delhi,35-44,Regular,FreshMart Delhi Central,Supermarket
ORD00848,2024-07-22,C0124,P016,S005,2,650,360,10,1300,130.0,1170.0,450.0,Credit Card,Bathroom Mat,Bathroom Items,Amit Verma,Chennai,55+,Gold,FreshMart Chennai,Supermarket
ORD00849,2025-01-01,C0240,P004,S004,1,1500,900,10,1500,150.0,1350.0,450.0,UPI,Cooking Pot,Kitchen Items,Arjun Joshi,Hyderabad,55+,Regular,FreshMart Hyderabad,Supermarket
ORD00850,2024-07-16,C0206,P059,S007,3,100,55,10,300,30.0,270.0,105.0,Credit Card,Iced Tea,Beverages,Arjun Singh,Kolkata,55+,Regular,FreshMart Kolkata,Supermarket
ORD00851,2026-08-12,C0242,P038,S007,1,300,220,10,300,30.0,270.0,50.0,Credit Card,Wheat Flour 5kg,Groceries & Food,Aisha Mehta,Kolkata,18-24,Regular,FreshMart Kolkata,Supermarket
ORD00852,2025-12-04,C0375,P031,S007,2,120,50,0,240,0.0,240.0,140.0,Debit Card,Cleaning Sponge Pack,Cleaning & Household,Ananya Patel,Kolkata,25-34,Silver,FreshMart Kolkata,Supermarket
ORD00853,2024-08-31,C0232,P089,S004,1,800,450,0,800,0.0,800.0,350.0,UPI,Wall Clock,Home & Living,Rohan Das,Hyderabad,18-24,Gold,FreshMart Hyderabad,Supermarket
ORD00854,2024-03-08,C0125,P043,S006,1,280,170,10,280,28.0,252.0,82.0,Debit Card,Breakfast Cereal,Groceries & Food,Meera Sharma,Pune,55+,Regular,FreshMart Pune,Supermarket
ORD00855,2024-12-02,C0062,P077,S001,1,220,100,10,220,22.0,198.0,98.0,Credit Card,Cat Toy,Pet Supplies,Riya Kumar,Delhi,55+,Regular,FreshMart Delhi Central,Supermarket
ORD00856,2026-10-01,C0338,P019,S006,2,900,500,5,1800,90.0,1710.0,710.0,Credit Card,Towel Rack,Bathroom Items,Aisha Joshi,Pune,55+,Regular,FreshMart Pune,Supermarket
ORD00857,2026-11-03,C0387,P082,S008,2,280,150,20,560,112.0,448.0,148.0,Credit Card,Pet Treats,Pet Supplies,Sneha Khan,Ahmedabad,55+,Regular,FreshMart Ahmedabad,Supermarket
ORD00858,2025-08-05,C0053,P039,S002,1,180,140,0,180,0.0,180.0,40.0,UPI,Cooking Oil 1L,Groceries & Food,Aditya Gupta,Mumbai,55+,Regular,FreshMart Mumbai West,Supermarket
ORD00859,2025-12-15,C0056,P066,S006,2,300,180,10,600,60.0,540.0,180.0,Debit Card,Face Wash,Personal Care,Meera Khan,Pune,35-44,Regular,FreshMart Pune,Supermarket
ORD00860,2026-05-26,C0398,P045,S004,1,350,220,0,350,0.0,350.0,130.0,UPI,Peanut Butter,Groceries & Food,Meera Das,Hyderabad,18-24,Silver,FreshMart Hyderabad,Supermarket
ORD00861,2025-05-22,C0294,P050,S002,1,150,90,0,150,0.0,150.0,60.0,UPI,Orange Juice,Beverages,Vivaan Patel,Mumbai,35-44,Regular,FreshMart Mumbai West,Supermarket
ORD00862,2025-09-16,C0324,P055,S007,1,90,50,0,90,0.0,90.0,40.0,Credit Card,Cold Coffee,Beverages,Amit Das,Kolkata,25-34,Silver,FreshMart Kolkata,Supermarket
ORD00863,2026-05-15,C0134,P001,S005,2,1200,750,15,2400,360.0,2040.0,540.0,UPI,Frying Pan,Kitchen Items,Raj Patel,Chennai,55+,Silver,FreshMart Chennai,Supermarket
ORD00864,2024-02-15,C0013,P053,S005,5,120,70,0,600,0.0,600.0,250.0,UPI,Green Tea Drink,Beverages,Priya Singh,Chennai,18-24,Silver,FreshMart Chennai,Supermarket
ORD00865,2026-09-27,C0287,P057,S002,1,140,80,10,140,14.0,126.0,46.0,UPI,Mango Juice,Beverages,Kabir Verma,Mumbai,55+,Silver,FreshMart Mumbai West,Supermarket
ORD00866,2025-11-08,C0314,P037,S006,1,650,500,0,650,0.0,650.0,150.0,Credit Card,Basmati Rice 5kg,Groceries & Food,Sneha Khan,Pune,25-34,Regular,FreshMart Pune,Supermarket
ORD00867,2024-06-03,C0189,P073,S003,3,900,650,5,2700,135.0,2565.0,615.0,UPI,Dog Food,Pet Supplies,Sneha Mehta,Bengaluru,45-54,Platinum,FreshMart Bengaluru Hub,Hypermarket
ORD00868,2026-04-03,C0351,P005,S007,3,300,150,5,900,45.0,855.0,405.0,Wallet,Spatula Set,Kitchen Items,Rahul Joshi,Kolkata,55+,Regular,FreshMart Kolkata,Supermarket
ORD00869,2024-07-13,C0255,P067,S004,2,450,280,0,900,0.0,900.0,340.0,Credit Card,Moisturizer,Personal Care,Arjun Das,Hyderabad,25-34,Silver,FreshMart Hyderabad,Supermarket
ORD00870,2026-05-24,C0001,P045,S005,1,350,220,10,350,35.0,315.0,95.0,Debit Card,Peanut Butter,Groceries & Food,Arjun Sharma,Chennai,25-34,Regular,FreshMart Chennai,Supermarket
ORD00871,2025-09-06,C0020,P029,S006,1,650,380,5,650,32.5,617.5,237.5,UPI,Mop,Cleaning & Household,Meera Mehta,Pune,25-34,Platinum,FreshMart Pune,Supermarket
ORD00872,2026-11-21,C0399,P044,S007,3,120,70,0,360,0.0,360.0,150.0,UPI,Biscuits Pack,Groceries & Food,Rahul Khan,Kolkata,25-34,Gold,FreshMart Kolkata,Supermarket
ORD00873,2025-01-17,C0130,P067,S006,2,450,280,0,900,0.0,900.0,340.0,Wallet,Moisturizer,Personal Care,Meera Kumar,Pune,25-34,Gold,FreshMart Pune,Supermarket
ORD00874,2026-08-15,C0146,P068,S005,1,250,140,5,250,12.5,237.5,97.5,Cash,Deodorant,Personal Care,Riya Gupta,Chennai,18-24,Platinum,FreshMart Chennai,Supermarket
ORD00875,2026-06-07,C0206,P084,S007,4,180,90,10,720,72.0,648.0,288.0,UPI,Pet Comb,Pet Supplies,Arjun Singh,Kolkata,55+,Regular,FreshMart Kolkata,Supermarket
ORD00876,2026-08-05,C0138,P027,S004,1,450,240,0,450,0.0,450.0,210.0,Debit Card,Laundry Detergent,Cleaning & Household,Aditya Kumar,Hyderabad,45-54,Silver,FreshMart Hyderabad,Supermarket
ORD00877,2026-06-10,C0008,P030,S005,1,180,80,15,180,27.0,153.0,73.0,Wallet,Garbage Bags,Cleaning & Household,Priya Das,Chennai,18-24,Silver,FreshMart Chennai,Supermarket
ORD00878,2026-04-24,C0174,P053,S008,1,120,70,0,120,0.0,120.0,50.0,UPI,Green Tea Drink,Beverages,Pooja Patel,Ahmedabad,45-54,Silver,FreshMart Ahmedabad,Supermarket
ORD00879,2025-04-28,C0090,P057,S008,1,140,80,0,140,0.0,140.0,60.0,UPI,Mango Juice,Beverages,Karan Khan,Ahmedabad,25-34,Silver,FreshMart Ahmedabad,Supermarket
ORD00880,2025-09-27,C0067,P034,S005,2,250,120,5,500,25.0,475.0,235.0,Credit Card,Disinfectant Spray,Cleaning & Household,Ananya Gupta,Chennai,25-34,Silver,FreshMart Chennai,Supermarket
ORD00881,2024-03-16,C0342,P052,S008,1,50,30,0,50,0.0,50.0,20.0,UPI,Cola Drink,Beverages,Neha Gupta,Ahmedabad,35-44,Regular,FreshMart Ahmedabad,Supermarket
ORD00882,2025-07-22,C0224,P067,S007,2,450,280,0,900,0.0,900.0,340.0,Cash,Moisturizer,Personal Care,Riya Gupta,Kolkata,45-54,Regular,FreshMart Kolkata,Supermarket
ORD00883,2026-09-22,C0142,P088,S002,3,2000,1300,0,6000,0.0,6000.0,2100.0,Cash,Blanket,Home & Living,Karan Patel,Mumbai,55+,Platinum,FreshMart Mumbai West,Supermarket
ORD00884,2025-09-02,C0079,P026,S005,3,160,75,15,480,72.0,408.0,183.0,Credit Card,Dishwashing Liquid,Cleaning & Household,Aarav Verma,Chennai,25-34,Silver,FreshMart Chennai,Supermarket
ORD00885,2024-07-03,C0028,P038,S001,1,300,220,10,300,30.0,270.0,50.0,Cash,Wheat Flour 5kg,Groceries & Food,Rahul Khan,Delhi,55+,Regular,FreshMart Delhi Central,Supermarket
ORD00886,2026-10-21,C0325,P033,S006,2,280,140,10,560,56.0,504.0,224.0,Wallet,Air Freshener,Cleaning & Household,Aditya Khan,Pune,18-24,Platinum,FreshMart Pune,Supermarket
ORD00887,2025-05-30,C0361,P091,S006,2,250,110,0,500,0.0,500.0,280.0,Credit Card,Cushion Cover,Home & Living,Aditya Gupta,Pune,18-24,Regular,FreshMart Pune,Supermarket
ORD00888,2025-10-03,C0057,P068,S005,2,250,140,0,500,0.0,500.0,220.0,Debit Card,Deodorant,Personal Care,Ananya Singh,Chennai,45-54,Regular,FreshMart Chennai,Supermarket
ORD00889,2026-05-16,C0263,P034,S006,1,250,120,0,250,0.0,250.0,130.0,UPI,Disinfectant Spray,Cleaning & Household,Ananya Gupta,Pune,35-44,Silver,FreshMart Pune,Supermarket
ORD00890,2026-04-16,C0307,P029,S008,1,650,380,5,650,32.5,617.5,237.5,Credit Card,Mop,Cleaning & Household,Meera Joshi,Ahmedabad,35-44,Silver,FreshMart Ahmedabad,Supermarket
ORD00891,2024-08-19,C0320,P037,S002,1,650,500,0,650,0.0,650.0,150.0,Debit Card,Basmati Rice 5kg,Groceries & Food,Amit Kumar,Mumbai,18-24,Regular,FreshMart Mumbai West,Supermarket
ORD00892,2024-10-23,C0338,P088,S006,2,2000,1300,10,4000,400.0,3600.0,1000.0,UPI,Blanket,Home & Living,Aisha Joshi,Pune,55+,Regular,FreshMart Pune,Supermarket
ORD00893,2024-03-12,C0341,P090,S005,3,300,150,10,900,90.0,810.0,360.0,Wallet,Photo Frame,Home & Living,Ananya Kumar,Chennai,45-54,Silver,FreshMart Chennai,Supermarket
ORD00894,2025-05-05,C0032,P056,S005,1,60,35,0,60,0.0,60.0,25.0,Debit Card,Lemon Drink,Beverages,Riya Gupta,Chennai,55+,Gold,FreshMart Chennai,Supermarket
ORD00895,2024-09-06,C0230,P064,S002,2,80,35,0,160,0.0,160.0,90.0,Credit Card,Toothbrush,Personal Care,Arjun Joshi,Mumbai,25-34,Silver,FreshMart Mumbai West,Supermarket
ORD00896,2026-03-15,C0316,P010,S003,4,250,110,15,1000,150.0,850.0,410.0,UPI,Coffee Mug,Kitchen Items,Arjun Patel,Bengaluru,25-34,Regular,FreshMart Bengaluru Hub,Hypermarket
ORD00897,2025-04-27,C0300,P091,S004,1,250,110,15,250,37.5,212.5,102.5,UPI,Cushion Cover,Home & Living,Ananya Joshi,Hyderabad,25-34,Platinum,FreshMart Hyderabad,Supermarket
ORD00898,2025-10-11,C0371,P048,S005,3,450,300,0,1350,0.0,1350.0,450.0,UPI,Coffee Pack,Groceries & Food,Aarav Joshi,Chennai,35-44,Regular,FreshMart Chennai,Supermarket
ORD00899,2026-10-03,C0354,P084,S008,1,180,90,10,180,18.0,162.0,72.0,Debit Card,Pet Comb,Pet Supplies,Kavya Gupta,Ahmedabad,18-24,Gold,FreshMart Ahmedabad,Supermarket
ORD00900,2024-07-24,C0277,P073,S007,3,900,650,10,2700,270.0,2430.0,480.0,Credit Card,Dog Food,Pet Supplies,Arjun Singh,Kolkata,55+,Regular,FreshMart Kolkata,Supermarket
ORD00901,2025-10-31,C0255,P040,S004,1,55,42,0,55,0.0,55.0,13.0,Debit Card,Sugar 1kg,Groceries & Food,Arjun Das,Hyderabad,25-34,Silver,FreshMart Hyderabad,Supermarket
ORD00902,2024-10-26,C0360,P051,S007,2,160,95,0,320,0.0,320.0,130.0,UPI,Apple Juice,Beverages,Aisha Khan,Kolkata,45-54,Gold,FreshMart Kolkata,Supermarket
ORD00903,2026-11-23,C0007,P023,S002,3,220,100,5,660,33.0,627.0,327.0,UPI,Hand Towel,Bathroom Items,Ananya Verma,Mumbai,45-54,Regular,FreshMart Mumbai West,Supermarket
ORD00904,2026-04-20,C0087,P049,S005,3,30,15,0,90,0.0,90.0,45.0,Credit Card,Mineral Water,Beverages,Sneha Gupta,Chennai,45-54,Regular,FreshMart Chennai,Supermarket
ORD00905,2025-06-17,C0094,P061,S007,1,350,200,5,350,17.5,332.5,132.5,UPI,Shampoo,Personal Care,Aditya Joshi,Kolkata,55+,Regular,FreshMart Kolkata,Supermarket
ORD00906,2024-06-21,C0015,P025,S004,1,220,110,0,220,0.0,220.0,110.0,Cash,Floor Cleaner,Cleaning & Household,Raj Khan,Hyderabad,35-44,Gold,FreshMart Hyderabad,Supermarket
ORD00907,2025-04-04,C0340,P094,S005,1,350,170,0,350,0.0,350.0,180.0,Credit Card,Clothes Hanger Set,Home & Living,Rahul Khan,Chennai,35-44,Regular,FreshMart Chennai,Supermarket
ORD00908,2025-04-13,C0001,P055,S005,4,90,50,20,360,72.0,288.0,88.0,UPI,Cold Coffee,Beverages,Arjun Sharma,Chennai,25-34,Regular,FreshMart Chennai,Supermarket
ORD00909,2024-12-19,C0057,P064,S005,1,80,35,0,80,0.0,80.0,45.0,UPI,Toothbrush,Personal Care,Ananya Singh,Chennai,45-54,Regular,FreshMart Chennai,Supermarket
ORD00910,2024-08-28,C0067,P039,S005,1,180,140,5,180,9.0,171.0,31.0,Debit Card,Cooking Oil 1L,Groceries & Food,Ananya Gupta,Chennai,25-34,Silver,FreshMart Chennai,Supermarket
ORD00911,2026-12-31,C0288,P089,S001,1,800,450,15,800,120.0,680.0,230.0,Cash,Wall Clock,Home & Living,Sneha Joshi,Delhi,45-54,Gold,FreshMart Delhi Central,Supermarket
ORD00912,2026-10-09,C0059,P036,S002,1,200,90,0,200,0.0,200.0,110.0,UPI,Dustpan,Cleaning & Household,Isha Das,Mumbai,18-24,Regular,FreshMart Mumbai West,Supermarket
ORD00913,2025-01-22,C0338,P067,S006,1,450,280,0,450,0.0,450.0,170.0,UPI,Moisturizer,Personal Care,Aisha Joshi,Pune,55+,Regular,FreshMart Pune,Supermarket
ORD00914,2025-06-20,C0282,P031,S008,1,120,50,5,120,6.0,114.0,64.0,UPI,Cleaning Sponge Pack,Cleaning & Household,Aditya Gupta,Ahmedabad,45-54,Silver,FreshMart Ahmedabad,Supermarket
ORD00915,2026-07-27,C0022,P055,S003,1,90,50,5,90,4.5,85.5,35.5,Cash,Cold Coffee,Beverages,Arjun Gupta,Bengaluru,45-54,Silver,FreshMart Bengaluru Hub,Hypermarket
ORD00916,2026-03-25,C0142,P089,S002,2,800,450,10,1600,160.0,1440.0,540.0,Debit Card,Wall Clock,Home & Living,Karan Patel,Mumbai,55+,Platinum,FreshMart Mumbai West,Supermarket
ORD00917,2025-06-08,C0193,P071,S007,1,180,100,5,180,9.0,171.0,71.0,UPI,Sanitary Pads,Personal Care,Raj Patel,Kolkata,18-24,Gold,FreshMart Kolkata,Supermarket
ORD00918,2026-08-22,C0348,P090,S006,4,300,150,20,1200,240.0,960.0,360.0,Wallet,Photo Frame,Home & Living,Rohan Joshi,Pune,35-44,Regular,FreshMart Pune,Supermarket
ORD00919,2024-04-03,C0158,P094,S005,1,350,170,5,350,17.5,332.5,162.5,UPI,Clothes Hanger Set,Home & Living,Isha Joshi,Chennai,18-24,Regular,FreshMart Chennai,Supermarket
ORD00920,2026-01-29,C0038,P094,S004,1,350,170,15,350,52.5,297.5,127.5,UPI,Clothes Hanger Set,Home & Living,Aditya Khan,Hyderabad,35-44,Silver,FreshMart Hyderabad,Supermarket
ORD00921,2024-12-13,C0246,P019,S007,4,900,500,15,3600,540.0,3060.0,1060.0,UPI,Towel Rack,Bathroom Items,Kavya Khan,Kolkata,18-24,Silver,FreshMart Kolkata,Supermarket
ORD00922,2026-12-22,C0288,P033,S001,1,280,140,0,280,0.0,280.0,140.0,Wallet,Air Freshener,Cleaning & Household,Sneha Joshi,Delhi,45-54,Gold,FreshMart Delhi Central,Supermarket
ORD00923,2025-07-29,C0354,P042,S008,2,90,55,15,180,27.0,153.0,43.0,UPI,Pasta,Groceries & Food,Kavya Gupta,Ahmedabad,18-24,Gold,FreshMart Ahmedabad,Supermarket
ORD00924,2025-06-24,C0179,P081,S005,2,200,120,0,400,0.0,400.0,160.0,UPI,Bird Food,Pet Supplies,Rohan Joshi,Chennai,55+,Silver,FreshMart Chennai,Supermarket
ORD00925,2026-10-03,C0239,P071,S008,1,180,100,15,180,27.0,153.0,53.0,Debit Card,Sanitary Pads,Personal Care,Aditya Joshi,Ahmedabad,35-44,Regular,FreshMart Ahmedabad,Supermarket
ORD00926,2024-04-18,C0021,P065,S008,1,140,70,0,140,0.0,140.0,70.0,UPI,Hand Wash,Personal Care,Rohan Khan,Ahmedabad,18-24,Silver,FreshMart Ahmedabad,Supermarket
ORD00927,2024-11-30,C0055,P047,S002,1,250,150,20,250,50.0,200.0,50.0,Wallet,Tea Pack,Groceries & Food,Isha Sharma,Mumbai,45-54,Silver,FreshMart Mumbai West,Supermarket
ORD00928,2025-12-31,C0340,P006,S005,2,650,350,5,1300,65.0,1235.0,535.0,UPI,Mixer Bowl,Kitchen Items,Rahul Khan,Chennai,35-44,Regular,FreshMart Chennai,Supermarket
ORD00929,2024-10-12,C0218,P070,S008,1,300,170,0,300,0.0,300.0,130.0,Cash,Razor Pack,Personal Care,Riya Verma,Ahmedabad,35-44,Silver,FreshMart Ahmedabad,Supermarket
ORD00930,2025-07-12,C0279,P066,S002,2,300,180,10,600,60.0,540.0,180.0,UPI,Face Wash,Personal Care,Rahul Verma,Mumbai,55+,Regular,FreshMart Mumbai West,Supermarket
ORD00931,2024-01-09,C0012,P094,S008,2,350,170,5,700,35.0,665.0,325.0,Credit Card,Clothes Hanger Set,Home & Living,Sneha Kumar,Ahmedabad,35-44,Regular,FreshMart Ahmedabad,Supermarket
ORD00932,2026-10-17,C0042,P002,S001,3,900,520,0,2700,0.0,2700.0,1140.0,Debit Card,Chef Knife,Kitchen Items,Vivaan Verma,Delhi,45-54,Silver,FreshMart Delhi Central,Supermarket
ORD00933,2026-03-18,C0226,P052,S007,1,50,30,15,50,7.5,42.5,12.5,UPI,Cola Drink,Beverages,Aisha Das,Kolkata,35-44,Regular,FreshMart Kolkata,Supermarket
ORD00934,2024-02-29,C0037,P031,S002,1,120,50,10,120,12.0,108.0,58.0,Debit Card,Cleaning Sponge Pack,Cleaning & Household,Vivaan Singh,Mumbai,18-24,Gold,FreshMart Mumbai West,Supermarket
ORD00935,2025-07-05,C0034,P041,S008,2,30,20,0,60,0.0,60.0,20.0,Wallet,Salt 1kg,Groceries & Food,Priya Joshi,Ahmedabad,18-24,Regular,FreshMart Ahmedabad,Supermarket
ORD00936,2026-07-16,C0095,P058,S007,1,40,22,10,40,4.0,36.0,14.0,Debit Card,Soda Water,Beverages,Sneha Joshi,Kolkata,25-34,Regular,FreshMart Kolkata,Supermarket
ORD00937,2024-09-21,C0177,P094,S001,1,350,170,0,350,0.0,350.0,180.0,Debit Card,Clothes Hanger Set,Home & Living,Rahul Kumar,Delhi,55+,Regular,FreshMart Delhi Central,Supermarket
ORD00938,2024-04-23,C0317,P026,S008,2,160,75,5,320,16.0,304.0,154.0,Credit Card,Dishwashing Liquid,Cleaning & Household,Aisha Gupta,Ahmedabad,45-54,Silver,FreshMart Ahmedabad,Supermarket
ORD00939,2025-06-06,C0145,P012,S006,1,180,80,20,180,36.0,144.0,64.0,Cash,Kitchen Towel,Kitchen Items,Kabir Singh,Pune,25-34,Regular,FreshMart Pune,Supermarket
ORD00940,2025-03-02,C0156,P012,S003,1,180,80,10,180,18.0,162.0,82.0,UPI,Kitchen Towel,Kitchen Items,Raj Verma,Bengaluru,25-34,Regular,FreshMart Bengaluru Hub,Hypermarket
ORD00941,2024-12-02,C0100,P065,S008,3,140,70,10,420,42.0,378.0,168.0,Wallet,Hand Wash,Personal Care,Pooja Mehta,Ahmedabad,25-34,Silver,FreshMart Ahmedabad,Supermarket
ORD00942,2024-09-25,C0140,P087,S006,1,700,400,0,700,0.0,700.0,300.0,UPI,Pillow,Home & Living,Priya Mehta,Pune,35-44,Silver,FreshMart Pune,Supermarket
ORD00943,2026-07-01,C0059,P031,S002,3,120,50,5,360,18.0,342.0,192.0,Credit Card,Cleaning Sponge Pack,Cleaning & Household,Isha Das,Mumbai,18-24,Regular,FreshMart Mumbai West,Supermarket
ORD00944,2026-05-15,C0304,P040,S008,3,55,42,5,165,8.25,156.75,30.75,Credit Card,Sugar 1kg,Groceries & Food,Isha Gupta,Ahmedabad,18-24,Regular,FreshMart Ahmedabad,Supermarket
ORD00945,2024-03-23,C0346,P047,S003,2,250,150,20,500,100.0,400.0,100.0,Debit Card,Tea Pack,Groceries & Food,Kavya Sharma,Bengaluru,18-24,Regular,FreshMart Bengaluru Hub,Hypermarket
ORD00946,2024-11-13,C0255,P053,S004,2,120,70,5,240,12.0,228.0,88.0,UPI,Green Tea Drink,Beverages,Arjun Das,Hyderabad,25-34,Silver,FreshMart Hyderabad,Supermarket
ORD00947,2024-06-11,C0223,P047,S008,4,250,150,5,1000,50.0,950.0,350.0,UPI,Tea Pack,Groceries & Food,Vivaan Kumar,Ahmedabad,18-24,Regular,FreshMart Ahmedabad,Supermarket
ORD00948,2025-09-07,C0242,P023,S007,3,220,100,5,660,33.0,627.0,327.0,UPI,Hand Towel,Bathroom Items,Aisha Mehta,Kolkata,18-24,Regular,FreshMart Kolkata,Supermarket
ORD00949,2024-06-05,C0376,P004,S002,4,1500,900,5,6000,300.0,5700.0,2100.0,Credit Card,Cooking Pot,Kitchen Items,Pooja Khan,Mumbai,35-44,Regular,FreshMart Mumbai West,Supermarket
ORD00950,2026-08-09,C0381,P043,S002,2,280,170,5,560,28.0,532.0,192.0,UPI,Breakfast Cereal,Groceries & Food,Aisha Sharma,Mumbai,45-54,Regular,FreshMart Mumbai West,Supermarket
ORD00951,2024-06-16,C0206,P029,S007,3,650,380,0,1950,0.0,1950.0,810.0,Debit Card,Mop,Cleaning & Household,Arjun Singh,Kolkata,55+,Regular,FreshMart Kolkata,Supermarket
ORD00952,2025-01-08,C0232,P046,S004,3,400,260,0,1200,0.0,1200.0,420.0,Credit Card,Honey,Groceries & Food,Rohan Das,Hyderabad,18-24,Gold,FreshMart Hyderabad,Supermarket
ORD00953,2025-10-04,C0121,P072,S002,2,120,60,10,240,24.0,216.0,96.0,Debit Card,Cotton Pads,Personal Care,Priya Gupta,Mumbai,25-34,Platinum,FreshMart Mumbai West,Supermarket
ORD00954,2025-01-18,C0324,P030,S007,1,180,80,0,180,0.0,180.0,100.0,Wallet,Garbage Bags,Cleaning & Household,Amit Das,Kolkata,25-34,Silver,FreshMart Kolkata,Supermarket
ORD00955,2024-08-05,C0269,P032,S001,1,200,95,0,200,0.0,200.0,105.0,UPI,Glass Cleaner,Cleaning & Household,Isha Sharma,Delhi,25-34,Regular,FreshMart Delhi Central,Supermarket
ORD00956,2026-09-04,C0006,P012,S006,2,180,80,0,360,0.0,360.0,200.0,Debit Card,Kitchen Towel,Kitchen Items,Rahul Mehta,Pune,35-44,Regular,FreshMart Pune,Supermarket
ORD00957,2026-09-23,C0372,P061,S008,1,350,200,10,350,35.0,315.0,115.0,Credit Card,Shampoo,Personal Care,Sneha Kumar,Ahmedabad,18-24,Silver,FreshMart Ahmedabad,Supermarket
ORD00958,2026-03-19,C0287,P053,S002,3,120,70,0,360,0.0,360.0,150.0,UPI,Green Tea Drink,Beverages,Kabir Verma,Mumbai,55+,Silver,FreshMart Mumbai West,Supermarket
ORD00959,2024-02-02,C0327,P035,S006,2,300,150,0,600,0.0,600.0,300.0,UPI,Bucket,Cleaning & Household,Vivaan Mehta,Pune,35-44,Silver,FreshMart Pune,Supermarket
ORD00960,2024-10-24,C0305,P037,S005,1,650,500,5,650,32.5,617.5,117.5,Debit Card,Basmati Rice 5kg,Groceries & Food,Amit Joshi,Chennai,45-54,Regular,FreshMart Chennai,Supermarket
ORD00961,2025-09-08,C0231,P034,S001,3,250,120,0,750,0.0,750.0,390.0,Credit Card,Disinfectant Spray,Cleaning & Household,Isha Sharma,Delhi,35-44,Regular,FreshMart Delhi Central,Supermarket
ORD00962,2024-11-08,C0243,P015,S002,1,350,180,5,350,17.5,332.5,152.5,UPI,Soap Dispenser,Bathroom Items,Kavya Verma,Mumbai,35-44,Silver,FreshMart Mumbai West,Supermarket
ORD00963,2025-05-11,C0327,P038,S006,1,300,220,5,300,15.0,285.0,65.0,Cash,Wheat Flour 5kg,Groceries & Food,Vivaan Mehta,Pune,35-44,Silver,FreshMart Pune,Supermarket
ORD00964,2024-01-17,C0028,P007,S001,1,450,220,10,450,45.0,405.0,185.0,Credit Card,Water Bottle,Kitchen Items,Rahul Khan,Delhi,55+,Regular,FreshMart Delhi Central,Supermarket
ORD00965,2026-10-12,C0253,P042,S002,2,90,55,5,180,9.0,171.0,61.0,UPI,Pasta,Groceries & Food,Riya Patel,Mumbai,45-54,Regular,FreshMart Mumbai West,Supermarket
ORD00966,2026-09-22,C0190,P042,S006,2,90,55,10,180,18.0,162.0,52.0,Wallet,Pasta,Groceries & Food,Rohan Khan,Pune,18-24,Gold,FreshMart Pune,Supermarket
ORD00967,2026-09-26,C0376,P087,S002,1,700,400,0,700,0.0,700.0,300.0,UPI,Pillow,Home & Living,Pooja Khan,Mumbai,35-44,Regular,FreshMart Mumbai West,Supermarket
ORD00968,2024-05-10,C0388,P055,S002,1,90,50,5,90,4.5,85.5,35.5,Cash,Cold Coffee,Beverages,Isha Das,Mumbai,25-34,Platinum,FreshMart Mumbai West,Supermarket
ORD00969,2025-12-11,C0188,P024,S006,1,180,85,0,180,0.0,180.0,95.0,Debit Card,Toothbrush Holder,Bathroom Items,Neha Sharma,Pune,45-54,Silver,FreshMart Pune,Supermarket
ORD00970,2026-06-16,C0198,P038,S001,1,300,220,0,300,0.0,300.0,80.0,Wallet,Wheat Flour 5kg,Groceries & Food,Vivaan Patel,Delhi,35-44,Regular,FreshMart Delhi Central,Supermarket
ORD00971,2026-08-17,C0060,P036,S003,1,200,90,0,200,0.0,200.0,110.0,Debit Card,Dustpan,Cleaning & Household,Pooja Kumar,Bengaluru,35-44,Gold,FreshMart Bengaluru Hub,Hypermarket
ORD00972,2026-01-07,C0109,P094,S004,3,350,170,10,1050,105.0,945.0,435.0,Cash,Clothes Hanger Set,Home & Living,Neha Khan,Hyderabad,45-54,Regular,FreshMart Hyderabad,Supermarket
ORD00973,2025-08-01,C0305,P057,S005,2,140,80,0,280,0.0,280.0,120.0,Credit Card,Mango Juice,Beverages,Amit Joshi,Chennai,45-54,Regular,FreshMart Chennai,Supermarket
ORD00974,2024-11-16,C0073,P016,S003,1,650,360,0,650,0.0,650.0,290.0,Wallet,Bathroom Mat,Bathroom Items,Amit Gupta,Bengaluru,45-54,Regular,FreshMart Bengaluru Hub,Hypermarket
ORD00975,2025-03-04,C0327,P027,S006,2,450,240,20,900,180.0,720.0,240.0,UPI,Laundry Detergent,Cleaning & Household,Vivaan Mehta,Pune,35-44,Silver,FreshMart Pune,Supermarket
ORD00976,2024-12-04,C0039,P026,S003,1,160,75,0,160,0.0,160.0,85.0,Credit Card,Dishwashing Liquid,Cleaning & Household,Karan Khan,Bengaluru,55+,Silver,FreshMart Bengaluru Hub,Hypermarket
ORD00977,2024-09-04,C0205,P057,S004,2,140,80,5,280,14.0,266.0,106.0,Wallet,Mango Juice,Beverages,Kavya Kumar,Hyderabad,45-54,Gold,FreshMart Hyderabad,Supermarket
ORD00978,2024-04-05,C0018,P066,S003,3,300,180,5,900,45.0,855.0,315.0,Cash,Face Wash,Personal Care,Sneha Joshi,Bengaluru,35-44,Regular,FreshMart Bengaluru Hub,Hypermarket
ORD00979,2026-11-21,C0383,P074,S008,1,850,600,0,850,0.0,850.0,250.0,Wallet,Cat Food,Pet Supplies,Aisha Das,Ahmedabad,35-44,Regular,FreshMart Ahmedabad,Supermarket
ORD00980,2024-08-15,C0091,P064,S006,5,80,35,10,400,40.0,360.0,185.0,Credit Card,Toothbrush,Personal Care,Kabir Khan,Pune,18-24,Gold,FreshMart Pune,Supermarket
ORD00981,2024-07-27,C0253,P081,S002,3,200,120,0,600,0.0,600.0,240.0,UPI,Bird Food,Pet Supplies,Riya Patel,Mumbai,45-54,Regular,FreshMart Mumbai West,Supermarket
ORD00982,2025-02-24,C0372,P058,S008,4,40,22,0,160,0.0,160.0,72.0,UPI,Soda Water,Beverages,Sneha Kumar,Ahmedabad,18-24,Silver,FreshMart Ahmedabad,Supermarket
ORD00983,2026-11-02,C0028,P041,S001,3,30,20,0,90,0.0,90.0,30.0,UPI,Salt 1kg,Groceries & Food,Rahul Khan,Delhi,55+,Regular,FreshMart Delhi Central,Supermarket
ORD00984,2024-09-08,C0313,P067,S006,3,450,280,0,1350,0.0,1350.0,510.0,Credit Card,Moisturizer,Personal Care,Amit Joshi,Pune,18-24,Regular,FreshMart Pune,Supermarket
ORD00985,2025-05-17,C0170,P061,S008,3,350,200,5,1050,52.5,997.5,397.5,UPI,Shampoo,Personal Care,Ananya Mehta,Ahmedabad,35-44,Silver,FreshMart Ahmedabad,Supermarket
ORD00986,2025-06-28,C0384,P021,S003,1,1000,600,10,1000,100.0,900.0,300.0,UPI,Laundry Basket,Bathroom Items,Arjun Mehta,Bengaluru,35-44,Silver,FreshMart Bengaluru Hub,Hypermarket
ORD00987,2024-11-06,C0073,P055,S003,2,90,50,10,180,18.0,162.0,62.0,UPI,Cold Coffee,Beverages,Amit Gupta,Bengaluru,45-54,Regular,FreshMart Bengaluru Hub,Hypermarket
ORD00988,2026-04-18,C0237,P042,S006,3,90,55,20,270,54.0,216.0,51.0,Credit Card,Pasta,Groceries & Food,Amit Das,Pune,18-24,Regular,FreshMart Pune,Supermarket
ORD00989,2024-03-01,C0035,P059,S001,1,100,55,10,100,10.0,90.0,35.0,Debit Card,Iced Tea,Beverages,Aditya Patel,Delhi,55+,Silver,FreshMart Delhi Central,Supermarket
ORD00990,2024-05-22,C0244,P046,S005,1,400,260,0,400,0.0,400.0,140.0,Wallet,Honey,Groceries & Food,Aditya Gupta,Chennai,55+,Silver,FreshMart Chennai,Supermarket
ORD00991,2024-05-05,C0031,P017,S003,1,250,130,0,250,0.0,250.0,120.0,Wallet,Toilet Brush,Bathroom Items,Aditya Khan,Bengaluru,25-34,Silver,FreshMart Bengaluru Hub,Hypermarket
ORD00992,2024-04-28,C0240,P022,S004,5,1500,950,20,7500,1500.0,6000.0,1250.0,Debit Card,Bathroom Scale,Bathroom Items,Arjun Joshi,Hyderabad,55+,Regular,FreshMart Hyderabad,Supermarket
ORD00993,2025-08-28,C0182,P076,S005,1,250,120,15,250,37.5,212.5,92.5,Debit Card,Dog Toy,Pet Supplies,Rohan Verma,Chennai,45-54,Regular,FreshMart Chennai,Supermarket
ORD00994,2025-10-04,C0203,P074,S005,1,850,600,0,850,0.0,850.0,250.0,Credit Card,Cat Food,Pet Supplies,Aarav Joshi,Chennai,55+,Regular,FreshMart Chennai,Supermarket
ORD00995,2026-04-07,C0129,P085,S008,1,1200,700,0,1200,0.0,1200.0,500.0,Credit Card,Table Lamp,Home & Living,Raj Das,Ahmedabad,45-54,Regular,FreshMart Ahmedabad,Supermarket
ORD00996,2026-06-24,C0264,P061,S002,2,350,200,15,700,105.0,595.0,195.0,Debit Card,Shampoo,Personal Care,Meera Das,Mumbai,18-24,Regular,FreshMart Mumbai West,Supermarket
ORD00997,2025-02-08,C0066,P042,S007,3,90,55,0,270,0.0,270.0,105.0,Credit Card,Pasta,Groceries & Food,Vivaan Verma,Kolkata,35-44,Regular,FreshMart Kolkata,Supermarket
ORD00998,2024-09-15,C0176,P039,S001,2,180,140,5,360,18.0,342.0,62.0,UPI,Cooking Oil 1L,Groceries & Food,Aisha Verma,Delhi,55+,Silver,FreshMart Delhi Central,Supermarket
ORD00999,2025-10-01,C0325,P038,S006,3,300,220,0,900,0.0,900.0,240.0,UPI,Wheat Flour 5kg,Groceries & Food,Aditya Khan,Pune,18-24,Platinum,FreshMart Pune,Supermarket
ORD01000,2025-06-13,C0331,P068,S003,1,250,140,10,250,25.0,225.0,85.0,Debit Card,Deodorant,Personal Care,Aisha Gupta,Bengaluru,18-24,Silver,FreshMart Bengaluru Hub,Hypermarket
ORD01001,2024-08-14,C0347,P090,S007,2,300,150,10,600,60.0,540.0,240.0,UPI,Photo Frame,Home & Living,Priya Patel,Kolkata,55+,Regular,FreshMart Kolkata,Supermarket
ORD01002,2024-09-10,C0313,P045,S006,1,350,220,10,350,35.0,315.0,95.0,UPI,Peanut Butter,Groceries & Food,Amit Joshi,Pune,18-24,Regular,FreshMart Pune,Supermarket
ORD01003,2024-01-11,C0241,P025,S008,2,220,110,20,440,88.0,352.0,132.0,Cash,Floor Cleaner,Cleaning & Household,Pooja Kumar,Ahmedabad,18-24,Regular,FreshMart Ahmedabad,Supermarket
ORD01004,2026-12-28,C0366,P093,S004,1,450,250,0,450,0.0,450.0,200.0,Debit Card,Doormat,Home & Living,Aditya Kumar,Hyderabad,55+,Regular,FreshMart Hyderabad,Supermarket
ORD01005,2024-10-13,C0382,P071,S006,2,180,100,0,360,0.0,360.0,160.0,UPI,Sanitary Pads,Personal Care,Amit Singh,Pune,18-24,Regular,FreshMart Pune,Supermarket
ORD01006,2026-01-09,C0323,P049,S007,2,30,15,0,60,0.0,60.0,30.0,Credit Card,Mineral Water,Beverages,Rohan Kumar,Kolkata,18-24,Silver,FreshMart Kolkata,Supermarket
ORD01007,2024-07-07,C0001,P048,S005,1,450,300,15,450,67.5,382.5,82.5,Credit Card,Coffee Pack,Groceries & Food,Arjun Sharma,Chennai,25-34,Regular,FreshMart Chennai,Supermarket
ORD01008,2026-01-26,C0377,P038,S008,2,300,220,0,600,0.0,600.0,160.0,Credit Card,Wheat Flour 5kg,Groceries & Food,Arjun Kumar,Ahmedabad,25-34,Regular,FreshMart Ahmedabad,Supermarket
ORD01009,2025-06-24,C0146,P070,S005,2,300,170,5,600,30.0,570.0,230.0,Wallet,Razor Pack,Personal Care,Riya Gupta,Chennai,18-24,Platinum,FreshMart Chennai,Supermarket
ORD01010,2026-09-29,C0386,P053,S006,2,120,70,0,240,0.0,240.0,100.0,UPI,Green Tea Drink,Beverages,Riya Singh,Pune,55+,Regular,FreshMart Pune,Supermarket
ORD01011,2026-09-19,C0289,P044,S006,2,120,70,0,240,0.0,240.0,100.0,Debit Card,Biscuits Pack,Groceries & Food,Meera Singh,Pune,55+,Regular,FreshMart Pune,Supermarket
ORD01012,2024-08-29,C0314,P075,S006,2,300,170,5,600,30.0,570.0,230.0,UPI,Pet Shampoo,Pet Supplies,Sneha Khan,Pune,25-34,Regular,FreshMart Pune,Supermarket
ORD01013,2026-01-26,C0200,P017,S003,4,250,130,0,1000,0.0,1000.0,480.0,Cash,Toilet Brush,Bathroom Items,Rahul Gupta,Bengaluru,18-24,Silver,FreshMart Bengaluru Hub,Hypermarket
ORD01014,2026-01-26,C0385,P017,S001,2,250,130,0,500,0.0,500.0,240.0,UPI,Toilet Brush,Bathroom Items,Sneha Patel,Delhi,45-54,Regular,FreshMart Delhi Central,Supermarket
ORD01015,2026-02-05,C0028,P039,S001,1,180,140,5,180,9.0,171.0,31.0,Debit Card,Cooking Oil 1L,Groceries & Food,Rahul Khan,Delhi,55+,Regular,FreshMart Delhi Central,Supermarket
ORD01016,2026-05-13,C0199,P020,S004,1,750,420,15,750,112.5,637.5,217.5,Cash,Shower Caddy,Bathroom Items,Neha Gupta,Hyderabad,55+,Regular,FreshMart Hyderabad,Supermarket
ORD01017,2026-09-28,C0388,P031,S002,1,120,50,5,120,6.0,114.0,64.0,UPI,Cleaning Sponge Pack,Cleaning & Household,Isha Das,Mumbai,25-34,Platinum,FreshMart Mumbai West,Supermarket
ORD01018,2026-09-12,C0022,P006,S003,2,650,350,5,1300,65.0,1235.0,535.0,Wallet,Mixer Bowl,Kitchen Items,Arjun Gupta,Bengaluru,45-54,Silver,FreshMart Bengaluru Hub,Hypermarket
ORD01019,2026-08-31,C0375,P063,S007,3,120,70,10,360,36.0,324.0,114.0,UPI,Toothpaste,Personal Care,Ananya Patel,Kolkata,25-34,Silver,FreshMart Kolkata,Supermarket
ORD01020,2026-08-01,C0199,P021,S004,3,1000,600,10,3000,300.0,2700.0,900.0,UPI,Laundry Basket,Bathroom Items,Neha Gupta,Hyderabad,55+,Regular,FreshMart Hyderabad,Supermarket
ORD01021,2024-07-01,C0375,P068,S007,3,250,140,10,750,75.0,675.0,255.0,Credit Card,Deodorant,Personal Care,Ananya Patel,Kolkata,25-34,Silver,FreshMart Kolkata,Supermarket
ORD01022,2026-03-20,C0385,P033,S001,1,280,140,0,280,0.0,280.0,140.0,Debit Card,Air Freshener,Cleaning & Household,Sneha Patel,Delhi,45-54,Regular,FreshMart Delhi Central,Supermarket
ORD01023,2025-07-22,C0172,P047,S002,2,250,150,15,500,75.0,425.0,125.0,Debit Card,Tea Pack,Groceries & Food,Raj Patel,Mumbai,45-54,Gold,FreshMart Mumbai West,Supermarket
ORD01024,2025-09-24,C0192,P054,S002,2,110,65,0,220,0.0,220.0,90.0,Credit Card,Energy Drink,Beverages,Neha Gupta,Mumbai,45-54,Silver,FreshMart Mumbai West,Supermarket
ORD01025,2024-04-18,C0047,P033,S004,4,280,140,5,1120,56.0,1064.0,504.0,Debit Card,Air Freshener,Cleaning & Household,Aisha Joshi,Hyderabad,45-54,Gold,FreshMart Hyderabad,Supermarket
ORD01026,2024-02-08,C0033,P048,S004,1,450,300,15,450,67.5,382.5,82.5,UPI,Coffee Pack,Groceries & Food,Neha Singh,Hyderabad,35-44,Regular,FreshMart Hyderabad,Supermarket
ORD01027,2025-02-25,C0099,P010,S006,1,250,110,10,250,25.0,225.0,115.0,Cash,Coffee Mug,Kitchen Items,Riya Das,Pune,45-54,Silver,FreshMart Pune,Supermarket
ORD01028,2026-12-28,C0293,P044,S007,1,120,70,0,120,0.0,120.0,50.0,Cash,Biscuits Pack,Groceries & Food,Kabir Mehta,Kolkata,35-44,Silver,FreshMart Kolkata,Supermarket
ORD01029,2026-06-14,C0037,P007,S002,1,450,220,0,450,0.0,450.0,230.0,Credit Card,Water Bottle,Kitchen Items,Vivaan Singh,Mumbai,18-24,Gold,FreshMart Mumbai West,Supermarket
ORD01030,2024-07-05,C0124,P044,S005,1,120,70,0,120,0.0,120.0,50.0,UPI,Biscuits Pack,Groceries & Food,Amit Verma,Chennai,55+,Gold,FreshMart Chennai,Supermarket
ORD01031,2025-06-07,C0147,P018,S003,3,1200,700,0,3600,0.0,3600.0,1500.0,Wallet,Mirror,Bathroom Items,Riya Kumar,Bengaluru,45-54,Regular,FreshMart Bengaluru Hub,Hypermarket
ORD01032,2024-04-30,C0007,P053,S002,2,120,70,0,240,0.0,240.0,100.0,UPI,Green Tea Drink,Beverages,Ananya Verma,Mumbai,45-54,Regular,FreshMart Mumbai West,Supermarket
ORD01033,2026-03-09,C0279,P007,S002,1,450,220,0,450,0.0,450.0,230.0,Cash,Water Bottle,Kitchen Items,Rahul Verma,Mumbai,55+,Regular,FreshMart Mumbai West,Supermarket
ORD01034,2024-09-04,C0256,P036,S006,1,200,90,0,200,0.0,200.0,110.0,Credit Card,Dustpan,Cleaning & Household,Amit Verma,Pune,55+,Regular,FreshMart Pune,Supermarket
ORD01035,2026-11-07,C0287,P029,S002,1,650,380,0,650,0.0,650.0,270.0,UPI,Mop,Cleaning & Household,Kabir Verma,Mumbai,55+,Silver,FreshMart Mumbai West,Supermarket
ORD01036,2026-04-13,C0300,P048,S004,1,450,300,0,450,0.0,450.0,150.0,Debit Card,Coffee Pack,Groceries & Food,Ananya Joshi,Hyderabad,25-34,Platinum,FreshMart Hyderabad,Supermarket
ORD01037,2024-02-08,C0294,P092,S002,1,1800,1100,20,1800,360.0,1440.0,340.0,Debit Card,Curtain Set,Home & Living,Vivaan Patel,Mumbai,35-44,Regular,FreshMart Mumbai West,Supermarket
ORD01038,2024-09-14,C0031,P028,S003,1,350,180,0,350,0.0,350.0,170.0,UPI,Broom,Cleaning & Household,Aditya Khan,Bengaluru,25-34,Silver,FreshMart Bengaluru Hub,Hypermarket
ORD01039,2025-02-20,C0230,P060,S002,3,70,40,0,210,0.0,210.0,90.0,Credit Card,Coconut Water,Beverages,Arjun Joshi,Mumbai,25-34,Silver,FreshMart Mumbai West,Supermarket
ORD01040,2025-05-17,C0055,P015,S002,2,350,180,0,700,0.0,700.0,340.0,Wallet,Soap Dispenser,Bathroom Items,Isha Sharma,Mumbai,45-54,Silver,FreshMart Mumbai West,Supermarket
ORD01041,2024-01-03,C0109,P039,S004,3,180,140,20,540,108.0,432.0,12.0,Debit Card,Cooking Oil 1L,Groceries & Food,Neha Khan,Hyderabad,45-54,Regular,FreshMart Hyderabad,Supermarket
ORD01042,2024-12-01,C0254,P060,S005,1,70,40,0,70,0.0,70.0,30.0,Debit Card,Coconut Water,Beverages,Neha Sharma,Chennai,55+,Regular,FreshMart Chennai,Supermarket
ORD01043,2025-03-11,C0198,P093,S001,2,450,250,5,900,45.0,855.0,355.0,UPI,Doormat,Home & Living,Vivaan Patel,Delhi,35-44,Regular,FreshMart Delhi Central,Supermarket
ORD01044,2024-05-23,C0166,P064,S001,1,80,35,0,80,0.0,80.0,45.0,UPI,Toothbrush,Personal Care,Meera Das,Delhi,35-44,Silver,FreshMart Delhi Central,Supermarket
ORD01045,2025-07-26,C0161,P013,S003,3,500,280,0,1500,0.0,1500.0,660.0,Credit Card,Bath Towel,Bathroom Items,Rohan Kumar,Bengaluru,18-24,Regular,FreshMart Bengaluru Hub,Hypermarket
ORD01046,2025-12-02,C0136,P066,S007,5,300,180,10,1500,150.0,1350.0,450.0,UPI,Face Wash,Personal Care,Aditya Singh,Kolkata,45-54,Silver,FreshMart Kolkata,Supermarket
ORD01047,2025-10-20,C0172,P051,S002,2,160,95,5,320,16.0,304.0,114.0,UPI,Apple Juice,Beverages,Raj Patel,Mumbai,45-54,Gold,FreshMart Mumbai West,Supermarket
ORD01048,2024-01-05,C0334,P059,S005,2,100,55,0,200,0.0,200.0,90.0,UPI,Iced Tea,Beverages,Riya Joshi,Chennai,18-24,Silver,FreshMart Chennai,Supermarket
ORD01049,2026-09-28,C0054,P018,S002,3,1200,700,5,3600,180.0,3420.0,1320.0,Debit Card,Mirror,Bathroom Items,Amit Mehta,Mumbai,55+,Regular,FreshMart Mumbai West,Supermarket
ORD01050,2024-06-07,C0095,P049,S007,2,30,15,15,60,9.0,51.0,21.0,Cash,Mineral Water,Beverages,Sneha Joshi,Kolkata,25-34,Regular,FreshMart Kolkata,Supermarket
ORD01051,2024-09-09,C0022,P040,S003,1,55,42,10,55,5.5,49.5,7.5,Cash,Sugar 1kg,Groceries & Food,Arjun Gupta,Bengaluru,45-54,Silver,FreshMart Bengaluru Hub,Hypermarket
ORD01052,2024-12-28,C0076,P044,S005,3,120,70,20,360,72.0,288.0,78.0,UPI,Biscuits Pack,Groceries & Food,Kavya Patel,Chennai,25-34,Regular,FreshMart Chennai,Supermarket
ORD01053,2025-01-30,C0131,P037,S008,1,650,500,0,650,0.0,650.0,150.0,UPI,Basmati Rice 5kg,Groceries & Food,Aditya Kumar,Ahmedabad,25-34,Silver,FreshMart Ahmedabad,Supermarket
ORD01054,2026-01-02,C0288,P027,S001,1,450,240,10,450,45.0,405.0,165.0,Debit Card,Laundry Detergent,Cleaning & Household,Sneha Joshi,Delhi,45-54,Gold,FreshMart Delhi Central,Supermarket
ORD01055,2025-03-28,C0307,P064,S008,1,80,35,5,80,4.0,76.0,41.0,UPI,Toothbrush,Personal Care,Meera Joshi,Ahmedabad,35-44,Silver,FreshMart Ahmedabad,Supermarket
ORD01056,2025-03-04,C0161,P025,S003,1,220,110,20,220,44.0,176.0,66.0,Debit Card,Floor Cleaner,Cleaning & Household,Rohan Kumar,Bengaluru,18-24,Regular,FreshMart Bengaluru Hub,Hypermarket
ORD01057,2025-07-22,C0389,P013,S006,2,500,280,5,1000,50.0,950.0,390.0,Credit Card,Bath Towel,Bathroom Items,Sneha Patel,Pune,55+,Gold,FreshMart Pune,Supermarket
ORD01058,2024-10-17,C0177,P055,S001,2,90,50,0,180,0.0,180.0,80.0,Wallet,Cold Coffee,Beverages,Rahul Kumar,Delhi,55+,Regular,FreshMart Delhi Central,Supermarket
ORD01059,2026-12-07,C0091,P076,S006,1,250,120,10,250,25.0,225.0,105.0,UPI,Dog Toy,Pet Supplies,Kabir Khan,Pune,18-24,Gold,FreshMart Pune,Supermarket
ORD01060,2026-12-27,C0246,P089,S007,2,800,450,15,1600,240.0,1360.0,460.0,UPI,Wall Clock,Home & Living,Kavya Khan,Kolkata,18-24,Silver,FreshMart Kolkata,Supermarket
ORD01061,2024-04-16,C0292,P038,S003,3,300,220,0,900,0.0,900.0,240.0,Cash,Wheat Flour 5kg,Groceries & Food,Kavya Joshi,Bengaluru,35-44,Regular,FreshMart Bengaluru Hub,Hypermarket
ORD01062,2024-09-06,C0276,P040,S008,2,55,42,5,110,5.5,104.5,20.5,UPI,Sugar 1kg,Groceries & Food,Ananya Gupta,Ahmedabad,35-44,Regular,FreshMart Ahmedabad,Supermarket
ORD01063,2025-04-04,C0397,P063,S008,1,120,70,15,120,18.0,102.0,32.0,Credit Card,Toothpaste,Personal Care,Aarav Das,Ahmedabad,35-44,Platinum,FreshMart Ahmedabad,Supermarket
ORD01064,2026-03-13,C0162,P031,S005,1,120,50,0,120,0.0,120.0,70.0,Credit Card,Cleaning Sponge Pack,Cleaning & Household,Kabir Das,Chennai,45-54,Regular,FreshMart Chennai,Supermarket
ORD01065,2025-04-07,C0036,P006,S001,5,650,350,0,3250,0.0,3250.0,1500.0,UPI,Mixer Bowl,Kitchen Items,Meera Singh,Delhi,18-24,Silver,FreshMart Delhi Central,Supermarket
ORD01066,2024-12-02,C0172,P027,S002,1,450,240,5,450,22.5,427.5,187.5,UPI,Laundry Detergent,Cleaning & Household,Raj Patel,Mumbai,45-54,Gold,FreshMart Mumbai West,Supermarket
ORD01067,2024-02-19,C0170,P043,S008,2,280,170,5,560,28.0,532.0,192.0,UPI,Breakfast Cereal,Groceries & Food,Ananya Mehta,Ahmedabad,35-44,Silver,FreshMart Ahmedabad,Supermarket
ORD01068,2024-08-08,C0223,P035,S008,2,300,150,20,600,120.0,480.0,180.0,Cash,Bucket,Cleaning & Household,Vivaan Kumar,Ahmedabad,18-24,Regular,FreshMart Ahmedabad,Supermarket
ORD01069,2026-11-30,C0141,P070,S005,4,300,170,10,1200,120.0,1080.0,400.0,Credit Card,Razor Pack,Personal Care,Raj Kumar,Chennai,25-34,Regular,FreshMart Chennai,Supermarket
ORD01070,2026-07-03,C0339,P068,S002,2,250,140,0,500,0.0,500.0,220.0,UPI,Deodorant,Personal Care,Aditya Mehta,Mumbai,45-54,Silver,FreshMart Mumbai West,Supermarket
ORD01071,2025-10-03,C0126,P007,S006,2,450,220,10,900,90.0,810.0,370.0,UPI,Water Bottle,Kitchen Items,Priya Verma,Pune,18-24,Gold,FreshMart Pune,Supermarket
ORD01072,2024-04-22,C0173,P062,S008,1,280,160,5,280,14.0,266.0,106.0,UPI,Body Wash,Personal Care,Aarav Khan,Ahmedabad,45-54,Regular,FreshMart Ahmedabad,Supermarket
ORD01073,2024-04-16,C0382,P053,S006,1,120,70,0,120,0.0,120.0,50.0,UPI,Green Tea Drink,Beverages,Amit Singh,Pune,18-24,Regular,FreshMart Pune,Supermarket
ORD01074,2025-04-22,C0365,P068,S006,3,250,140,10,750,75.0,675.0,255.0,Debit Card,Deodorant,Personal Care,Ananya Singh,Pune,55+,Gold,FreshMart Pune,Supermarket
ORD01075,2026-08-08,C0128,P047,S007,3,250,150,15,750,112.5,637.5,187.5,Credit Card,Tea Pack,Groceries & Food,Kavya Gupta,Kolkata,25-34,Silver,FreshMart Kolkata,Supermarket
ORD01076,2024-02-23,C0038,P027,S004,2,450,240,0,900,0.0,900.0,420.0,UPI,Laundry Detergent,Cleaning & Household,Aditya Khan,Hyderabad,35-44,Silver,FreshMart Hyderabad,Supermarket
ORD01077,2024-05-18,C0372,P014,S008,2,700,380,10,1400,140.0,1260.0,500.0,Wallet,Shower Curtain,Bathroom Items,Sneha Kumar,Ahmedabad,18-24,Silver,FreshMart Ahmedabad,Supermarket
ORD01078,2026-11-08,C0086,P023,S003,1,220,100,10,220,22.0,198.0,98.0,Credit Card,Hand Towel,Bathroom Items,Kabir Khan,Bengaluru,25-34,Regular,FreshMart Bengaluru Hub,Hypermarket
ORD01079,2024-03-31,C0363,P032,S007,1,200,95,0,200,0.0,200.0,105.0,Credit Card,Glass Cleaner,Cleaning & Household,Rahul Gupta,Kolkata,55+,Gold,FreshMart Kolkata,Supermarket
ORD01080,2026-01-02,C0076,P093,S005,1,450,250,15,450,67.5,382.5,132.5,Debit Card,Doormat,Home & Living,Kavya Patel,Chennai,25-34,Regular,FreshMart Chennai,Supermarket
ORD01081,2025-09-24,C0183,P020,S001,2,750,420,0,1500,0.0,1500.0,660.0,Wallet,Shower Caddy,Bathroom Items,Pooja Kumar,Delhi,35-44,Silver,FreshMart Delhi Central,Supermarket
ORD01082,2024-12-04,C0286,P048,S001,3,450,300,5,1350,67.5,1282.5,382.5,UPI,Coffee Pack,Groceries & Food,Kavya Joshi,Delhi,18-24,Regular,FreshMart Delhi Central,Supermarket
ORD01083,2025-02-14,C0254,P045,S005,2,350,220,0,700,0.0,700.0,260.0,UPI,Peanut Butter,Groceries & Food,Neha Sharma,Chennai,55+,Regular,FreshMart Chennai,Supermarket
ORD01084,2026-09-01,C0007,P028,S002,2,350,180,20,700,140.0,560.0,200.0,Credit Card,Broom,Cleaning & Household,Ananya Verma,Mumbai,45-54,Regular,FreshMart Mumbai West,Supermarket
ORD01085,2025-11-18,C0302,P032,S001,1,200,95,0,200,0.0,200.0,105.0,Credit Card,Glass Cleaner,Cleaning & Household,Riya Khan,Delhi,35-44,Gold,FreshMart Delhi Central,Supermarket
ORD01086,2024-03-27,C0142,P066,S002,2,300,180,15,600,90.0,510.0,150.0,Debit Card,Face Wash,Personal Care,Karan Patel,Mumbai,55+,Platinum,FreshMart Mumbai West,Supermarket
ORD01087,2026-08-13,C0264,P049,S002,2,30,15,0,60,0.0,60.0,30.0,Debit Card,Mineral Water,Beverages,Meera Das,Mumbai,18-24,Regular,FreshMart Mumbai West,Supermarket
ORD01088,2025-11-09,C0082,P094,S001,1,350,170,0,350,0.0,350.0,180.0,Cash,Clothes Hanger Set,Home & Living,Karan Kumar,Delhi,45-54,Regular,FreshMart Delhi Central,Supermarket
ORD01089,2024-01-21,C0177,P007,S001,1,450,220,0,450,0.0,450.0,230.0,UPI,Water Bottle,Kitchen Items,Rahul Kumar,Delhi,55+,Regular,FreshMart Delhi Central,Supermarket
ORD01090,2025-02-02,C0005,P036,S005,2,200,90,15,400,60.0,340.0,160.0,UPI,Dustpan,Cleaning & Household,Kavya Das,Chennai,18-24,Silver,FreshMart Chennai,Supermarket
ORD01091,2025-02-11,C0172,P089,S002,1,800,450,0,800,0.0,800.0,350.0,Cash,Wall Clock,Home & Living,Raj Patel,Mumbai,45-54,Gold,FreshMart Mumbai West,Supermarket
ORD01092,2025-11-26,C0181,P072,S004,1,120,60,0,120,0.0,120.0,60.0,UPI,Cotton Pads,Personal Care,Rohan Mehta,Hyderabad,55+,Regular,FreshMart Hyderabad,Supermarket
ORD01093,2024-07-26,C0287,P025,S002,1,220,110,10,220,22.0,198.0,88.0,UPI,Floor Cleaner,Cleaning & Household,Kabir Verma,Mumbai,55+,Silver,FreshMart Mumbai West,Supermarket
ORD01094,2024-08-15,C0288,P070,S001,1,300,170,0,300,0.0,300.0,130.0,Credit Card,Razor Pack,Personal Care,Sneha Joshi,Delhi,45-54,Gold,FreshMart Delhi Central,Supermarket
ORD01095,2026-02-01,C0108,P045,S005,2,350,220,15,700,105.0,595.0,155.0,Wallet,Peanut Butter,Groceries & Food,Aarav Patel,Chennai,45-54,Gold,FreshMart Chennai,Supermarket
ORD01096,2026-06-07,C0198,P086,S001,3,1500,900,0,4500,0.0,4500.0,1800.0,UPI,Bed Sheet,Home & Living,Vivaan Patel,Delhi,35-44,Regular,FreshMart Delhi Central,Supermarket
ORD01097,2025-01-23,C0047,P085,S004,1,1200,700,0,1200,0.0,1200.0,500.0,UPI,Table Lamp,Home & Living,Aisha Joshi,Hyderabad,45-54,Gold,FreshMart Hyderabad,Supermarket
ORD01098,2025-05-15,C0061,P059,S005,4,100,55,10,400,40.0,360.0,140.0,Credit Card,Iced Tea,Beverages,Amit Patel,Chennai,25-34,Regular,FreshMart Chennai,Supermarket
ORD01099,2025-08-25,C0205,P073,S004,3,900,650,0,2700,0.0,2700.0,750.0,UPI,Dog Food,Pet Supplies,Kavya Kumar,Hyderabad,45-54,Gold,FreshMart Hyderabad,Supermarket
ORD01100,2024-09-15,C0004,P064,S004,3,80,35,20,240,48.0,192.0,87.0,Cash,Toothbrush,Personal Care,Aarav Khan,Hyderabad,55+,Regular,FreshMart Hyderabad,Supermarket
ORD01101,2024-06-15,C0268,P026,S005,3,160,75,10,480,48.0,432.0,207.0,Credit Card,Dishwashing Liquid,Cleaning & Household,Meera Joshi,Chennai,18-24,Regular,FreshMart Chennai,Supermarket
ORD01102,2026-03-05,C0062,P015,S001,3,350,180,5,1050,52.5,997.5,457.5,Credit Card,Soap Dispenser,Bathroom Items,Riya Kumar,Delhi,55+,Regular,FreshMart Delhi Central,Supermarket
ORD01103,2026-08-08,C0246,P045,S007,1,350,220,10,350,35.0,315.0,95.0,Credit Card,Peanut Butter,Groceries & Food,Kavya Khan,Kolkata,18-24,Silver,FreshMart Kolkata,Supermarket
ORD01104,2026-10-10,C0107,P038,S001,2,300,220,5,600,30.0,570.0,130.0,Debit Card,Wheat Flour 5kg,Groceries & Food,Neha Mehta,Delhi,55+,Regular,FreshMart Delhi Central,Supermarket
ORD01105,2025-02-28,C0101,P057,S005,1,140,80,0,140,0.0,140.0,60.0,Cash,Mango Juice,Beverages,Aisha Joshi,Chennai,25-34,Gold,FreshMart Chennai,Supermarket
ORD01106,2025-09-18,C0064,P040,S005,1,55,42,0,55,0.0,55.0,13.0,UPI,Sugar 1kg,Groceries & Food,Riya Gupta,Chennai,35-44,Silver,FreshMart Chennai,Supermarket
ORD01107,2025-06-05,C0156,P074,S003,2,850,600,0,1700,0.0,1700.0,500.0,UPI,Cat Food,Pet Supplies,Raj Verma,Bengaluru,25-34,Regular,FreshMart Bengaluru Hub,Hypermarket
ORD01108,2025-12-21,C0391,P038,S006,1,300,220,5,300,15.0,285.0,65.0,UPI,Wheat Flour 5kg,Groceries & Food,Vivaan Gupta,Pune,45-54,Regular,FreshMart Pune,Supermarket
ORD01109,2026-06-04,C0081,P040,S002,1,55,42,10,55,5.5,49.5,7.5,UPI,Sugar 1kg,Groceries & Food,Ananya Mehta,Mumbai,45-54,Gold,FreshMart Mumbai West,Supermarket
ORD01110,2025-01-02,C0014,P044,S004,1,120,70,0,120,0.0,120.0,50.0,UPI,Biscuits Pack,Groceries & Food,Rahul Khan,Hyderabad,25-34,Regular,FreshMart Hyderabad,Supermarket
ORD01111,2025-08-26,C0277,P092,S007,3,1800,1100,5,5400,270.0,5130.0,1830.0,Debit Card,Curtain Set,Home & Living,Arjun Singh,Kolkata,55+,Regular,FreshMart Kolkata,Supermarket
ORD01112,2025-04-11,C0400,P063,S002,1,120,70,0,120,0.0,120.0,50.0,UPI,Toothpaste,Personal Care,Amit Sharma,Mumbai,25-34,Regular,FreshMart Mumbai West,Supermarket
ORD01113,2025-02-06,C0115,P031,S006,2,120,50,0,240,0.0,240.0,140.0,Debit Card,Cleaning Sponge Pack,Cleaning & Household,Kavya Patel,Pune,45-54,Regular,FreshMart Pune,Supermarket
ORD01114,2025-07-16,C0268,P064,S005,1,80,35,5,80,4.0,76.0,41.0,UPI,Toothbrush,Personal Care,Meera Joshi,Chennai,18-24,Regular,FreshMart Chennai,Supermarket
ORD01115,2025-06-18,C0107,P084,S001,1,180,90,0,180,0.0,180.0,90.0,Cash,Pet Comb,Pet Supplies,Neha Mehta,Delhi,55+,Regular,FreshMart Delhi Central,Supermarket
ORD01116,2026-04-07,C0002,P064,S002,4,80,35,10,320,32.0,288.0,148.0,Debit Card,Toothbrush,Personal Care,Arjun Khan,Mumbai,55+,Regular,FreshMart Mumbai West,Supermarket
ORD01117,2026-11-15,C0275,P001,S002,4,1200,750,15,4800,720.0,4080.0,1080.0,UPI,Frying Pan,Kitchen Items,Neha Kumar,Mumbai,45-54,Regular,FreshMart Mumbai West,Supermarket
ORD01118,2025-03-05,C0360,P070,S007,2,300,170,5,600,30.0,570.0,230.0,Debit Card,Razor Pack,Personal Care,Aisha Khan,Kolkata,45-54,Gold,FreshMart Kolkata,Supermarket
ORD01119,2026-08-02,C0017,P068,S006,1,250,140,0,250,0.0,250.0,110.0,Cash,Deodorant,Personal Care,Aditya Singh,Pune,25-34,Silver,FreshMart Pune,Supermarket
ORD01120,2026-05-05,C0295,P040,S005,1,55,42,0,55,0.0,55.0,13.0,Credit Card,Sugar 1kg,Groceries & Food,Sneha Kumar,Chennai,55+,Gold,FreshMart Chennai,Supermarket
ORD01121,2024-09-19,C0189,P047,S003,1,250,150,10,250,25.0,225.0,75.0,Credit Card,Tea Pack,Groceries & Food,Sneha Mehta,Bengaluru,45-54,Platinum,FreshMart Bengaluru Hub,Hypermarket
ORD01122,2025-12-27,C0033,P060,S004,1,70,40,10,70,7.0,63.0,23.0,Credit Card,Coconut Water,Beverages,Neha Singh,Hyderabad,35-44,Regular,FreshMart Hyderabad,Supermarket
ORD01123,2025-09-05,C0241,P068,S008,1,250,140,0,250,0.0,250.0,110.0,Debit Card,Deodorant,Personal Care,Pooja Kumar,Ahmedabad,18-24,Regular,FreshMart Ahmedabad,Supermarket
ORD01124,2024-11-10,C0330,P088,S003,5,2000,1300,5,10000,500.0,9500.0,3000.0,Debit Card,Blanket,Home & Living,Riya Patel,Bengaluru,45-54,Platinum,FreshMart Bengaluru Hub,Hypermarket
ORD01125,2026-03-11,C0098,P087,S003,5,700,400,0,3500,0.0,3500.0,1500.0,UPI,Pillow,Home & Living,Arjun Joshi,Bengaluru,45-54,Silver,FreshMart Bengaluru Hub,Hypermarket
ORD01126,2025-01-20,C0159,P041,S002,2,30,20,0,60,0.0,60.0,20.0,Wallet,Salt 1kg,Groceries & Food,Kabir Joshi,Mumbai,25-34,Gold,FreshMart Mumbai West,Supermarket
ORD01127,2025-09-15,C0148,P050,S005,1,150,90,0,150,0.0,150.0,60.0,Credit Card,Orange Juice,Beverages,Aarav Das,Chennai,45-54,Regular,FreshMart Chennai,Supermarket
ORD01128,2026-09-27,C0197,P008,S003,1,600,320,0,600,0.0,600.0,280.0,Wallet,Lunch Box,Kitchen Items,Arjun Joshi,Bengaluru,35-44,Gold,FreshMart Bengaluru Hub,Hypermarket
ORD01129,2025-02-25,C0230,P040,S002,1,55,42,10,55,5.5,49.5,7.5,UPI,Sugar 1kg,Groceries & Food,Arjun Joshi,Mumbai,25-34,Silver,FreshMart Mumbai West,Supermarket
ORD01130,2026-11-11,C0331,P004,S003,3,1500,900,0,4500,0.0,4500.0,1800.0,UPI,Cooking Pot,Kitchen Items,Aisha Gupta,Bengaluru,18-24,Silver,FreshMart Bengaluru Hub,Hypermarket
ORD01131,2026-05-06,C0098,P017,S003,2,250,130,0,500,0.0,500.0,240.0,Wallet,Toilet Brush,Bathroom Items,Arjun Joshi,Bengaluru,45-54,Silver,FreshMart Bengaluru Hub,Hypermarket
ORD01132,2024-09-23,C0381,P077,S002,3,220,100,0,660,0.0,660.0,360.0,Cash,Cat Toy,Pet Supplies,Aisha Sharma,Mumbai,45-54,Regular,FreshMart Mumbai West,Supermarket
ORD01133,2024-11-21,C0034,P050,S008,4,150,90,5,600,30.0,570.0,210.0,Credit Card,Orange Juice,Beverages,Priya Joshi,Ahmedabad,18-24,Regular,FreshMart Ahmedabad,Supermarket
ORD01134,2025-07-18,C0143,P060,S004,1,70,40,20,70,14.0,56.0,16.0,Credit Card,Coconut Water,Beverages,Rahul Singh,Hyderabad,45-54,Regular,FreshMart Hyderabad,Supermarket
ORD01135,2025-05-20,C0202,P062,S008,2,280,160,15,560,84.0,476.0,156.0,Cash,Body Wash,Personal Care,Rohan Singh,Ahmedabad,35-44,Regular,FreshMart Ahmedabad,Supermarket
ORD01136,2024-03-21,C0106,P043,S007,2,280,170,0,560,0.0,560.0,220.0,Cash,Breakfast Cereal,Groceries & Food,Riya Joshi,Kolkata,18-24,Regular,FreshMart Kolkata,Supermarket
ORD01137,2025-09-01,C0022,P038,S003,1,300,220,10,300,30.0,270.0,50.0,Cash,Wheat Flour 5kg,Groceries & Food,Arjun Gupta,Bengaluru,45-54,Silver,FreshMart Bengaluru Hub,Hypermarket
ORD01138,2025-01-02,C0143,P042,S004,3,90,55,10,270,27.0,243.0,78.0,Credit Card,Pasta,Groceries & Food,Rahul Singh,Hyderabad,45-54,Regular,FreshMart Hyderabad,Supermarket
ORD01139,2025-01-10,C0372,P090,S008,2,300,150,0,600,0.0,600.0,300.0,Debit Card,Photo Frame,Home & Living,Sneha Kumar,Ahmedabad,18-24,Silver,FreshMart Ahmedabad,Supermarket
ORD01140,2024-11-19,C0145,P008,S006,2,600,320,0,1200,0.0,1200.0,560.0,Wallet,Lunch Box,Kitchen Items,Kabir Singh,Pune,25-34,Regular,FreshMart Pune,Supermarket
ORD01141,2025-03-20,C0228,P058,S006,4,40,22,0,160,0.0,160.0,72.0,Debit Card,Soda Water,Beverages,Priya Verma,Pune,55+,Gold,FreshMart Pune,Supermarket
ORD01142,2026-01-25,C0303,P013,S007,1,500,280,0,500,0.0,500.0,220.0,Debit Card,Bath Towel,Bathroom Items,Isha Gupta,Kolkata,25-34,Regular,FreshMart Kolkata,Supermarket
ORD01143,2026-07-12,C0241,P031,S008,1,120,50,0,120,0.0,120.0,70.0,UPI,Cleaning Sponge Pack,Cleaning & Household,Pooja Kumar,Ahmedabad,18-24,Regular,FreshMart Ahmedabad,Supermarket
ORD01144,2026-08-03,C0367,P003,S002,1,350,180,10,350,35.0,315.0,135.0,Cash,Cutting Board,Kitchen Items,Kabir Das,Mumbai,55+,Silver,FreshMart Mumbai West,Supermarket
ORD01145,2024-01-22,C0200,P048,S003,1,450,300,10,450,45.0,405.0,105.0,UPI,Coffee Pack,Groceries & Food,Rahul Gupta,Bengaluru,18-24,Silver,FreshMart Bengaluru Hub,Hypermarket
ORD01146,2026-08-08,C0144,P060,S005,2,70,40,0,140,0.0,140.0,60.0,Credit Card,Coconut Water,Beverages,Meera Khan,Chennai,18-24,Gold,FreshMart Chennai,Supermarket
ORD01147,2026-06-15,C0007,P028,S002,1,350,180,10,350,35.0,315.0,135.0,Cash,Broom,Cleaning & Household,Ananya Verma,Mumbai,45-54,Regular,FreshMart Mumbai West,Supermarket
ORD01148,2024-02-06,C0068,P018,S001,2,1200,700,0,2400,0.0,2400.0,1000.0,UPI,Mirror,Bathroom Items,Riya Mehta,Delhi,18-24,Regular,FreshMart Delhi Central,Supermarket
ORD01149,2024-10-02,C0248,P069,S006,2,220,120,0,440,0.0,440.0,200.0,UPI,Hair Oil,Personal Care,Amit Mehta,Pune,45-54,Regular,FreshMart Pune,Supermarket
ORD01150,2024-03-11,C0018,P033,S003,3,280,140,5,840,42.0,798.0,378.0,Credit Card,Air Freshener,Cleaning & Household,Sneha Joshi,Bengaluru,35-44,Regular,FreshMart Bengaluru Hub,Hypermarket
ORD01151,2026-12-06,C0112,P012,S007,2,180,80,15,360,54.0,306.0,146.0,UPI,Kitchen Towel,Kitchen Items,Riya Sharma,Kolkata,55+,Silver,FreshMart Kolkata,Supermarket
ORD01152,2024-04-17,C0198,P036,S001,2,200,90,0,400,0.0,400.0,220.0,UPI,Dustpan,Cleaning & Household,Vivaan Patel,Delhi,35-44,Regular,FreshMart Delhi Central,Supermarket
ORD01153,2025-05-26,C0365,P027,S006,1,450,240,0,450,0.0,450.0,210.0,UPI,Laundry Detergent,Cleaning & Household,Ananya Singh,Pune,55+,Gold,FreshMart Pune,Supermarket
ORD01154,2024-01-30,C0014,P045,S004,1,350,220,0,350,0.0,350.0,130.0,Debit Card,Peanut Butter,Groceries & Food,Rahul Khan,Hyderabad,25-34,Regular,FreshMart Hyderabad,Supermarket
ORD01155,2024-07-16,C0207,P033,S001,3,280,140,10,840,84.0,756.0,336.0,UPI,Air Freshener,Cleaning & Household,Kabir Kumar,Delhi,45-54,Regular,FreshMart Delhi Central,Supermarket
ORD01156,2026-05-01,C0350,P016,S004,2,650,360,10,1300,130.0,1170.0,450.0,UPI,Bathroom Mat,Bathroom Items,Ananya Kumar,Hyderabad,18-24,Regular,FreshMart Hyderabad,Supermarket
ORD01157,2025-02-28,C0387,P055,S008,4,90,50,0,360,0.0,360.0,160.0,Credit Card,Cold Coffee,Beverages,Sneha Khan,Ahmedabad,55+,Regular,FreshMart Ahmedabad,Supermarket
ORD01158,2024-08-04,C0057,P028,S005,1,350,180,0,350,0.0,350.0,170.0,Credit Card,Broom,Cleaning & Household,Ananya Singh,Chennai,45-54,Regular,FreshMart Chennai,Supermarket
ORD01159,2026-03-08,C0233,P027,S004,1,450,240,0,450,0.0,450.0,210.0,Debit Card,Laundry Detergent,Cleaning & Household,Riya Singh,Hyderabad,25-34,Regular,FreshMart Hyderabad,Supermarket
ORD01160,2026-01-25,C0098,P036,S003,1,200,90,15,200,30.0,170.0,80.0,Credit Card,Dustpan,Cleaning & Household,Arjun Joshi,Bengaluru,45-54,Silver,FreshMart Bengaluru Hub,Hypermarket
ORD01161,2026-10-20,C0379,P065,S006,1,140,70,5,140,7.0,133.0,63.0,Wallet,Hand Wash,Personal Care,Rahul Patel,Pune,25-34,Silver,FreshMart Pune,Supermarket
ORD01162,2024-12-17,C0142,P076,S002,1,250,120,0,250,0.0,250.0,130.0,Debit Card,Dog Toy,Pet Supplies,Karan Patel,Mumbai,55+,Platinum,FreshMart Mumbai West,Supermarket
ORD01163,2024-09-29,C0018,P038,S003,1,300,220,5,300,15.0,285.0,65.0,Cash,Wheat Flour 5kg,Groceries & Food,Sneha Joshi,Bengaluru,35-44,Regular,FreshMart Bengaluru Hub,Hypermarket
ORD01164,2026-09-14,C0006,P027,S006,1,450,240,0,450,0.0,450.0,210.0,Wallet,Laundry Detergent,Cleaning & Household,Rahul Mehta,Pune,35-44,Regular,FreshMart Pune,Supermarket
ORD01165,2026-11-12,C0373,P045,S007,1,350,220,5,350,17.5,332.5,112.5,Wallet,Peanut Butter,Groceries & Food,Rahul Joshi,Kolkata,45-54,Regular,FreshMart Kolkata,Supermarket
ORD01166,2024-09-11,C0317,P026,S008,1,160,75,10,160,16.0,144.0,69.0,Debit Card,Dishwashing Liquid,Cleaning & Household,Aisha Gupta,Ahmedabad,45-54,Silver,FreshMart Ahmedabad,Supermarket
ORD01167,2024-05-02,C0034,P056,S008,1,60,35,5,60,3.0,57.0,22.0,UPI,Lemon Drink,Beverages,Priya Joshi,Ahmedabad,18-24,Regular,FreshMart Ahmedabad,Supermarket
ORD01168,2024-03-18,C0163,P042,S005,1,90,55,10,90,9.0,81.0,26.0,Wallet,Pasta,Groceries & Food,Kabir Mehta,Chennai,55+,Regular,FreshMart Chennai,Supermarket
ORD01169,2025-11-10,C0244,P042,S005,2,90,55,10,180,18.0,162.0,52.0,Credit Card,Pasta,Groceries & Food,Aditya Gupta,Chennai,55+,Silver,FreshMart Chennai,Supermarket
ORD01170,2025-08-13,C0207,P091,S001,3,250,110,0,750,0.0,750.0,420.0,Debit Card,Cushion Cover,Home & Living,Kabir Kumar,Delhi,45-54,Regular,FreshMart Delhi Central,Supermarket
ORD01171,2025-02-25,C0219,P039,S007,2,180,140,15,360,54.0,306.0,26.0,Debit Card,Cooking Oil 1L,Groceries & Food,Raj Das,Kolkata,35-44,Regular,FreshMart Kolkata,Supermarket
ORD01172,2025-03-31,C0305,P036,S005,2,200,90,0,400,0.0,400.0,220.0,UPI,Dustpan,Cleaning & Household,Amit Joshi,Chennai,45-54,Regular,FreshMart Chennai,Supermarket
ORD01173,2024-01-13,C0395,P046,S005,1,400,260,5,400,20.0,380.0,120.0,Wallet,Honey,Groceries & Food,Riya Joshi,Chennai,45-54,Gold,FreshMart Chennai,Supermarket
ORD01174,2024-10-16,C0159,P004,S002,1,1500,900,0,1500,0.0,1500.0,600.0,Credit Card,Cooking Pot,Kitchen Items,Kabir Joshi,Mumbai,25-34,Gold,FreshMart Mumbai West,Supermarket
ORD01175,2025-02-22,C0134,P065,S005,1,140,70,0,140,0.0,140.0,70.0,Debit Card,Hand Wash,Personal Care,Raj Patel,Chennai,55+,Silver,FreshMart Chennai,Supermarket
ORD01176,2025-02-08,C0147,P031,S003,1,120,50,0,120,0.0,120.0,70.0,UPI,Cleaning Sponge Pack,Cleaning & Household,Riya Kumar,Bengaluru,45-54,Regular,FreshMart Bengaluru Hub,Hypermarket
ORD01177,2026-07-07,C0318,P028,S005,4,350,180,0,1400,0.0,1400.0,680.0,Cash,Broom,Cleaning & Household,Aditya Sharma,Chennai,25-34,Gold,FreshMart Chennai,Supermarket
ORD01178,2026-01-06,C0056,P041,S006,1,30,20,0,30,0.0,30.0,10.0,Credit Card,Salt 1kg,Groceries & Food,Meera Khan,Pune,35-44,Regular,FreshMart Pune,Supermarket
ORD01179,2026-06-06,C0380,P042,S008,3,90,55,10,270,27.0,243.0,78.0,Debit Card,Pasta,Groceries & Food,Aisha Khan,Ahmedabad,45-54,Gold,FreshMart Ahmedabad,Supermarket
ORD01180,2026-02-20,C0215,P012,S006,1,180,80,0,180,0.0,180.0,100.0,Wallet,Kitchen Towel,Kitchen Items,Aisha Kumar,Pune,18-24,Regular,FreshMart Pune,Supermarket
ORD01181,2024-11-08,C0106,P033,S007,1,280,140,0,280,0.0,280.0,140.0,UPI,Air Freshener,Cleaning & Household,Riya Joshi,Kolkata,18-24,Regular,FreshMart Kolkata,Supermarket
ORD01182,2026-09-11,C0180,P033,S008,1,280,140,0,280,0.0,280.0,140.0,Credit Card,Air Freshener,Cleaning & Household,Neha Joshi,Ahmedabad,25-34,Regular,FreshMart Ahmedabad,Supermarket
ORD01183,2025-01-23,C0135,P024,S001,1,180,85,15,180,27.0,153.0,68.0,Debit Card,Toothbrush Holder,Bathroom Items,Raj Khan,Delhi,55+,Gold,FreshMart Delhi Central,Supermarket
ORD01184,2026-04-08,C0136,P046,S007,4,400,260,15,1600,240.0,1360.0,320.0,Wallet,Honey,Groceries & Food,Aditya Singh,Kolkata,45-54,Silver,FreshMart Kolkata,Supermarket
ORD01185,2026-09-29,C0299,P041,S005,1,30,20,20,30,6.0,24.0,4.0,UPI,Salt 1kg,Groceries & Food,Aarav Patel,Chennai,25-34,Platinum,FreshMart Chennai,Supermarket
ORD01186,2024-09-11,C0374,P079,S003,1,500,280,5,500,25.0,475.0,195.0,UPI,Pet Leash,Pet Supplies,Ananya Das,Bengaluru,35-44,Gold,FreshMart Bengaluru Hub,Hypermarket
ORD01187,2025-06-06,C0184,P046,S008,3,400,260,10,1200,120.0,1080.0,300.0,UPI,Honey,Groceries & Food,Meera Das,Ahmedabad,25-34,Regular,FreshMart Ahmedabad,Supermarket
ORD01188,2026-01-24,C0053,P064,S002,2,80,35,10,160,16.0,144.0,74.0,Wallet,Toothbrush,Personal Care,Aditya Gupta,Mumbai,55+,Regular,FreshMart Mumbai West,Supermarket
ORD01189,2025-05-11,C0260,P064,S006,2,80,35,15,160,24.0,136.0,66.0,UPI,Toothbrush,Personal Care,Kabir Patel,Pune,18-24,Regular,FreshMart Pune,Supermarket
ORD01190,2024-02-27,C0147,P068,S003,2,250,140,5,500,25.0,475.0,195.0,UPI,Deodorant,Personal Care,Riya Kumar,Bengaluru,45-54,Regular,FreshMart Bengaluru Hub,Hypermarket
ORD01191,2024-10-28,C0396,P045,S002,2,350,220,20,700,140.0,560.0,120.0,Cash,Peanut Butter,Groceries & Food,Priya Patel,Mumbai,45-54,Silver,FreshMart Mumbai West,Supermarket
ORD01192,2024-07-08,C0386,P001,S006,2,1200,750,15,2400,360.0,2040.0,540.0,UPI,Frying Pan,Kitchen Items,Riya Singh,Pune,55+,Regular,FreshMart Pune,Supermarket
ORD01193,2024-06-13,C0066,P059,S007,2,100,55,0,200,0.0,200.0,90.0,Credit Card,Iced Tea,Beverages,Vivaan Verma,Kolkata,35-44,Regular,FreshMart Kolkata,Supermarket
ORD01194,2025-06-01,C0140,P061,S006,2,350,200,5,700,35.0,665.0,265.0,Credit Card,Shampoo,Personal Care,Priya Mehta,Pune,35-44,Silver,FreshMart Pune,Supermarket
ORD01195,2025-09-22,C0084,P078,S006,2,350,180,10,700,70.0,630.0,270.0,Wallet,Pet Bowl,Pet Supplies,Ananya Das,Pune,18-24,Silver,FreshMart Pune,Supermarket
ORD01196,2024-08-11,C0023,P082,S008,2,280,150,10,560,56.0,504.0,204.0,UPI,Pet Treats,Pet Supplies,Sneha Mehta,Ahmedabad,55+,Regular,FreshMart Ahmedabad,Supermarket
ORD01197,2025-03-05,C0190,P015,S006,4,350,180,0,1400,0.0,1400.0,680.0,UPI,Soap Dispenser,Bathroom Items,Rohan Khan,Pune,18-24,Gold,FreshMart Pune,Supermarket
ORD01198,2026-10-09,C0296,P095,S003,3,600,320,0,1800,0.0,1800.0,840.0,Credit Card,Storage Box,Home & Living,Ananya Verma,Bengaluru,35-44,Regular,FreshMart Bengaluru Hub,Hypermarket
ORD01199,2026-06-01,C0330,P033,S003,1,280,140,0,280,0.0,280.0,140.0,Debit Card,Air Freshener,Cleaning & Household,Riya Patel,Bengaluru,45-54,Platinum,FreshMart Bengaluru Hub,Hypermarket
ORD01200,2025-01-07,C0027,P027,S004,2,450,240,0,900,0.0,900.0,420.0,Credit Card,Laundry Detergent,Cleaning & Household,Kabir Khan,Hyderabad,25-34,Regular,FreshMart Hyderabad,Supermarket
ORD01201,2025-02-15,C0168,P025,S008,1,220,110,0,220,0.0,220.0,110.0,Debit Card,Floor Cleaner,Cleaning & Household,Meera Mehta,Ahmedabad,18-24,Regular,FreshMart Ahmedabad,Supermarket
ORD01202,2026-04-17,C0155,P036,S002,1,200,90,15,200,30.0,170.0,80.0,UPI,Dustpan,Cleaning & Household,Vivaan Das,Mumbai,25-34,Silver,FreshMart Mumbai West,Supermarket
ORD01203,2024-06-12,C0170,P053,S008,1,120,70,0,120,0.0,120.0,50.0,UPI,Green Tea Drink,Beverages,Ananya Mehta,Ahmedabad,35-44,Silver,FreshMart Ahmedabad,Supermarket
ORD01204,2025-04-25,C0254,P037,S005,2,650,500,10,1300,130.0,1170.0,170.0,UPI,Basmati Rice 5kg,Groceries & Food,Neha Sharma,Chennai,55+,Regular,FreshMart Chennai,Supermarket
ORD01205,2024-01-15,C0133,P002,S008,2,900,520,10,1800,180.0,1620.0,580.0,UPI,Chef Knife,Kitchen Items,Ananya Gupta,Ahmedabad,25-34,Regular,FreshMart Ahmedabad,Supermarket
ORD01206,2024-01-15,C0177,P030,S001,1,180,80,5,180,9.0,171.0,91.0,Wallet,Garbage Bags,Cleaning & Household,Rahul Kumar,Delhi,55+,Regular,FreshMart Delhi Central,Supermarket
ORD01207,2026-09-22,C0187,P036,S007,2,200,90,0,400,0.0,400.0,220.0,Credit Card,Dustpan,Cleaning & Household,Amit Das,Kolkata,25-34,Gold,FreshMart Kolkata,Supermarket
ORD01208,2025-12-03,C0217,P047,S002,3,250,150,15,750,112.5,637.5,187.5,Debit Card,Tea Pack,Groceries & Food,Riya Patel,Mumbai,45-54,Regular,FreshMart Mumbai West,Supermarket
ORD01209,2024-04-27,C0187,P046,S007,5,400,260,15,2000,300.0,1700.0,400.0,Cash,Honey,Groceries & Food,Amit Das,Kolkata,25-34,Gold,FreshMart Kolkata,Supermarket
ORD01210,2026-04-02,C0279,P001,S002,2,1200,750,15,2400,360.0,2040.0,540.0,UPI,Frying Pan,Kitchen Items,Rahul Verma,Mumbai,55+,Regular,FreshMart Mumbai West,Supermarket
ORD01211,2026-12-22,C0233,P049,S004,2,30,15,10,60,6.0,54.0,24.0,UPI,Mineral Water,Beverages,Riya Singh,Hyderabad,25-34,Regular,FreshMart Hyderabad,Supermarket
ORD01212,2026-08-31,C0311,P059,S003,2,100,55,10,200,20.0,180.0,70.0,UPI,Iced Tea,Beverages,Kabir Verma,Bengaluru,35-44,Regular,FreshMart Bengaluru Hub,Hypermarket
ORD01213,2025-11-16,C0025,P051,S005,3,160,95,20,480,96.0,384.0,99.0,Debit Card,Apple Juice,Beverages,Ananya Verma,Chennai,45-54,Regular,FreshMart Chennai,Supermarket
ORD01214,2025-04-23,C0298,P049,S002,2,30,15,0,60,0.0,60.0,30.0,Credit Card,Mineral Water,Beverages,Ananya Gupta,Mumbai,45-54,Regular,FreshMart Mumbai West,Supermarket
ORD01215,2026-05-26,C0145,P008,S006,4,600,320,15,2400,360.0,2040.0,760.0,Credit Card,Lunch Box,Kitchen Items,Kabir Singh,Pune,25-34,Regular,FreshMart Pune,Supermarket
ORD01216,2024-07-24,C0365,P060,S006,2,70,40,0,140,0.0,140.0,60.0,UPI,Coconut Water,Beverages,Ananya Singh,Pune,55+,Gold,FreshMart Pune,Supermarket
ORD01217,2026-12-01,C0244,P022,S005,3,1500,950,10,4500,450.0,4050.0,1200.0,UPI,Bathroom Scale,Bathroom Items,Aditya Gupta,Chennai,55+,Silver,FreshMart Chennai,Supermarket
ORD01218,2024-06-27,C0095,P047,S007,1,250,150,10,250,25.0,225.0,75.0,Credit Card,Tea Pack,Groceries & Food,Sneha Joshi,Kolkata,25-34,Regular,FreshMart Kolkata,Supermarket
ORD01219,2024-12-10,C0192,P073,S002,4,900,650,5,3600,180.0,3420.0,820.0,Credit Card,Dog Food,Pet Supplies,Neha Gupta,Mumbai,45-54,Silver,FreshMart Mumbai West,Supermarket
ORD01220,2024-12-15,C0332,P030,S005,2,180,80,0,360,0.0,360.0,200.0,Credit Card,Garbage Bags,Cleaning & Household,Kavya Sharma,Chennai,25-34,Regular,FreshMart Chennai,Supermarket
ORD01221,2024-11-24,C0394,P062,S006,1,280,160,0,280,0.0,280.0,120.0,UPI,Body Wash,Personal Care,Kabir Das,Pune,55+,Gold,FreshMart Pune,Supermarket
ORD01222,2026-09-02,C0119,P072,S004,4,120,60,10,480,48.0,432.0,192.0,Debit Card,Cotton Pads,Personal Care,Isha Gupta,Hyderabad,25-34,Regular,FreshMart Hyderabad,Supermarket
ORD01223,2026-12-28,C0350,P092,S004,1,1800,1100,0,1800,0.0,1800.0,700.0,Credit Card,Curtain Set,Home & Living,Ananya Kumar,Hyderabad,18-24,Regular,FreshMart Hyderabad,Supermarket
ORD01224,2024-05-12,C0136,P092,S007,2,1800,1100,0,3600,0.0,3600.0,1400.0,Debit Card,Curtain Set,Home & Living,Aditya Singh,Kolkata,45-54,Silver,FreshMart Kolkata,Supermarket
ORD01225,2026-02-20,C0267,P066,S006,2,300,180,10,600,60.0,540.0,180.0,Wallet,Face Wash,Personal Care,Pooja Verma,Pune,45-54,Regular,FreshMart Pune,Supermarket
ORD01226,2025-04-22,C0392,P041,S003,1,30,20,0,30,0.0,30.0,10.0,UPI,Salt 1kg,Groceries & Food,Rohan Das,Bengaluru,35-44,Gold,FreshMart Bengaluru Hub,Hypermarket
ORD01227,2025-01-20,C0283,P009,S006,2,800,450,0,1600,0.0,1600.0,700.0,UPI,Storage Container Set,Kitchen Items,Meera Joshi,Pune,35-44,Regular,FreshMart Pune,Supermarket
ORD01228,2026-02-17,C0207,P073,S001,2,900,650,0,1800,0.0,1800.0,500.0,UPI,Dog Food,Pet Supplies,Kabir Kumar,Delhi,45-54,Regular,FreshMart Delhi Central,Supermarket
ORD01229,2026-03-05,C0333,P044,S006,5,120,70,0,600,0.0,600.0,250.0,UPI,Biscuits Pack,Groceries & Food,Karan Sharma,Pune,35-44,Regular,FreshMart Pune,Supermarket
ORD01230,2024-09-15,C0141,P059,S005,2,100,55,5,200,10.0,190.0,80.0,UPI,Iced Tea,Beverages,Raj Kumar,Chennai,25-34,Regular,FreshMart Chennai,Supermarket
ORD01231,2026-08-01,C0018,P043,S003,1,280,170,10,280,28.0,252.0,82.0,UPI,Breakfast Cereal,Groceries & Food,Sneha Joshi,Bengaluru,35-44,Regular,FreshMart Bengaluru Hub,Hypermarket
ORD01232,2026-07-22,C0392,P032,S003,1,200,95,0,200,0.0,200.0,105.0,Debit Card,Glass Cleaner,Cleaning & Household,Rohan Das,Bengaluru,35-44,Gold,FreshMart Bengaluru Hub,Hypermarket
ORD01233,2024-03-11,C0105,P074,S002,2,850,600,0,1700,0.0,1700.0,500.0,Wallet,Cat Food,Pet Supplies,Rohan Singh,Mumbai,45-54,Regular,FreshMart Mumbai West,Supermarket
ORD01234,2026-09-06,C0367,P020,S002,2,750,420,0,1500,0.0,1500.0,660.0,UPI,Shower Caddy,Bathroom Items,Kabir Das,Mumbai,55+,Silver,FreshMart Mumbai West,Supermarket
ORD01235,2024-04-30,C0178,P088,S008,5,2000,1300,0,10000,0.0,10000.0,3500.0,Cash,Blanket,Home & Living,Amit Verma,Ahmedabad,18-24,Silver,FreshMart Ahmedabad,Supermarket
ORD01236,2025-04-05,C0101,P029,S005,2,650,380,0,1300,0.0,1300.0,540.0,Cash,Mop,Cleaning & Household,Aisha Joshi,Chennai,25-34,Gold,FreshMart Chennai,Supermarket
ORD01237,2026-09-25,C0079,P023,S005,2,220,100,0,440,0.0,440.0,240.0,Cash,Hand Towel,Bathroom Items,Aarav Verma,Chennai,25-34,Silver,FreshMart Chennai,Supermarket
ORD01238,2024-11-22,C0291,P092,S003,2,1800,1100,0,3600,0.0,3600.0,1400.0,Debit Card,Curtain Set,Home & Living,Ananya Verma,Bengaluru,18-24,Regular,FreshMart Bengaluru Hub,Hypermarket
ORD01239,2026-03-12,C0364,P088,S003,1,2000,1300,5,2000,100.0,1900.0,600.0,UPI,Blanket,Home & Living,Vivaan Verma,Bengaluru,35-44,Regular,FreshMart Bengaluru Hub,Hypermarket
ORD01240,2025-02-03,C0374,P057,S003,2,140,80,5,280,14.0,266.0,106.0,UPI,Mango Juice,Beverages,Ananya Das,Bengaluru,35-44,Gold,FreshMart Bengaluru Hub,Hypermarket
ORD01241,2024-04-20,C0315,P029,S004,3,650,380,10,1950,195.0,1755.0,615.0,Credit Card,Mop,Cleaning & Household,Aditya Patel,Hyderabad,18-24,Regular,FreshMart Hyderabad,Supermarket
ORD01242,2024-10-08,C0189,P021,S003,2,1000,600,15,2000,300.0,1700.0,500.0,UPI,Laundry Basket,Bathroom Items,Sneha Mehta,Bengaluru,45-54,Platinum,FreshMart Bengaluru Hub,Hypermarket
ORD01243,2025-02-04,C0141,P071,S005,2,180,100,0,360,0.0,360.0,160.0,Debit Card,Sanitary Pads,Personal Care,Raj Kumar,Chennai,25-34,Regular,FreshMart Chennai,Supermarket
ORD01244,2024-10-29,C0386,P049,S006,5,30,15,10,150,15.0,135.0,60.0,UPI,Mineral Water,Beverages,Riya Singh,Pune,55+,Regular,FreshMart Pune,Supermarket
ORD01245,2025-12-29,C0282,P003,S008,1,350,180,0,350,0.0,350.0,170.0,Wallet,Cutting Board,Kitchen Items,Aditya Gupta,Ahmedabad,45-54,Silver,FreshMart Ahmedabad,Supermarket
ORD01246,2026-06-07,C0139,P059,S006,4,100,55,5,400,20.0,380.0,160.0,Credit Card,Iced Tea,Beverages,Kabir Das,Pune,45-54,Silver,FreshMart Pune,Supermarket
ORD01247,2025-05-08,C0100,P002,S008,1,900,520,0,900,0.0,900.0,380.0,Credit Card,Chef Knife,Kitchen Items,Pooja Mehta,Ahmedabad,25-34,Silver,FreshMart Ahmedabad,Supermarket
ORD01248,2026-02-07,C0073,P016,S003,3,650,360,20,1950,390.0,1560.0,480.0,Debit Card,Bathroom Mat,Bathroom Items,Amit Gupta,Bengaluru,45-54,Regular,FreshMart Bengaluru Hub,Hypermarket
ORD01249,2026-08-07,C0014,P006,S004,3,650,350,10,1950,195.0,1755.0,705.0,UPI,Mixer Bowl,Kitchen Items,Rahul Khan,Hyderabad,25-34,Regular,FreshMart Hyderabad,Supermarket
ORD01250,2026-01-22,C0074,P055,S004,1,90,50,0,90,0.0,90.0,40.0,UPI,Cold Coffee,Beverages,Ananya Mehta,Hyderabad,35-44,Regular,FreshMart Hyderabad,Supermarket
ORD01251,2026-11-09,C0099,P059,S006,2,100,55,20,200,40.0,160.0,50.0,Credit Card,Iced Tea,Beverages,Riya Das,Pune,45-54,Silver,FreshMart Pune,Supermarket
ORD01252,2024-07-12,C0286,P056,S001,3,60,35,0,180,0.0,180.0,75.0,Credit Card,Lemon Drink,Beverages,Kavya Joshi,Delhi,18-24,Regular,FreshMart Delhi Central,Supermarket
ORD01253,2026-06-07,C0057,P052,S005,1,50,30,0,50,0.0,50.0,20.0,UPI,Cola Drink,Beverages,Ananya Singh,Chennai,45-54,Regular,FreshMart Chennai,Supermarket
ORD01254,2025-01-13,C0329,P063,S006,1,120,70,10,120,12.0,108.0,38.0,UPI,Toothpaste,Personal Care,Arjun Das,Pune,25-34,Regular,FreshMart Pune,Supermarket
ORD01255,2026-12-21,C0006,P067,S006,2,450,280,5,900,45.0,855.0,295.0,Debit Card,Moisturizer,Personal Care,Rahul Mehta,Pune,35-44,Regular,FreshMart Pune,Supermarket
ORD01256,2024-09-11,C0380,P070,S008,3,300,170,0,900,0.0,900.0,390.0,Debit Card,Razor Pack,Personal Care,Aisha Khan,Ahmedabad,45-54,Gold,FreshMart Ahmedabad,Supermarket
ORD01257,2025-01-03,C0136,P019,S007,1,900,500,0,900,0.0,900.0,400.0,UPI,Towel Rack,Bathroom Items,Aditya Singh,Kolkata,45-54,Silver,FreshMart Kolkata,Supermarket
ORD01258,2025-02-26,C0366,P008,S004,2,600,320,0,1200,0.0,1200.0,560.0,UPI,Lunch Box,Kitchen Items,Aditya Kumar,Hyderabad,55+,Regular,FreshMart Hyderabad,Supermarket
ORD01259,2024-06-22,C0398,P063,S004,5,120,70,5,600,30.0,570.0,220.0,UPI,Toothpaste,Personal Care,Meera Das,Hyderabad,18-24,Silver,FreshMart Hyderabad,Supermarket
ORD01260,2026-05-16,C0307,P042,S008,5,90,55,10,450,45.0,405.0,130.0,UPI,Pasta,Groceries & Food,Meera Joshi,Ahmedabad,35-44,Silver,FreshMart Ahmedabad,Supermarket
ORD01261,2026-11-29,C0016,P002,S001,1,900,520,5,900,45.0,855.0,335.0,UPI,Chef Knife,Kitchen Items,Vivaan Singh,Delhi,35-44,Regular,FreshMart Delhi Central,Supermarket
ORD01262,2025-10-02,C0078,P044,S007,5,120,70,0,600,0.0,600.0,250.0,Credit Card,Biscuits Pack,Groceries & Food,Raj Patel,Kolkata,55+,Regular,FreshMart Kolkata,Supermarket
ORD01263,2024-07-21,C0135,P025,S001,2,220,110,0,440,0.0,440.0,220.0,UPI,Floor Cleaner,Cleaning & Household,Raj Khan,Delhi,55+,Gold,FreshMart Delhi Central,Supermarket
ORD01264,2025-03-16,C0160,P023,S007,4,220,100,5,880,44.0,836.0,436.0,UPI,Hand Towel,Bathroom Items,Meera Singh,Kolkata,18-24,Regular,FreshMart Kolkata,Supermarket
ORD01265,2024-09-20,C0178,P037,S008,2,650,500,0,1300,0.0,1300.0,300.0,Credit Card,Basmati Rice 5kg,Groceries & Food,Amit Verma,Ahmedabad,18-24,Silver,FreshMart Ahmedabad,Supermarket
ORD01266,2024-11-30,C0046,P030,S002,1,180,80,0,180,0.0,180.0,100.0,Credit Card,Garbage Bags,Cleaning & Household,Riya Sharma,Mumbai,25-34,Regular,FreshMart Mumbai West,Supermarket
ORD01267,2025-02-21,C0346,P057,S003,1,140,80,10,140,14.0,126.0,46.0,Wallet,Mango Juice,Beverages,Kavya Sharma,Bengaluru,18-24,Regular,FreshMart Bengaluru Hub,Hypermarket
ORD01268,2025-01-29,C0012,P058,S008,2,40,22,5,80,4.0,76.0,32.0,Debit Card,Soda Water,Beverages,Sneha Kumar,Ahmedabad,35-44,Regular,FreshMart Ahmedabad,Supermarket
ORD01269,2024-12-01,C0265,P042,S002,1,90,55,20,90,18.0,72.0,17.0,Credit Card,Pasta,Groceries & Food,Isha Sharma,Mumbai,35-44,Regular,FreshMart Mumbai West,Supermarket
ORD01270,2025-05-21,C0245,P002,S007,1,900,520,0,900,0.0,900.0,380.0,UPI,Chef Knife,Kitchen Items,Riya Patel,Kolkata,55+,Regular,FreshMart Kolkata,Supermarket
ORD01271,2024-05-15,C0028,P044,S001,1,120,70,0,120,0.0,120.0,50.0,Wallet,Biscuits Pack,Groceries & Food,Rahul Khan,Delhi,55+,Regular,FreshMart Delhi Central,Supermarket
ORD01272,2024-10-26,C0266,P070,S008,1,300,170,0,300,0.0,300.0,130.0,UPI,Razor Pack,Personal Care,Neha Joshi,Ahmedabad,45-54,Regular,FreshMart Ahmedabad,Supermarket
ORD01273,2026-02-14,C0269,P085,S001,4,1200,700,10,4800,480.0,4320.0,1520.0,UPI,Table Lamp,Home & Living,Isha Sharma,Delhi,25-34,Regular,FreshMart Delhi Central,Supermarket
ORD01274,2025-09-19,C0003,P039,S004,2,180,140,10,360,36.0,324.0,44.0,UPI,Cooking Oil 1L,Groceries & Food,Aarav Verma,Hyderabad,25-34,Regular,FreshMart Hyderabad,Supermarket
ORD01275,2025-07-31,C0018,P041,S003,2,30,20,5,60,3.0,57.0,17.0,Cash,Salt 1kg,Groceries & Food,Sneha Joshi,Bengaluru,35-44,Regular,FreshMart Bengaluru Hub,Hypermarket
ORD01276,2026-03-08,C0400,P022,S002,1,1500,950,10,1500,150.0,1350.0,400.0,Debit Card,Bathroom Scale,Bathroom Items,Amit Sharma,Mumbai,25-34,Regular,FreshMart Mumbai West,Supermarket
ORD01277,2026-04-04,C0057,P062,S005,2,280,160,0,560,0.0,560.0,240.0,UPI,Body Wash,Personal Care,Ananya Singh,Chennai,45-54,Regular,FreshMart Chennai,Supermarket
ORD01278,2024-11-14,C0038,P048,S004,1,450,300,5,450,22.5,427.5,127.5,UPI,Coffee Pack,Groceries & Food,Aditya Khan,Hyderabad,35-44,Silver,FreshMart Hyderabad,Supermarket
ORD01279,2026-01-28,C0037,P090,S002,2,300,150,0,600,0.0,600.0,300.0,Credit Card,Photo Frame,Home & Living,Vivaan Singh,Mumbai,18-24,Gold,FreshMart Mumbai West,Supermarket
ORD01280,2025-01-09,C0187,P069,S007,1,220,120,0,220,0.0,220.0,100.0,Credit Card,Hair Oil,Personal Care,Amit Das,Kolkata,25-34,Gold,FreshMart Kolkata,Supermarket
ORD01281,2026-05-26,C0045,P027,S002,2,450,240,10,900,90.0,810.0,330.0,Wallet,Laundry Detergent,Cleaning & Household,Aditya Joshi,Mumbai,18-24,Silver,FreshMart Mumbai West,Supermarket
ORD01282,2024-06-27,C0162,P030,S005,4,180,80,0,720,0.0,720.0,400.0,UPI,Garbage Bags,Cleaning & Household,Kabir Das,Chennai,45-54,Regular,FreshMart Chennai,Supermarket
ORD01283,2024-06-11,C0256,P009,S006,1,800,450,0,800,0.0,800.0,350.0,UPI,Storage Container Set,Kitchen Items,Amit Verma,Pune,55+,Regular,FreshMart Pune,Supermarket
ORD01284,2024-06-22,C0314,P058,S006,2,40,22,5,80,4.0,76.0,32.0,Credit Card,Soda Water,Beverages,Sneha Khan,Pune,25-34,Regular,FreshMart Pune,Supermarket
ORD01285,2026-05-18,C0325,P084,S006,2,180,90,15,360,54.0,306.0,126.0,UPI,Pet Comb,Pet Supplies,Aditya Khan,Pune,18-24,Platinum,FreshMart Pune,Supermarket
ORD01286,2026-12-26,C0240,P048,S004,1,450,300,5,450,22.5,427.5,127.5,Wallet,Coffee Pack,Groceries & Food,Arjun Joshi,Hyderabad,55+,Regular,FreshMart Hyderabad,Supermarket
ORD01287,2026-05-20,C0211,P070,S008,2,300,170,10,600,60.0,540.0,200.0,UPI,Razor Pack,Personal Care,Vivaan Kumar,Ahmedabad,18-24,Silver,FreshMart Ahmedabad,Supermarket
ORD01288,2026-12-17,C0003,P063,S004,1,120,70,0,120,0.0,120.0,50.0,UPI,Toothpaste,Personal Care,Aarav Verma,Hyderabad,25-34,Regular,FreshMart Hyderabad,Supermarket
ORD01289,2026-12-08,C0272,P087,S006,1,700,400,0,700,0.0,700.0,300.0,UPI,Pillow,Home & Living,Riya Singh,Pune,18-24,Regular,FreshMart Pune,Supermarket
ORD01290,2024-04-14,C0186,P037,S006,1,650,500,0,650,0.0,650.0,150.0,UPI,Basmati Rice 5kg,Groceries & Food,Sneha Joshi,Pune,25-34,Platinum,FreshMart Pune,Supermarket
ORD01291,2025-05-26,C0141,P017,S005,3,250,130,15,750,112.5,637.5,247.5,Cash,Toilet Brush,Bathroom Items,Raj Kumar,Chennai,25-34,Regular,FreshMart Chennai,Supermarket
ORD01292,2026-09-16,C0373,P026,S007,1,160,75,0,160,0.0,160.0,85.0,Debit Card,Dishwashing Liquid,Cleaning & Household,Rahul Joshi,Kolkata,45-54,Regular,FreshMart Kolkata,Supermarket
ORD01293,2025-03-21,C0234,P049,S001,4,30,15,15,120,18.0,102.0,42.0,Wallet,Mineral Water,Beverages,Rohan Das,Delhi,35-44,Gold,FreshMart Delhi Central,Supermarket
ORD01294,2024-03-13,C0240,P043,S004,4,280,170,15,1120,168.0,952.0,272.0,Cash,Breakfast Cereal,Groceries & Food,Arjun Joshi,Hyderabad,55+,Regular,FreshMart Hyderabad,Supermarket
ORD01295,2024-01-13,C0063,P011,S005,2,2500,1700,0,5000,0.0,5000.0,1600.0,UPI,Pressure Cooker,Kitchen Items,Arjun Gupta,Chennai,18-24,Gold,FreshMart Chennai,Supermarket
ORD01296,2025-01-16,C0353,P007,S002,1,450,220,0,450,0.0,450.0,230.0,Credit Card,Water Bottle,Kitchen Items,Aisha Singh,Mumbai,25-34,Gold,FreshMart Mumbai West,Supermarket
ORD01297,2026-12-19,C0293,P033,S007,1,280,140,0,280,0.0,280.0,140.0,Credit Card,Air Freshener,Cleaning & Household,Kabir Mehta,Kolkata,35-44,Silver,FreshMart Kolkata,Supermarket
ORD01298,2025-05-27,C0384,P020,S003,1,750,420,0,750,0.0,750.0,330.0,UPI,Shower Caddy,Bathroom Items,Arjun Mehta,Bengaluru,35-44,Silver,FreshMart Bengaluru Hub,Hypermarket
ORD01299,2025-01-08,C0346,P045,S003,2,350,220,0,700,0.0,700.0,260.0,Wallet,Peanut Butter,Groceries & Food,Kavya Sharma,Bengaluru,18-24,Regular,FreshMart Bengaluru Hub,Hypermarket
ORD01300,2026-06-18,C0238,P052,S007,1,50,30,0,50,0.0,50.0,20.0,Credit Card,Cola Drink,Beverages,Vivaan Gupta,Kolkata,55+,Regular,FreshMart Kolkata,Supermarket
ORD01301,2025-02-10,C0068,P047,S001,1,250,150,0,250,0.0,250.0,100.0,UPI,Tea Pack,Groceries & Food,Riya Mehta,Delhi,18-24,Regular,FreshMart Delhi Central,Supermarket
ORD01302,2025-11-09,C0294,P043,S002,1,280,170,0,280,0.0,280.0,110.0,Credit Card,Breakfast Cereal,Groceries & Food,Vivaan Patel,Mumbai,35-44,Regular,FreshMart Mumbai West,Supermarket
ORD01303,2025-06-28,C0117,P049,S006,1,30,15,5,30,1.5,28.5,13.5,Credit Card,Mineral Water,Beverages,Riya Sharma,Pune,25-34,Silver,FreshMart Pune,Supermarket
ORD01304,2024-09-17,C0245,P052,S007,1,50,30,10,50,5.0,45.0,15.0,Cash,Cola Drink,Beverages,Riya Patel,Kolkata,55+,Regular,FreshMart Kolkata,Supermarket
ORD01305,2026-03-07,C0210,P045,S003,1,350,220,20,350,70.0,280.0,60.0,Debit Card,Peanut Butter,Groceries & Food,Isha Kumar,Bengaluru,18-24,Gold,FreshMart Bengaluru Hub,Hypermarket
ORD01306,2025-12-05,C0156,P015,S003,3,350,180,0,1050,0.0,1050.0,510.0,Debit Card,Soap Dispenser,Bathroom Items,Raj Verma,Bengaluru,25-34,Regular,FreshMart Bengaluru Hub,Hypermarket
ORD01307,2024-01-17,C0381,P047,S002,1,250,150,0,250,0.0,250.0,100.0,Credit Card,Tea Pack,Groceries & Food,Aisha Sharma,Mumbai,45-54,Regular,FreshMart Mumbai West,Supermarket
ORD01308,2025-05-22,C0003,P068,S004,2,250,140,10,500,50.0,450.0,170.0,UPI,Deodorant,Personal Care,Aarav Verma,Hyderabad,25-34,Regular,FreshMart Hyderabad,Supermarket
ORD01309,2024-08-23,C0220,P031,S001,3,120,50,20,360,72.0,288.0,138.0,UPI,Cleaning Sponge Pack,Cleaning & Household,Amit Joshi,Delhi,55+,Gold,FreshMart Delhi Central,Supermarket
ORD01310,2025-02-10,C0239,P069,S008,2,220,120,10,440,44.0,396.0,156.0,UPI,Hair Oil,Personal Care,Aditya Joshi,Ahmedabad,35-44,Regular,FreshMart Ahmedabad,Supermarket
ORD01311,2025-01-06,C0032,P065,S005,1,140,70,15,140,21.0,119.0,49.0,Debit Card,Hand Wash,Personal Care,Riya Gupta,Chennai,55+,Gold,FreshMart Chennai,Supermarket
ORD01312,2024-09-03,C0223,P018,S008,1,1200,700,0,1200,0.0,1200.0,500.0,Wallet,Mirror,Bathroom Items,Vivaan Kumar,Ahmedabad,18-24,Regular,FreshMart Ahmedabad,Supermarket
ORD01313,2026-05-23,C0290,P086,S008,1,1500,900,0,1500,0.0,1500.0,600.0,Cash,Bed Sheet,Home & Living,Rohan Sharma,Ahmedabad,18-24,Gold,FreshMart Ahmedabad,Supermarket
ORD01314,2026-12-11,C0055,P039,S002,2,180,140,0,360,0.0,360.0,80.0,UPI,Cooking Oil 1L,Groceries & Food,Isha Sharma,Mumbai,45-54,Silver,FreshMart Mumbai West,Supermarket
ORD01315,2026-11-10,C0298,P042,S002,1,90,55,0,90,0.0,90.0,35.0,UPI,Pasta,Groceries & Food,Ananya Gupta,Mumbai,45-54,Regular,FreshMart Mumbai West,Supermarket
ORD01316,2026-05-06,C0007,P095,S002,1,600,320,15,600,90.0,510.0,190.0,UPI,Storage Box,Home & Living,Ananya Verma,Mumbai,45-54,Regular,FreshMart Mumbai West,Supermarket
ORD01317,2025-10-20,C0218,P003,S008,2,350,180,15,700,105.0,595.0,235.0,UPI,Cutting Board,Kitchen Items,Riya Verma,Ahmedabad,35-44,Silver,FreshMart Ahmedabad,Supermarket
ORD01318,2026-10-03,C0127,P029,S007,1,650,380,0,650,0.0,650.0,270.0,UPI,Mop,Cleaning & Household,Aisha Verma,Kolkata,35-44,Silver,FreshMart Kolkata,Supermarket
ORD01319,2024-09-23,C0233,P048,S004,1,450,300,10,450,45.0,405.0,105.0,UPI,Coffee Pack,Groceries & Food,Riya Singh,Hyderabad,25-34,Regular,FreshMart Hyderabad,Supermarket
ORD01320,2026-12-19,C0091,P068,S006,1,250,140,0,250,0.0,250.0,110.0,Credit Card,Deodorant,Personal Care,Kabir Khan,Pune,18-24,Gold,FreshMart Pune,Supermarket
ORD01321,2024-08-05,C0077,P010,S006,1,250,110,10,250,25.0,225.0,115.0,UPI,Coffee Mug,Kitchen Items,Karan Mehta,Pune,35-44,Gold,FreshMart Pune,Supermarket
ORD01322,2025-01-25,C0140,P059,S006,1,100,55,0,100,0.0,100.0,45.0,UPI,Iced Tea,Beverages,Priya Mehta,Pune,35-44,Silver,FreshMart Pune,Supermarket
ORD01323,2025-12-03,C0398,P089,S004,2,800,450,10,1600,160.0,1440.0,540.0,Credit Card,Wall Clock,Home & Living,Meera Das,Hyderabad,18-24,Silver,FreshMart Hyderabad,Supermarket
ORD01324,2024-09-18,C0036,P021,S001,1,1000,600,5,1000,50.0,950.0,350.0,UPI,Laundry Basket,Bathroom Items,Meera Singh,Delhi,18-24,Silver,FreshMart Delhi Central,Supermarket
ORD01325,2025-12-12,C0097,P076,S001,1,250,120,10,250,25.0,225.0,105.0,Wallet,Dog Toy,Pet Supplies,Pooja Joshi,Delhi,55+,Regular,FreshMart Delhi Central,Supermarket
ORD01326,2026-05-08,C0307,P001,S008,2,1200,750,20,2400,480.0,1920.0,420.0,Debit Card,Frying Pan,Kitchen Items,Meera Joshi,Ahmedabad,35-44,Silver,FreshMart Ahmedabad,Supermarket
ORD01327,2025-07-15,C0072,P022,S007,2,1500,950,0,3000,0.0,3000.0,1100.0,UPI,Bathroom Scale,Bathroom Items,Priya Khan,Kolkata,55+,Silver,FreshMart Kolkata,Supermarket
ORD01328,2025-01-24,C0229,P060,S007,2,70,40,0,140,0.0,140.0,60.0,Debit Card,Coconut Water,Beverages,Priya Sharma,Kolkata,35-44,Regular,FreshMart Kolkata,Supermarket
ORD01329,2024-06-02,C0009,P074,S007,1,850,600,10,850,85.0,765.0,165.0,UPI,Cat Food,Pet Supplies,Riya Verma,Kolkata,18-24,Silver,FreshMart Kolkata,Supermarket
ORD01330,2026-03-31,C0049,P069,S007,2,220,120,0,440,0.0,440.0,200.0,UPI,Hair Oil,Personal Care,Kavya Kumar,Kolkata,55+,Silver,FreshMart Kolkata,Supermarket
ORD01331,2024-01-19,C0095,P051,S007,3,160,95,10,480,48.0,432.0,147.0,Credit Card,Apple Juice,Beverages,Sneha Joshi,Kolkata,25-34,Regular,FreshMart Kolkata,Supermarket
ORD01332,2026-12-11,C0287,P061,S002,3,350,200,0,1050,0.0,1050.0,450.0,UPI,Shampoo,Personal Care,Kabir Verma,Mumbai,55+,Silver,FreshMart Mumbai West,Supermarket
ORD01333,2025-04-03,C0004,P021,S004,1,1000,600,0,1000,0.0,1000.0,400.0,UPI,Laundry Basket,Bathroom Items,Aarav Khan,Hyderabad,55+,Regular,FreshMart Hyderabad,Supermarket
ORD01334,2025-07-22,C0235,P017,S005,4,250,130,0,1000,0.0,1000.0,480.0,Debit Card,Toilet Brush,Bathroom Items,Rohan Gupta,Chennai,25-34,Regular,FreshMart Chennai,Supermarket
ORD01335,2025-05-24,C0140,P052,S006,5,50,30,0,250,0.0,250.0,100.0,UPI,Cola Drink,Beverages,Priya Mehta,Pune,35-44,Silver,FreshMart Pune,Supermarket
ORD01336,2026-01-25,C0103,P056,S004,1,60,35,15,60,9.0,51.0,16.0,Cash,Lemon Drink,Beverages,Aditya Kumar,Hyderabad,35-44,Regular,FreshMart Hyderabad,Supermarket
ORD01337,2024-09-30,C0089,P026,S006,1,160,75,5,160,8.0,152.0,77.0,UPI,Dishwashing Liquid,Cleaning & Household,Meera Das,Pune,45-54,Regular,FreshMart Pune,Supermarket
ORD01338,2024-01-22,C0252,P010,S001,3,250,110,0,750,0.0,750.0,420.0,Wallet,Coffee Mug,Kitchen Items,Priya Gupta,Delhi,55+,Platinum,FreshMart Delhi Central,Supermarket
ORD01339,2024-02-02,C0004,P021,S004,2,1000,600,20,2000,400.0,1600.0,400.0,Debit Card,Laundry Basket,Bathroom Items,Aarav Khan,Hyderabad,55+,Regular,FreshMart Hyderabad,Supermarket
ORD01340,2024-08-05,C0331,P071,S003,2,180,100,10,360,36.0,324.0,124.0,Wallet,Sanitary Pads,Personal Care,Aisha Gupta,Bengaluru,18-24,Silver,FreshMart Bengaluru Hub,Hypermarket
ORD01341,2025-02-26,C0012,P033,S008,3,280,140,0,840,0.0,840.0,420.0,UPI,Air Freshener,Cleaning & Household,Sneha Kumar,Ahmedabad,35-44,Regular,FreshMart Ahmedabad,Supermarket
ORD01342,2026-03-20,C0095,P057,S007,1,140,80,0,140,0.0,140.0,60.0,Debit Card,Mango Juice,Beverages,Sneha Joshi,Kolkata,25-34,Regular,FreshMart Kolkata,Supermarket
ORD01343,2026-09-08,C0367,P042,S002,1,90,55,0,90,0.0,90.0,35.0,UPI,Pasta,Groceries & Food,Kabir Das,Mumbai,55+,Silver,FreshMart Mumbai West,Supermarket
ORD01344,2025-01-21,C0388,P077,S002,2,220,100,15,440,66.0,374.0,174.0,UPI,Cat Toy,Pet Supplies,Isha Das,Mumbai,25-34,Platinum,FreshMart Mumbai West,Supermarket
ORD01345,2025-09-27,C0300,P032,S004,1,200,95,0,200,0.0,200.0,105.0,UPI,Glass Cleaner,Cleaning & Household,Ananya Joshi,Hyderabad,25-34,Platinum,FreshMart Hyderabad,Supermarket
ORD01346,2024-05-22,C0183,P059,S001,1,100,55,0,100,0.0,100.0,45.0,Credit Card,Iced Tea,Beverages,Pooja Kumar,Delhi,35-44,Silver,FreshMart Delhi Central,Supermarket
ORD01347,2026-04-04,C0054,P059,S002,1,100,55,5,100,5.0,95.0,40.0,Debit Card,Iced Tea,Beverages,Amit Mehta,Mumbai,55+,Regular,FreshMart Mumbai West,Supermarket
ORD01348,2024-07-23,C0313,P070,S006,1,300,170,0,300,0.0,300.0,130.0,Cash,Razor Pack,Personal Care,Amit Joshi,Pune,18-24,Regular,FreshMart Pune,Supermarket
ORD01349,2024-03-30,C0311,P061,S003,1,350,200,10,350,35.0,315.0,115.0,UPI,Shampoo,Personal Care,Kabir Verma,Bengaluru,35-44,Regular,FreshMart Bengaluru Hub,Hypermarket
ORD01350,2024-01-28,C0016,P096,S001,3,500,260,0,1500,0.0,1500.0,720.0,Debit Card,Desk Organizer,Home & Living,Vivaan Singh,Delhi,35-44,Regular,FreshMart Delhi Central,Supermarket
ORD01351,2025-11-24,C0358,P046,S006,1,400,260,0,400,0.0,400.0,140.0,Debit Card,Honey,Groceries & Food,Aarav Patel,Pune,45-54,Gold,FreshMart Pune,Supermarket
ORD01352,2024-11-30,C0399,P094,S007,2,350,170,0,700,0.0,700.0,360.0,Credit Card,Clothes Hanger Set,Home & Living,Rahul Khan,Kolkata,25-34,Gold,FreshMart Kolkata,Supermarket
ORD01353,2024-09-09,C0270,P025,S005,1,220,110,0,220,0.0,220.0,110.0,Credit Card,Floor Cleaner,Cleaning & Household,Karan Gupta,Chennai,35-44,Regular,FreshMart Chennai,Supermarket
ORD01354,2026-04-30,C0247,P016,S004,1,650,360,15,650,97.5,552.5,192.5,UPI,Bathroom Mat,Bathroom Items,Arjun Khan,Hyderabad,45-54,Regular,FreshMart Hyderabad,Supermarket
ORD01355,2024-10-28,C0383,P042,S008,1,90,55,15,90,13.5,76.5,21.5,Debit Card,Pasta,Groceries & Food,Aisha Das,Ahmedabad,35-44,Regular,FreshMart Ahmedabad,Supermarket
ORD01356,2024-08-18,C0307,P051,S008,2,160,95,20,320,64.0,256.0,66.0,UPI,Apple Juice,Beverages,Meera Joshi,Ahmedabad,35-44,Silver,FreshMart Ahmedabad,Supermarket
ORD01357,2025-07-31,C0161,P090,S003,1,300,150,5,300,15.0,285.0,135.0,UPI,Photo Frame,Home & Living,Rohan Kumar,Bengaluru,18-24,Regular,FreshMart Bengaluru Hub,Hypermarket
ORD01358,2024-06-22,C0048,P096,S001,3,500,260,5,1500,75.0,1425.0,645.0,UPI,Desk Organizer,Home & Living,Rahul Mehta,Delhi,45-54,Regular,FreshMart Delhi Central,Supermarket
ORD01359,2025-01-06,C0106,P046,S007,2,400,260,0,800,0.0,800.0,280.0,Debit Card,Honey,Groceries & Food,Riya Joshi,Kolkata,18-24,Regular,FreshMart Kolkata,Supermarket
ORD01360,2025-08-10,C0218,P029,S008,1,650,380,0,650,0.0,650.0,270.0,Wallet,Mop,Cleaning & Household,Riya Verma,Ahmedabad,35-44,Silver,FreshMart Ahmedabad,Supermarket
ORD01361,2025-06-27,C0212,P056,S005,3,60,35,10,180,18.0,162.0,57.0,UPI,Lemon Drink,Beverages,Rohan Verma,Chennai,35-44,Silver,FreshMart Chennai,Supermarket
ORD01362,2024-10-31,C0146,P008,S005,1,600,320,0,600,0.0,600.0,280.0,Credit Card,Lunch Box,Kitchen Items,Riya Gupta,Chennai,18-24,Platinum,FreshMart Chennai,Supermarket
ORD01363,2026-09-06,C0176,P069,S001,3,220,120,0,660,0.0,660.0,300.0,Credit Card,Hair Oil,Personal Care,Aisha Verma,Delhi,55+,Silver,FreshMart Delhi Central,Supermarket
ORD01364,2024-10-17,C0259,P070,S003,1,300,170,0,300,0.0,300.0,130.0,UPI,Razor Pack,Personal Care,Raj Sharma,Bengaluru,35-44,Silver,FreshMart Bengaluru Hub,Hypermarket
ORD01365,2026-04-27,C0193,P037,S007,2,650,500,5,1300,65.0,1235.0,235.0,UPI,Basmati Rice 5kg,Groceries & Food,Raj Patel,Kolkata,18-24,Gold,FreshMart Kolkata,Supermarket
ORD01366,2025-05-18,C0038,P087,S004,1,700,400,5,700,35.0,665.0,265.0,Credit Card,Pillow,Home & Living,Aditya Khan,Hyderabad,35-44,Silver,FreshMart Hyderabad,Supermarket
ORD01367,2025-04-16,C0312,P048,S007,1,450,300,5,450,22.5,427.5,127.5,Credit Card,Coffee Pack,Groceries & Food,Pooja Gupta,Kolkata,18-24,Gold,FreshMart Kolkata,Supermarket
ORD01368,2025-03-25,C0041,P060,S007,2,70,40,0,140,0.0,140.0,60.0,UPI,Coconut Water,Beverages,Neha Patel,Kolkata,45-54,Regular,FreshMart Kolkata,Supermarket
ORD01369,2024-02-05,C0327,P090,S006,1,300,150,5,300,15.0,285.0,135.0,UPI,Photo Frame,Home & Living,Vivaan Mehta,Pune,35-44,Silver,FreshMart Pune,Supermarket
ORD01370,2025-12-16,C0296,P023,S003,3,220,100,10,660,66.0,594.0,294.0,UPI,Hand Towel,Bathroom Items,Ananya Verma,Bengaluru,35-44,Regular,FreshMart Bengaluru Hub,Hypermarket
ORD01371,2026-05-12,C0022,P048,S003,1,450,300,10,450,45.0,405.0,105.0,UPI,Coffee Pack,Groceries & Food,Arjun Gupta,Bengaluru,45-54,Silver,FreshMart Bengaluru Hub,Hypermarket
ORD01372,2024-10-20,C0151,P019,S003,1,900,500,20,900,180.0,720.0,220.0,UPI,Towel Rack,Bathroom Items,Meera Sharma,Bengaluru,25-34,Gold,FreshMart Bengaluru Hub,Hypermarket
ORD01373,2024-05-31,C0395,P063,S005,2,120,70,5,240,12.0,228.0,88.0,UPI,Toothpaste,Personal Care,Riya Joshi,Chennai,45-54,Gold,FreshMart Chennai,Supermarket
ORD01374,2024-10-10,C0350,P024,S004,1,180,85,10,180,18.0,162.0,77.0,Credit Card,Toothbrush Holder,Bathroom Items,Ananya Kumar,Hyderabad,18-24,Regular,FreshMart Hyderabad,Supermarket
ORD01375,2026-08-20,C0129,P064,S008,2,80,35,10,160,16.0,144.0,74.0,Debit Card,Toothbrush,Personal Care,Raj Das,Ahmedabad,45-54,Regular,FreshMart Ahmedabad,Supermarket
ORD01376,2026-04-22,C0025,P035,S005,2,300,150,0,600,0.0,600.0,300.0,Debit Card,Bucket,Cleaning & Household,Ananya Verma,Chennai,45-54,Regular,FreshMart Chennai,Supermarket
ORD01377,2024-08-15,C0173,P003,S008,1,350,180,15,350,52.5,297.5,117.5,UPI,Cutting Board,Kitchen Items,Aarav Khan,Ahmedabad,45-54,Regular,FreshMart Ahmedabad,Supermarket
ORD01378,2026-11-20,C0079,P062,S005,3,280,160,10,840,84.0,756.0,276.0,Cash,Body Wash,Personal Care,Aarav Verma,Chennai,25-34,Silver,FreshMart Chennai,Supermarket
ORD01379,2025-06-12,C0087,P041,S005,4,30,20,5,120,6.0,114.0,34.0,Debit Card,Salt 1kg,Groceries & Food,Sneha Gupta,Chennai,45-54,Regular,FreshMart Chennai,Supermarket
ORD01380,2024-11-17,C0398,P043,S004,1,280,170,0,280,0.0,280.0,110.0,Wallet,Breakfast Cereal,Groceries & Food,Meera Das,Hyderabad,18-24,Silver,FreshMart Hyderabad,Supermarket
ORD01381,2026-03-31,C0313,P068,S006,2,250,140,0,500,0.0,500.0,220.0,UPI,Deodorant,Personal Care,Amit Joshi,Pune,18-24,Regular,FreshMart Pune,Supermarket
ORD01382,2024-06-07,C0148,P068,S005,3,250,140,5,750,37.5,712.5,292.5,UPI,Deodorant,Personal Care,Aarav Das,Chennai,45-54,Regular,FreshMart Chennai,Supermarket
ORD01383,2026-02-18,C0342,P054,S008,1,110,65,10,110,11.0,99.0,34.0,Debit Card,Energy Drink,Beverages,Neha Gupta,Ahmedabad,35-44,Regular,FreshMart Ahmedabad,Supermarket
ORD01384,2024-08-10,C0002,P027,S002,1,450,240,0,450,0.0,450.0,210.0,Debit Card,Laundry Detergent,Cleaning & Household,Arjun Khan,Mumbai,55+,Regular,FreshMart Mumbai West,Supermarket
ORD01385,2025-05-05,C0130,P031,S006,1,120,50,5,120,6.0,114.0,64.0,UPI,Cleaning Sponge Pack,Cleaning & Household,Meera Kumar,Pune,25-34,Gold,FreshMart Pune,Supermarket
ORD01386,2025-09-25,C0396,P057,S002,1,140,80,0,140,0.0,140.0,60.0,Wallet,Mango Juice,Beverages,Priya Patel,Mumbai,45-54,Silver,FreshMart Mumbai West,Supermarket
ORD01387,2024-06-23,C0158,P032,S005,5,200,95,5,1000,50.0,950.0,475.0,Credit Card,Glass Cleaner,Cleaning & Household,Isha Joshi,Chennai,18-24,Regular,FreshMart Chennai,Supermarket
ORD01388,2024-04-03,C0014,P070,S004,1,300,170,0,300,0.0,300.0,130.0,UPI,Razor Pack,Personal Care,Rahul Khan,Hyderabad,25-34,Regular,FreshMart Hyderabad,Supermarket
ORD01389,2025-08-01,C0190,P092,S006,4,1800,1100,5,7200,360.0,6840.0,2440.0,UPI,Curtain Set,Home & Living,Rohan Khan,Pune,18-24,Gold,FreshMart Pune,Supermarket
ORD01390,2025-12-29,C0024,P045,S002,2,350,220,0,700,0.0,700.0,260.0,Credit Card,Peanut Butter,Groceries & Food,Riya Sharma,Mumbai,55+,Silver,FreshMart Mumbai West,Supermarket
ORD01391,2024-07-25,C0277,P063,S007,2,120,70,10,240,24.0,216.0,76.0,UPI,Toothpaste,Personal Care,Arjun Singh,Kolkata,55+,Regular,FreshMart Kolkata,Supermarket
ORD01392,2026-09-03,C0019,P072,S005,2,120,60,15,240,36.0,204.0,84.0,UPI,Cotton Pads,Personal Care,Riya Khan,Chennai,55+,Regular,FreshMart Chennai,Supermarket
ORD01393,2026-08-06,C0274,P017,S007,1,250,130,5,250,12.5,237.5,107.5,Wallet,Toilet Brush,Bathroom Items,Ananya Das,Kolkata,55+,Regular,FreshMart Kolkata,Supermarket
ORD01394,2025-03-17,C0009,P026,S007,3,160,75,10,480,48.0,432.0,207.0,Debit Card,Dishwashing Liquid,Cleaning & Household,Riya Verma,Kolkata,18-24,Silver,FreshMart Kolkata,Supermarket
ORD01395,2026-10-24,C0243,P015,S002,2,350,180,10,700,70.0,630.0,270.0,Wallet,Soap Dispenser,Bathroom Items,Kavya Verma,Mumbai,35-44,Silver,FreshMart Mumbai West,Supermarket
ORD01396,2024-09-25,C0244,P046,S005,1,400,260,0,400,0.0,400.0,140.0,Cash,Honey,Groceries & Food,Aditya Gupta,Chennai,55+,Silver,FreshMart Chennai,Supermarket
ORD01397,2026-03-04,C0008,P043,S005,1,280,170,20,280,56.0,224.0,54.0,Credit Card,Breakfast Cereal,Groceries & Food,Priya Das,Chennai,18-24,Silver,FreshMart Chennai,Supermarket
ORD01398,2026-10-02,C0385,P096,S001,1,500,260,15,500,75.0,425.0,165.0,Credit Card,Desk Organizer,Home & Living,Sneha Patel,Delhi,45-54,Regular,FreshMart Delhi Central,Supermarket
ORD01399,2024-06-27,C0001,P092,S005,2,1800,1100,5,3600,180.0,3420.0,1220.0,UPI,Curtain Set,Home & Living,Arjun Sharma,Chennai,25-34,Regular,FreshMart Chennai,Supermarket
ORD01400,2024-05-19,C0001,P032,S005,1,200,95,0,200,0.0,200.0,105.0,UPI,Glass Cleaner,Cleaning & Household,Arjun Sharma,Chennai,25-34,Regular,FreshMart Chennai,Supermarket
ORD01401,2026-08-01,C0168,P015,S008,1,350,180,5,350,17.5,332.5,152.5,UPI,Soap Dispenser,Bathroom Items,Meera Mehta,Ahmedabad,18-24,Regular,FreshMart Ahmedabad,Supermarket
ORD01402,2024-10-14,C0373,P076,S007,5,250,120,5,1250,62.5,1187.5,587.5,UPI,Dog Toy,Pet Supplies,Rahul Joshi,Kolkata,45-54,Regular,FreshMart Kolkata,Supermarket
ORD01403,2026-04-17,C0280,P031,S003,3,120,50,15,360,54.0,306.0,156.0,UPI,Cleaning Sponge Pack,Cleaning & Household,Priya Patel,Bengaluru,25-34,Regular,FreshMart Bengaluru Hub,Hypermarket
ORD01404,2025-10-04,C0253,P041,S002,2,30,20,5,60,3.0,57.0,17.0,UPI,Salt 1kg,Groceries & Food,Riya Patel,Mumbai,45-54,Regular,FreshMart Mumbai West,Supermarket
ORD01405,2024-03-28,C0104,P074,S003,2,850,600,5,1700,85.0,1615.0,415.0,Debit Card,Cat Food,Pet Supplies,Riya Verma,Bengaluru,25-34,Regular,FreshMart Bengaluru Hub,Hypermarket
ORD01406,2024-01-17,C0234,P032,S001,1,200,95,0,200,0.0,200.0,105.0,UPI,Glass Cleaner,Cleaning & Household,Rohan Das,Delhi,35-44,Gold,FreshMart Delhi Central,Supermarket
ORD01407,2024-05-29,C0216,P056,S004,1,60,35,15,60,9.0,51.0,16.0,Debit Card,Lemon Drink,Beverages,Aditya Gupta,Hyderabad,45-54,Platinum,FreshMart Hyderabad,Supermarket
ORD01408,2026-08-17,C0126,P045,S006,2,350,220,15,700,105.0,595.0,155.0,Credit Card,Peanut Butter,Groceries & Food,Priya Verma,Pune,18-24,Gold,FreshMart Pune,Supermarket
ORD01409,2024-08-09,C0327,P007,S006,4,450,220,15,1800,270.0,1530.0,650.0,Debit Card,Water Bottle,Kitchen Items,Vivaan Mehta,Pune,35-44,Silver,FreshMart Pune,Supermarket
ORD01410,2025-11-13,C0041,P032,S007,5,200,95,5,1000,50.0,950.0,475.0,Debit Card,Glass Cleaner,Cleaning & Household,Neha Patel,Kolkata,45-54,Regular,FreshMart Kolkata,Supermarket
ORD01411,2025-07-24,C0032,P042,S005,2,90,55,5,180,9.0,171.0,61.0,Wallet,Pasta,Groceries & Food,Riya Gupta,Chennai,55+,Gold,FreshMart Chennai,Supermarket
ORD01412,2025-03-13,C0219,P021,S007,1,1000,600,0,1000,0.0,1000.0,400.0,Credit Card,Laundry Basket,Bathroom Items,Raj Das,Kolkata,35-44,Regular,FreshMart Kolkata,Supermarket
ORD01413,2026-01-10,C0151,P041,S003,3,30,20,20,90,18.0,72.0,12.0,UPI,Salt 1kg,Groceries & Food,Meera Sharma,Bengaluru,25-34,Gold,FreshMart Bengaluru Hub,Hypermarket
ORD01414,2024-02-16,C0192,P025,S002,4,220,110,10,880,88.0,792.0,352.0,UPI,Floor Cleaner,Cleaning & Household,Neha Gupta,Mumbai,45-54,Silver,FreshMart Mumbai West,Supermarket
ORD01415,2024-06-20,C0139,P057,S006,1,140,80,0,140,0.0,140.0,60.0,UPI,Mango Juice,Beverages,Kabir Das,Pune,45-54,Silver,FreshMart Pune,Supermarket
ORD01416,2026-07-13,C0389,P081,S006,3,200,120,5,600,30.0,570.0,210.0,Debit Card,Bird Food,Pet Supplies,Sneha Patel,Pune,55+,Gold,FreshMart Pune,Supermarket
ORD01417,2024-04-20,C0324,P029,S007,1,650,380,15,650,97.5,552.5,172.5,UPI,Mop,Cleaning & Household,Amit Das,Kolkata,25-34,Silver,FreshMart Kolkata,Supermarket
ORD01418,2024-11-23,C0376,P064,S002,2,80,35,5,160,8.0,152.0,82.0,Debit Card,Toothbrush,Personal Care,Pooja Khan,Mumbai,35-44,Regular,FreshMart Mumbai West,Supermarket
ORD01419,2026-06-13,C0251,P096,S007,1,500,260,10,500,50.0,450.0,190.0,UPI,Desk Organizer,Home & Living,Aditya Verma,Kolkata,18-24,Silver,FreshMart Kolkata,Supermarket
ORD01420,2025-02-10,C0350,P001,S004,1,1200,750,10,1200,120.0,1080.0,330.0,Credit Card,Frying Pan,Kitchen Items,Ananya Kumar,Hyderabad,18-24,Regular,FreshMart Hyderabad,Supermarket
ORD01421,2025-11-28,C0309,P036,S005,4,200,90,5,800,40.0,760.0,400.0,UPI,Dustpan,Cleaning & Household,Isha Gupta,Chennai,18-24,Silver,FreshMart Chennai,Supermarket
ORD01422,2026-04-12,C0054,P066,S002,1,300,180,10,300,30.0,270.0,90.0,Wallet,Face Wash,Personal Care,Amit Mehta,Mumbai,55+,Regular,FreshMart Mumbai West,Supermarket
ORD01423,2024-09-14,C0053,P092,S002,2,1800,1100,5,3600,180.0,3420.0,1220.0,Credit Card,Curtain Set,Home & Living,Aditya Gupta,Mumbai,55+,Regular,FreshMart Mumbai West,Supermarket
ORD01424,2025-01-19,C0154,P012,S007,1,180,80,5,180,9.0,171.0,91.0,UPI,Kitchen Towel,Kitchen Items,Kavya Kumar,Kolkata,35-44,Silver,FreshMart Kolkata,Supermarket
ORD01425,2025-12-13,C0182,P047,S005,1,250,150,10,250,25.0,225.0,75.0,Wallet,Tea Pack,Groceries & Food,Rohan Verma,Chennai,45-54,Regular,FreshMart Chennai,Supermarket
ORD01426,2026-01-15,C0338,P045,S006,1,350,220,15,350,52.5,297.5,77.5,Credit Card,Peanut Butter,Groceries & Food,Aisha Joshi,Pune,55+,Regular,FreshMart Pune,Supermarket
ORD01427,2026-10-19,C0390,P077,S007,2,220,100,0,440,0.0,440.0,240.0,UPI,Cat Toy,Pet Supplies,Rohan Singh,Kolkata,55+,Regular,FreshMart Kolkata,Supermarket
ORD01428,2026-12-07,C0038,P038,S004,1,300,220,15,300,45.0,255.0,35.0,Credit Card,Wheat Flour 5kg,Groceries & Food,Aditya Khan,Hyderabad,35-44,Silver,FreshMart Hyderabad,Supermarket
ORD01429,2024-11-29,C0228,P041,S006,1,30,20,10,30,3.0,27.0,7.0,Debit Card,Salt 1kg,Groceries & Food,Priya Verma,Pune,55+,Gold,FreshMart Pune,Supermarket
ORD01430,2025-08-03,C0287,P039,S002,2,180,140,15,360,54.0,306.0,26.0,Wallet,Cooking Oil 1L,Groceries & Food,Kabir Verma,Mumbai,55+,Silver,FreshMart Mumbai West,Supermarket
ORD01431,2024-06-28,C0259,P010,S003,3,250,110,0,750,0.0,750.0,420.0,Debit Card,Coffee Mug,Kitchen Items,Raj Sharma,Bengaluru,35-44,Silver,FreshMart Bengaluru Hub,Hypermarket
ORD01432,2026-04-22,C0193,P055,S007,1,90,50,10,90,9.0,81.0,31.0,Debit Card,Cold Coffee,Beverages,Raj Patel,Kolkata,18-24,Gold,FreshMart Kolkata,Supermarket
ORD01433,2026-06-28,C0290,P048,S008,2,450,300,10,900,90.0,810.0,210.0,Debit Card,Coffee Pack,Groceries & Food,Rohan Sharma,Ahmedabad,18-24,Gold,FreshMart Ahmedabad,Supermarket
ORD01434,2025-03-09,C0301,P074,S005,1,850,600,5,850,42.5,807.5,207.5,UPI,Cat Food,Pet Supplies,Rohan Verma,Chennai,18-24,Regular,FreshMart Chennai,Supermarket
ORD01435,2026-08-19,C0070,P036,S003,4,200,90,0,800,0.0,800.0,440.0,Debit Card,Dustpan,Cleaning & Household,Rohan Mehta,Bengaluru,18-24,Regular,FreshMart Bengaluru Hub,Hypermarket
ORD01436,2026-03-21,C0383,P042,S008,1,90,55,0,90,0.0,90.0,35.0,UPI,Pasta,Groceries & Food,Aisha Das,Ahmedabad,35-44,Regular,FreshMart Ahmedabad,Supermarket
ORD01437,2025-06-25,C0307,P032,S008,1,200,95,15,200,30.0,170.0,75.0,Wallet,Glass Cleaner,Cleaning & Household,Meera Joshi,Ahmedabad,35-44,Silver,FreshMart Ahmedabad,Supermarket
ORD01438,2024-01-09,C0195,P050,S002,4,150,90,0,600,0.0,600.0,240.0,UPI,Orange Juice,Beverages,Vivaan Das,Mumbai,25-34,Silver,FreshMart Mumbai West,Supermarket
ORD01439,2026-02-05,C0220,P024,S001,3,180,85,5,540,27.0,513.0,258.0,Debit Card,Toothbrush Holder,Bathroom Items,Amit Joshi,Delhi,55+,Gold,FreshMart Delhi Central,Supermarket
ORD01440,2024-12-15,C0023,P034,S008,5,250,120,0,1250,0.0,1250.0,650.0,Wallet,Disinfectant Spray,Cleaning & Household,Sneha Mehta,Ahmedabad,55+,Regular,FreshMart Ahmedabad,Supermarket
ORD01441,2026-03-16,C0192,P036,S002,3,200,90,10,600,60.0,540.0,270.0,Credit Card,Dustpan,Cleaning & Household,Neha Gupta,Mumbai,45-54,Silver,FreshMart Mumbai West,Supermarket
ORD01442,2026-03-10,C0374,P014,S003,5,700,380,0,3500,0.0,3500.0,1600.0,Wallet,Shower Curtain,Bathroom Items,Ananya Das,Bengaluru,35-44,Gold,FreshMart Bengaluru Hub,Hypermarket
ORD01443,2026-06-14,C0378,P047,S007,1,250,150,10,250,25.0,225.0,75.0,UPI,Tea Pack,Groceries & Food,Vivaan Kumar,Kolkata,55+,Regular,FreshMart Kolkata,Supermarket
ORD01444,2026-03-13,C0270,P015,S005,3,350,180,5,1050,52.5,997.5,457.5,UPI,Soap Dispenser,Bathroom Items,Karan Gupta,Chennai,35-44,Regular,FreshMart Chennai,Supermarket
ORD01445,2025-10-22,C0146,P047,S005,1,250,150,0,250,0.0,250.0,100.0,Debit Card,Tea Pack,Groceries & Food,Riya Gupta,Chennai,18-24,Platinum,FreshMart Chennai,Supermarket
ORD01446,2024-02-26,C0219,P049,S007,2,30,15,5,60,3.0,57.0,27.0,Wallet,Mineral Water,Beverages,Raj Das,Kolkata,35-44,Regular,FreshMart Kolkata,Supermarket
ORD01447,2024-02-21,C0268,P050,S005,2,150,90,0,300,0.0,300.0,120.0,Credit Card,Orange Juice,Beverages,Meera Joshi,Chennai,18-24,Regular,FreshMart Chennai,Supermarket
ORD01448,2026-01-03,C0359,P060,S002,1,70,40,10,70,7.0,63.0,23.0,UPI,Coconut Water,Beverages,Riya Gupta,Mumbai,18-24,Regular,FreshMart Mumbai West,Supermarket
ORD01449,2025-05-17,C0286,P029,S001,2,650,380,10,1300,130.0,1170.0,410.0,UPI,Mop,Cleaning & Household,Kavya Joshi,Delhi,18-24,Regular,FreshMart Delhi Central,Supermarket
ORD01450,2024-04-15,C0192,P030,S002,1,180,80,15,180,27.0,153.0,73.0,Debit Card,Garbage Bags,Cleaning & Household,Neha Gupta,Mumbai,45-54,Silver,FreshMart Mumbai West,Supermarket
ORD01451,2024-07-30,C0172,P058,S002,1,40,22,15,40,6.0,34.0,12.0,UPI,Soda Water,Beverages,Raj Patel,Mumbai,45-54,Gold,FreshMart Mumbai West,Supermarket
ORD01452,2025-06-20,C0026,P020,S003,3,750,420,0,2250,0.0,2250.0,990.0,Credit Card,Shower Caddy,Bathroom Items,Aarav Kumar,Bengaluru,55+,Gold,FreshMart Bengaluru Hub,Hypermarket
ORD01453,2025-03-01,C0196,P041,S002,1,30,20,5,30,1.5,28.5,8.5,UPI,Salt 1kg,Groceries & Food,Kabir Singh,Mumbai,45-54,Platinum,FreshMart Mumbai West,Supermarket
ORD01454,2024-06-05,C0231,P001,S001,1,1200,750,0,1200,0.0,1200.0,450.0,Cash,Frying Pan,Kitchen Items,Isha Sharma,Delhi,35-44,Regular,FreshMart Delhi Central,Supermarket
ORD01455,2026-07-12,C0304,P056,S008,3,60,35,0,180,0.0,180.0,75.0,UPI,Lemon Drink,Beverages,Isha Gupta,Ahmedabad,18-24,Regular,FreshMart Ahmedabad,Supermarket
ORD01456,2024-03-05,C0234,P017,S001,1,250,130,0,250,0.0,250.0,120.0,UPI,Toilet Brush,Bathroom Items,Rohan Das,Delhi,35-44,Gold,FreshMart Delhi Central,Supermarket
ORD01457,2024-01-11,C0390,P093,S007,1,450,250,10,450,45.0,405.0,155.0,Wallet,Doormat,Home & Living,Rohan Singh,Kolkata,55+,Regular,FreshMart Kolkata,Supermarket
ORD01458,2024-03-01,C0361,P026,S006,2,160,75,5,320,16.0,304.0,154.0,Debit Card,Dishwashing Liquid,Cleaning & Household,Aditya Gupta,Pune,18-24,Regular,FreshMart Pune,Supermarket
ORD01459,2026-01-17,C0157,P029,S001,1,650,380,0,650,0.0,650.0,270.0,UPI,Mop,Cleaning & Household,Aditya Gupta,Delhi,45-54,Regular,FreshMart Delhi Central,Supermarket
ORD01460,2024-09-16,C0075,P033,S001,1,280,140,5,280,14.0,266.0,126.0,Wallet,Air Freshener,Cleaning & Household,Arjun Mehta,Delhi,45-54,Regular,FreshMart Delhi Central,Supermarket
ORD01461,2025-08-25,C0098,P039,S003,2,180,140,10,360,36.0,324.0,44.0,Credit Card,Cooking Oil 1L,Groceries & Food,Arjun Joshi,Bengaluru,45-54,Silver,FreshMart Bengaluru Hub,Hypermarket
ORD01462,2025-01-30,C0025,P093,S005,1,450,250,0,450,0.0,450.0,200.0,Cash,Doormat,Home & Living,Ananya Verma,Chennai,45-54,Regular,FreshMart Chennai,Supermarket
ORD01463,2026-03-15,C0195,P071,S002,1,180,100,10,180,18.0,162.0,62.0,Credit Card,Sanitary Pads,Personal Care,Vivaan Das,Mumbai,25-34,Silver,FreshMart Mumbai West,Supermarket
ORD01464,2025-02-25,C0081,P013,S002,4,500,280,5,2000,100.0,1900.0,780.0,Cash,Bath Towel,Bathroom Items,Ananya Mehta,Mumbai,45-54,Gold,FreshMart Mumbai West,Supermarket
ORD01465,2025-07-10,C0161,P042,S003,3,90,55,5,270,13.5,256.5,91.5,Credit Card,Pasta,Groceries & Food,Rohan Kumar,Bengaluru,18-24,Regular,FreshMart Bengaluru Hub,Hypermarket
ORD01466,2025-12-23,C0219,P046,S007,2,400,260,0,800,0.0,800.0,280.0,UPI,Honey,Groceries & Food,Raj Das,Kolkata,35-44,Regular,FreshMart Kolkata,Supermarket
ORD01467,2026-11-13,C0111,P010,S008,1,250,110,5,250,12.5,237.5,127.5,Cash,Coffee Mug,Kitchen Items,Sneha Gupta,Ahmedabad,25-34,Platinum,FreshMart Ahmedabad,Supermarket
ORD01468,2026-12-22,C0071,P085,S004,1,1200,700,0,1200,0.0,1200.0,500.0,UPI,Table Lamp,Home & Living,Vivaan Patel,Hyderabad,25-34,Silver,FreshMart Hyderabad,Supermarket
ORD01469,2026-01-02,C0227,P066,S008,1,300,180,0,300,0.0,300.0,120.0,UPI,Face Wash,Personal Care,Priya Singh,Ahmedabad,45-54,Platinum,FreshMart Ahmedabad,Supermarket
ORD01470,2025-11-10,C0132,P016,S007,2,650,360,10,1300,130.0,1170.0,450.0,UPI,Bathroom Mat,Bathroom Items,Meera Das,Kolkata,35-44,Regular,FreshMart Kolkata,Supermarket
ORD01471,2025-10-20,C0173,P053,S008,2,120,70,0,240,0.0,240.0,100.0,Credit Card,Green Tea Drink,Beverages,Aarav Khan,Ahmedabad,45-54,Regular,FreshMart Ahmedabad,Supermarket
ORD01472,2024-07-29,C0347,P047,S007,2,250,150,10,500,50.0,450.0,150.0,Wallet,Tea Pack,Groceries & Food,Priya Patel,Kolkata,55+,Regular,FreshMart Kolkata,Supermarket
ORD01473,2024-06-02,C0294,P071,S002,2,180,100,5,360,18.0,342.0,142.0,Debit Card,Sanitary Pads,Personal Care,Vivaan Patel,Mumbai,35-44,Regular,FreshMart Mumbai West,Supermarket
ORD01474,2025-10-07,C0043,P046,S004,3,400,260,5,1200,60.0,1140.0,360.0,Wallet,Honey,Groceries & Food,Arjun Singh,Hyderabad,25-34,Regular,FreshMart Hyderabad,Supermarket
ORD01475,2024-09-11,C0339,P042,S002,2,90,55,5,180,9.0,171.0,61.0,Credit Card,Pasta,Groceries & Food,Aditya Mehta,Mumbai,45-54,Silver,FreshMart Mumbai West,Supermarket
ORD01476,2024-02-13,C0250,P025,S008,1,220,110,5,220,11.0,209.0,99.0,Cash,Floor Cleaner,Cleaning & Household,Priya Gupta,Ahmedabad,18-24,Regular,FreshMart Ahmedabad,Supermarket
ORD01477,2026-08-03,C0322,P089,S001,1,800,450,10,800,80.0,720.0,270.0,Credit Card,Wall Clock,Home & Living,Aisha Das,Delhi,55+,Silver,FreshMart Delhi Central,Supermarket
ORD01478,2026-12-22,C0210,P090,S003,1,300,150,5,300,15.0,285.0,135.0,Cash,Photo Frame,Home & Living,Isha Kumar,Bengaluru,18-24,Gold,FreshMart Bengaluru Hub,Hypermarket
ORD01479,2025-09-08,C0307,P045,S008,1,350,220,10,350,35.0,315.0,95.0,Credit Card,Peanut Butter,Groceries & Food,Meera Joshi,Ahmedabad,35-44,Silver,FreshMart Ahmedabad,Supermarket
ORD01480,2025-10-03,C0336,P039,S002,1,180,140,0,180,0.0,180.0,40.0,Wallet,Cooking Oil 1L,Groceries & Food,Ananya Kumar,Mumbai,35-44,Regular,FreshMart Mumbai West,Supermarket
ORD01481,2024-09-05,C0040,P044,S007,3,120,70,15,360,54.0,306.0,96.0,UPI,Biscuits Pack,Groceries & Food,Amit Joshi,Kolkata,25-34,Regular,FreshMart Kolkata,Supermarket
ORD01482,2024-01-22,C0121,P031,S002,1,120,50,20,120,24.0,96.0,46.0,Cash,Cleaning Sponge Pack,Cleaning & Household,Priya Gupta,Mumbai,25-34,Platinum,FreshMart Mumbai West,Supermarket
ORD01483,2025-04-08,C0376,P064,S002,1,80,35,0,80,0.0,80.0,45.0,Wallet,Toothbrush,Personal Care,Pooja Khan,Mumbai,35-44,Regular,FreshMart Mumbai West,Supermarket
ORD01484,2024-01-11,C0180,P039,S008,4,180,140,15,720,108.0,612.0,52.0,UPI,Cooking Oil 1L,Groceries & Food,Neha Joshi,Ahmedabad,25-34,Regular,FreshMart Ahmedabad,Supermarket
ORD01485,2024-08-14,C0104,P069,S003,1,220,120,0,220,0.0,220.0,100.0,UPI,Hair Oil,Personal Care,Riya Verma,Bengaluru,25-34,Regular,FreshMart Bengaluru Hub,Hypermarket
ORD01486,2026-02-16,C0071,P049,S004,1,30,15,0,30,0.0,30.0,15.0,UPI,Mineral Water,Beverages,Vivaan Patel,Hyderabad,25-34,Silver,FreshMart Hyderabad,Supermarket
ORD01487,2024-09-15,C0122,P046,S001,1,400,260,0,400,0.0,400.0,140.0,Credit Card,Honey,Groceries & Food,Arjun Das,Delhi,35-44,Silver,FreshMart Delhi Central,Supermarket
ORD01488,2026-04-26,C0281,P081,S003,2,200,120,10,400,40.0,360.0,120.0,Credit Card,Bird Food,Pet Supplies,Raj Singh,Bengaluru,55+,Regular,FreshMart Bengaluru Hub,Hypermarket
ORD01489,2026-09-05,C0167,P035,S008,2,300,150,20,600,120.0,480.0,180.0,UPI,Bucket,Cleaning & Household,Rahul Joshi,Ahmedabad,35-44,Regular,FreshMart Ahmedabad,Supermarket
ORD01490,2025-04-07,C0284,P061,S008,1,350,200,10,350,35.0,315.0,115.0,Debit Card,Shampoo,Personal Care,Aditya Joshi,Ahmedabad,35-44,Silver,FreshMart Ahmedabad,Supermarket
ORD01491,2025-05-11,C0339,P048,S002,2,450,300,10,900,90.0,810.0,210.0,UPI,Coffee Pack,Groceries & Food,Aditya Mehta,Mumbai,45-54,Silver,FreshMart Mumbai West,Supermarket
ORD01492,2026-10-02,C0204,P008,S005,2,600,320,5,1200,60.0,1140.0,500.0,UPI,Lunch Box,Kitchen Items,Kavya Patel,Chennai,45-54,Silver,FreshMart Chennai,Supermarket
ORD01493,2025-11-28,C0003,P037,S004,2,650,500,5,1300,65.0,1235.0,235.0,Cash,Basmati Rice 5kg,Groceries & Food,Aarav Verma,Hyderabad,25-34,Regular,FreshMart Hyderabad,Supermarket
ORD01494,2025-09-30,C0100,P061,S008,2,350,200,10,700,70.0,630.0,230.0,Cash,Shampoo,Personal Care,Pooja Mehta,Ahmedabad,25-34,Silver,FreshMart Ahmedabad,Supermarket
ORD01495,2024-09-23,C0361,P020,S006,1,750,420,0,750,0.0,750.0,330.0,Wallet,Shower Caddy,Bathroom Items,Aditya Gupta,Pune,18-24,Regular,FreshMart Pune,Supermarket
ORD01496,2026-11-17,C0277,P073,S007,1,900,650,0,900,0.0,900.0,250.0,Credit Card,Dog Food,Pet Supplies,Arjun Singh,Kolkata,55+,Regular,FreshMart Kolkata,Supermarket
ORD01497,2024-07-28,C0040,P052,S007,1,50,30,15,50,7.5,42.5,12.5,Debit Card,Cola Drink,Beverages,Amit Joshi,Kolkata,25-34,Regular,FreshMart Kolkata,Supermarket
ORD01498,2026-08-01,C0226,P036,S007,1,200,90,0,200,0.0,200.0,110.0,Debit Card,Dustpan,Cleaning & Household,Aisha Das,Kolkata,35-44,Regular,FreshMart Kolkata,Supermarket
ORD01499,2025-06-27,C0162,P042,S005,1,90,55,5,90,4.5,85.5,30.5,UPI,Pasta,Groceries & Food,Kabir Das,Chennai,45-54,Regular,FreshMart Chennai,Supermarket
ORD01500,2026-03-23,C0250,P030,S008,2,180,80,5,360,18.0,342.0,182.0,UPI,Garbage Bags,Cleaning & Household,Priya Gupta,Ahmedabad,18-24,Regular,FreshMart Ahmedabad,Supermarket
ORD01501,2024-07-19,C0189,P033,S003,1,280,140,0,280,0.0,280.0,140.0,Wallet,Air Freshener,Cleaning & Household,Sneha Mehta,Bengaluru,45-54,Platinum,FreshMart Bengaluru Hub,Hypermarket
ORD01502,2025-01-22,C0016,P029,S001,1,650,380,5,650,32.5,617.5,237.5,Credit Card,Mop,Cleaning & Household,Vivaan Singh,Delhi,35-44,Regular,FreshMart Delhi Central,Supermarket
ORD01503,2026-06-06,C0042,P037,S001,1,650,500,0,650,0.0,650.0,150.0,UPI,Basmati Rice 5kg,Groceries & Food,Vivaan Verma,Delhi,45-54,Silver,FreshMart Delhi Central,Supermarket
ORD01504,2024-08-23,C0318,P015,S005,1,350,180,0,350,0.0,350.0,170.0,UPI,Soap Dispenser,Bathroom Items,Aditya Sharma,Chennai,25-34,Gold,FreshMart Chennai,Supermarket
ORD01505,2024-07-25,C0051,P008,S001,1,600,320,15,600,90.0,510.0,190.0,Debit Card,Lunch Box,Kitchen Items,Vivaan Das,Delhi,35-44,Regular,FreshMart Delhi Central,Supermarket
ORD01506,2026-03-15,C0186,P037,S006,1,650,500,10,650,65.0,585.0,85.0,Cash,Basmati Rice 5kg,Groceries & Food,Sneha Joshi,Pune,25-34,Platinum,FreshMart Pune,Supermarket
ORD01507,2025-02-25,C0391,P029,S006,1,650,380,0,650,0.0,650.0,270.0,Debit Card,Mop,Cleaning & Household,Vivaan Gupta,Pune,45-54,Regular,FreshMart Pune,Supermarket
ORD01508,2025-08-12,C0299,P064,S005,2,80,35,0,160,0.0,160.0,90.0,Credit Card,Toothbrush,Personal Care,Aarav Patel,Chennai,25-34,Platinum,FreshMart Chennai,Supermarket
ORD01509,2026-09-03,C0182,P063,S005,2,120,70,15,240,36.0,204.0,64.0,Debit Card,Toothpaste,Personal Care,Rohan Verma,Chennai,45-54,Regular,FreshMart Chennai,Supermarket
ORD01510,2024-05-22,C0397,P016,S008,1,650,360,0,650,0.0,650.0,290.0,Credit Card,Bathroom Mat,Bathroom Items,Aarav Das,Ahmedabad,35-44,Platinum,FreshMart Ahmedabad,Supermarket
ORD01511,2026-08-29,C0233,P091,S004,1,250,110,0,250,0.0,250.0,140.0,Wallet,Cushion Cover,Home & Living,Riya Singh,Hyderabad,25-34,Regular,FreshMart Hyderabad,Supermarket
ORD01512,2024-12-15,C0029,P073,S006,3,900,650,5,2700,135.0,2565.0,615.0,Wallet,Dog Food,Pet Supplies,Aarav Verma,Pune,35-44,Regular,FreshMart Pune,Supermarket
ORD01513,2026-09-27,C0293,P052,S007,3,50,30,5,150,7.5,142.5,52.5,UPI,Cola Drink,Beverages,Kabir Mehta,Kolkata,35-44,Silver,FreshMart Kolkata,Supermarket
ORD01514,2025-08-18,C0219,P011,S007,3,2500,1700,5,7500,375.0,7125.0,2025.0,UPI,Pressure Cooker,Kitchen Items,Raj Das,Kolkata,35-44,Regular,FreshMart Kolkata,Supermarket
ORD01515,2024-07-11,C0305,P016,S005,1,650,360,10,650,65.0,585.0,225.0,UPI,Bathroom Mat,Bathroom Items,Amit Joshi,Chennai,45-54,Regular,FreshMart Chennai,Supermarket
ORD01516,2025-12-19,C0390,P040,S007,1,55,42,5,55,2.75,52.25,10.25,UPI,Sugar 1kg,Groceries & Food,Rohan Singh,Kolkata,55+,Regular,FreshMart Kolkata,Supermarket
ORD01517,2025-12-23,C0295,P005,S005,1,300,150,5,300,15.0,285.0,135.0,Debit Card,Spatula Set,Kitchen Items,Sneha Kumar,Chennai,55+,Gold,FreshMart Chennai,Supermarket
ORD01518,2026-09-18,C0175,P074,S003,1,850,600,10,850,85.0,765.0,165.0,Debit Card,Cat Food,Pet Supplies,Karan Kumar,Bengaluru,35-44,Regular,FreshMart Bengaluru Hub,Hypermarket
ORD01519,2026-04-20,C0264,P009,S002,3,800,450,10,2400,240.0,2160.0,810.0,UPI,Storage Container Set,Kitchen Items,Meera Das,Mumbai,18-24,Regular,FreshMart Mumbai West,Supermarket
ORD01520,2025-05-15,C0270,P046,S005,2,400,260,10,800,80.0,720.0,200.0,Credit Card,Honey,Groceries & Food,Karan Gupta,Chennai,35-44,Regular,FreshMart Chennai,Supermarket
ORD01521,2024-07-01,C0387,P026,S008,1,160,75,20,160,32.0,128.0,53.0,Debit Card,Dishwashing Liquid,Cleaning & Household,Sneha Khan,Ahmedabad,55+,Regular,FreshMart Ahmedabad,Supermarket
ORD01522,2026-07-09,C0256,P088,S006,5,2000,1300,15,10000,1500.0,8500.0,2000.0,UPI,Blanket,Home & Living,Amit Verma,Pune,55+,Regular,FreshMart Pune,Supermarket
ORD01523,2025-12-15,C0312,P090,S007,1,300,150,0,300,0.0,300.0,150.0,Wallet,Photo Frame,Home & Living,Pooja Gupta,Kolkata,18-24,Gold,FreshMart Kolkata,Supermarket
ORD01524,2024-03-25,C0050,P031,S004,2,120,50,10,240,24.0,216.0,116.0,Cash,Cleaning Sponge Pack,Cleaning & Household,Aisha Gupta,Hyderabad,35-44,Regular,FreshMart Hyderabad,Supermarket
ORD01525,2026-07-20,C0232,P014,S004,2,700,380,10,1400,140.0,1260.0,500.0,UPI,Shower Curtain,Bathroom Items,Rohan Das,Hyderabad,18-24,Gold,FreshMart Hyderabad,Supermarket
ORD01526,2024-01-18,C0048,P024,S001,2,180,85,10,360,36.0,324.0,154.0,Credit Card,Toothbrush Holder,Bathroom Items,Rahul Mehta,Delhi,45-54,Regular,FreshMart Delhi Central,Supermarket
ORD01527,2025-08-16,C0102,P018,S008,2,1200,700,10,2400,240.0,2160.0,760.0,UPI,Mirror,Bathroom Items,Raj Khan,Ahmedabad,25-34,Regular,FreshMart Ahmedabad,Supermarket
ORD01528,2025-08-26,C0171,P034,S001,1,250,120,0,250,0.0,250.0,130.0,UPI,Disinfectant Spray,Cleaning & Household,Sneha Khan,Delhi,45-54,Regular,FreshMart Delhi Central,Supermarket
ORD01529,2024-04-18,C0352,P049,S004,2,30,15,0,60,0.0,60.0,30.0,UPI,Mineral Water,Beverages,Raj Joshi,Hyderabad,55+,Regular,FreshMart Hyderabad,Supermarket
ORD01530,2024-04-12,C0189,P065,S003,1,140,70,0,140,0.0,140.0,70.0,UPI,Hand Wash,Personal Care,Sneha Mehta,Bengaluru,45-54,Platinum,FreshMart Bengaluru Hub,Hypermarket
ORD01531,2024-11-13,C0030,P082,S002,2,280,150,0,560,0.0,560.0,260.0,Debit Card,Pet Treats,Pet Supplies,Amit Das,Mumbai,18-24,Silver,FreshMart Mumbai West,Supermarket
ORD01532,2024-06-14,C0160,P048,S007,1,450,300,0,450,0.0,450.0,150.0,Wallet,Coffee Pack,Groceries & Food,Meera Singh,Kolkata,18-24,Regular,FreshMart Kolkata,Supermarket
ORD01533,2026-03-02,C0363,P026,S007,1,160,75,20,160,32.0,128.0,53.0,UPI,Dishwashing Liquid,Cleaning & Household,Rahul Gupta,Kolkata,55+,Gold,FreshMart Kolkata,Supermarket
ORD01534,2025-09-10,C0112,P034,S007,2,250,120,0,500,0.0,500.0,260.0,Credit Card,Disinfectant Spray,Cleaning & Household,Riya Sharma,Kolkata,55+,Silver,FreshMart Kolkata,Supermarket
ORD01535,2024-10-12,C0154,P081,S007,1,200,120,0,200,0.0,200.0,80.0,Credit Card,Bird Food,Pet Supplies,Kavya Kumar,Kolkata,35-44,Silver,FreshMart Kolkata,Supermarket
ORD01536,2024-06-24,C0075,P033,S001,1,280,140,15,280,42.0,238.0,98.0,Credit Card,Air Freshener,Cleaning & Household,Arjun Mehta,Delhi,45-54,Regular,FreshMart Delhi Central,Supermarket
ORD01537,2026-06-13,C0019,P025,S005,1,220,110,5,220,11.0,209.0,99.0,Debit Card,Floor Cleaner,Cleaning & Household,Riya Khan,Chennai,55+,Regular,FreshMart Chennai,Supermarket
ORD01538,2026-01-02,C0324,P039,S007,2,180,140,0,360,0.0,360.0,80.0,Credit Card,Cooking Oil 1L,Groceries & Food,Amit Das,Kolkata,25-34,Silver,FreshMart Kolkata,Supermarket
ORD01539,2024-02-26,C0255,P047,S004,4,250,150,0,1000,0.0,1000.0,400.0,Debit Card,Tea Pack,Groceries & Food,Arjun Das,Hyderabad,25-34,Silver,FreshMart Hyderabad,Supermarket
ORD01540,2024-10-14,C0052,P001,S003,1,1200,750,0,1200,0.0,1200.0,450.0,Credit Card,Frying Pan,Kitchen Items,Meera Joshi,Bengaluru,18-24,Platinum,FreshMart Bengaluru Hub,Hypermarket
ORD01541,2025-08-23,C0286,P013,S001,1,500,280,10,500,50.0,450.0,170.0,UPI,Bath Towel,Bathroom Items,Kavya Joshi,Delhi,18-24,Regular,FreshMart Delhi Central,Supermarket
ORD01542,2026-08-05,C0065,P060,S005,3,70,40,15,210,31.5,178.5,58.5,Credit Card,Coconut Water,Beverages,Ananya Singh,Chennai,55+,Regular,FreshMart Chennai,Supermarket
ORD01543,2024-04-22,C0198,P005,S001,1,300,150,20,300,60.0,240.0,90.0,UPI,Spatula Set,Kitchen Items,Vivaan Patel,Delhi,35-44,Regular,FreshMart Delhi Central,Supermarket
ORD01544,2025-08-18,C0382,P051,S006,2,160,95,10,320,32.0,288.0,98.0,Cash,Apple Juice,Beverages,Amit Singh,Pune,18-24,Regular,FreshMart Pune,Supermarket
ORD01545,2026-11-12,C0236,P016,S001,1,650,360,0,650,0.0,650.0,290.0,UPI,Bathroom Mat,Bathroom Items,Aarav Gupta,Delhi,35-44,Silver,FreshMart Delhi Central,Supermarket
ORD01546,2026-12-26,C0287,P071,S002,2,180,100,0,360,0.0,360.0,160.0,Debit Card,Sanitary Pads,Personal Care,Kabir Verma,Mumbai,55+,Silver,FreshMart Mumbai West,Supermarket
ORD01547,2024-01-14,C0390,P065,S007,3,140,70,5,420,21.0,399.0,189.0,UPI,Hand Wash,Personal Care,Rohan Singh,Kolkata,55+,Regular,FreshMart Kolkata,Supermarket
ORD01548,2024-11-09,C0339,P001,S002,1,1200,750,0,1200,0.0,1200.0,450.0,UPI,Frying Pan,Kitchen Items,Aditya Mehta,Mumbai,45-54,Silver,FreshMart Mumbai West,Supermarket
ORD01549,2026-11-01,C0136,P045,S007,1,350,220,0,350,0.0,350.0,130.0,Credit Card,Peanut Butter,Groceries & Food,Aditya Singh,Kolkata,45-54,Silver,FreshMart Kolkata,Supermarket
ORD01550,2025-04-26,C0368,P089,S003,3,800,450,5,2400,120.0,2280.0,930.0,Cash,Wall Clock,Home & Living,Meera Das,Bengaluru,25-34,Silver,FreshMart Bengaluru Hub,Hypermarket
ORD01551,2024-09-09,C0322,P060,S001,1,70,40,5,70,3.5,66.5,26.5,UPI,Coconut Water,Beverages,Aisha Das,Delhi,55+,Silver,FreshMart Delhi Central,Supermarket
ORD01552,2025-05-07,C0033,P067,S004,1,450,280,10,450,45.0,405.0,125.0,Credit Card,Moisturizer,Personal Care,Neha Singh,Hyderabad,35-44,Regular,FreshMart Hyderabad,Supermarket
ORD01553,2025-08-16,C0289,P047,S006,1,250,150,0,250,0.0,250.0,100.0,Credit Card,Tea Pack,Groceries & Food,Meera Singh,Pune,55+,Regular,FreshMart Pune,Supermarket
ORD01554,2025-07-17,C0353,P042,S002,1,90,55,10,90,9.0,81.0,26.0,UPI,Pasta,Groceries & Food,Aisha Singh,Mumbai,25-34,Gold,FreshMart Mumbai West,Supermarket
ORD01555,2026-05-20,C0065,P047,S005,1,250,150,0,250,0.0,250.0,100.0,UPI,Tea Pack,Groceries & Food,Ananya Singh,Chennai,55+,Regular,FreshMart Chennai,Supermarket
ORD01556,2025-09-12,C0165,P038,S001,1,300,220,10,300,30.0,270.0,50.0,Debit Card,Wheat Flour 5kg,Groceries & Food,Isha Kumar,Delhi,18-24,Regular,FreshMart Delhi Central,Supermarket
ORD01557,2025-12-27,C0337,P044,S007,2,120,70,10,240,24.0,216.0,76.0,UPI,Biscuits Pack,Groceries & Food,Sneha Joshi,Kolkata,35-44,Platinum,FreshMart Kolkata,Supermarket
ORD01558,2026-01-02,C0330,P086,S003,2,1500,900,15,3000,450.0,2550.0,750.0,UPI,Bed Sheet,Home & Living,Riya Patel,Bengaluru,45-54,Platinum,FreshMart Bengaluru Hub,Hypermarket
ORD01559,2026-12-11,C0249,P086,S007,1,1500,900,10,1500,150.0,1350.0,450.0,UPI,Bed Sheet,Home & Living,Arjun Patel,Kolkata,35-44,Silver,FreshMart Kolkata,Supermarket
ORD01560,2025-11-25,C0198,P065,S001,3,140,70,0,420,0.0,420.0,210.0,Debit Card,Hand Wash,Personal Care,Vivaan Patel,Delhi,35-44,Regular,FreshMart Delhi Central,Supermarket
ORD01561,2026-03-17,C0079,P050,S005,1,150,90,10,150,15.0,135.0,45.0,Credit Card,Orange Juice,Beverages,Aarav Verma,Chennai,25-34,Silver,FreshMart Chennai,Supermarket
ORD01562,2025-01-04,C0075,P091,S001,2,250,110,15,500,75.0,425.0,205.0,Debit Card,Cushion Cover,Home & Living,Arjun Mehta,Delhi,45-54,Regular,FreshMart Delhi Central,Supermarket
ORD01563,2024-09-22,C0089,P043,S006,2,280,170,5,560,28.0,532.0,192.0,Credit Card,Breakfast Cereal,Groceries & Food,Meera Das,Pune,45-54,Regular,FreshMart Pune,Supermarket
ORD01564,2026-04-06,C0052,P049,S003,1,30,15,0,30,0.0,30.0,15.0,Debit Card,Mineral Water,Beverages,Meera Joshi,Bengaluru,18-24,Platinum,FreshMart Bengaluru Hub,Hypermarket
ORD01565,2024-08-05,C0292,P028,S003,2,350,180,10,700,70.0,630.0,270.0,UPI,Broom,Cleaning & Household,Kavya Joshi,Bengaluru,35-44,Regular,FreshMart Bengaluru Hub,Hypermarket
ORD01566,2025-04-29,C0305,P034,S005,1,250,120,15,250,37.5,212.5,92.5,Debit Card,Disinfectant Spray,Cleaning & Household,Amit Joshi,Chennai,45-54,Regular,FreshMart Chennai,Supermarket
ORD01567,2026-05-10,C0290,P045,S008,4,350,220,0,1400,0.0,1400.0,520.0,UPI,Peanut Butter,Groceries & Food,Rohan Sharma,Ahmedabad,18-24,Gold,FreshMart Ahmedabad,Supermarket
ORD01568,2024-05-29,C0138,P012,S004,1,180,80,0,180,0.0,180.0,100.0,Debit Card,Kitchen Towel,Kitchen Items,Aditya Kumar,Hyderabad,45-54,Silver,FreshMart Hyderabad,Supermarket
ORD01569,2024-12-22,C0299,P004,S005,2,1500,900,0,3000,0.0,3000.0,1200.0,Wallet,Cooking Pot,Kitchen Items,Aarav Patel,Chennai,25-34,Platinum,FreshMart Chennai,Supermarket
ORD01570,2025-02-13,C0318,P057,S005,1,140,80,5,140,7.0,133.0,53.0,Debit Card,Mango Juice,Beverages,Aditya Sharma,Chennai,25-34,Gold,FreshMart Chennai,Supermarket
ORD01571,2024-11-27,C0048,P030,S001,2,180,80,10,360,36.0,324.0,164.0,UPI,Garbage Bags,Cleaning & Household,Rahul Mehta,Delhi,45-54,Regular,FreshMart Delhi Central,Supermarket
ORD01572,2024-07-16,C0187,P003,S007,1,350,180,10,350,35.0,315.0,135.0,Cash,Cutting Board,Kitchen Items,Amit Das,Kolkata,25-34,Gold,FreshMart Kolkata,Supermarket
ORD01573,2026-04-15,C0231,P042,S001,2,90,55,15,180,27.0,153.0,43.0,UPI,Pasta,Groceries & Food,Isha Sharma,Delhi,35-44,Regular,FreshMart Delhi Central,Supermarket
ORD01574,2026-12-17,C0179,P055,S005,3,90,50,5,270,13.5,256.5,106.5,Credit Card,Cold Coffee,Beverages,Rohan Joshi,Chennai,55+,Silver,FreshMart Chennai,Supermarket
ORD01575,2024-10-09,C0035,P040,S001,1,55,42,5,55,2.75,52.25,10.25,Cash,Sugar 1kg,Groceries & Food,Aditya Patel,Delhi,55+,Silver,FreshMart Delhi Central,Supermarket
ORD01576,2024-09-17,C0388,P055,S002,3,90,50,0,270,0.0,270.0,120.0,UPI,Cold Coffee,Beverages,Isha Das,Mumbai,25-34,Platinum,FreshMart Mumbai West,Supermarket
ORD01577,2025-11-07,C0127,P027,S007,4,450,240,0,1800,0.0,1800.0,840.0,Debit Card,Laundry Detergent,Cleaning & Household,Aisha Verma,Kolkata,35-44,Silver,FreshMart Kolkata,Supermarket
ORD01578,2024-11-19,C0301,P003,S005,1,350,180,5,350,17.5,332.5,152.5,Cash,Cutting Board,Kitchen Items,Rohan Verma,Chennai,18-24,Regular,FreshMart Chennai,Supermarket
ORD01579,2026-10-21,C0400,P086,S002,2,1500,900,5,3000,150.0,2850.0,1050.0,Cash,Bed Sheet,Home & Living,Amit Sharma,Mumbai,25-34,Regular,FreshMart Mumbai West,Supermarket
ORD01580,2025-06-22,C0197,P053,S003,2,120,70,0,240,0.0,240.0,100.0,Credit Card,Green Tea Drink,Beverages,Arjun Joshi,Bengaluru,35-44,Gold,FreshMart Bengaluru Hub,Hypermarket
ORD01581,2024-05-01,C0381,P036,S002,1,200,90,5,200,10.0,190.0,100.0,Debit Card,Dustpan,Cleaning & Household,Aisha Sharma,Mumbai,45-54,Regular,FreshMart Mumbai West,Supermarket
ORD01582,2024-05-07,C0044,P094,S003,1,350,170,0,350,0.0,350.0,180.0,Wallet,Clothes Hanger Set,Home & Living,Rohan Mehta,Bengaluru,35-44,Regular,FreshMart Bengaluru Hub,Hypermarket
ORD01583,2024-03-13,C0043,P088,S004,1,2000,1300,0,2000,0.0,2000.0,700.0,Credit Card,Blanket,Home & Living,Arjun Singh,Hyderabad,25-34,Regular,FreshMart Hyderabad,Supermarket
ORD01584,2024-06-14,C0125,P066,S006,3,300,180,5,900,45.0,855.0,315.0,UPI,Face Wash,Personal Care,Meera Sharma,Pune,55+,Regular,FreshMart Pune,Supermarket
ORD01585,2024-08-01,C0273,P063,S001,1,120,70,5,120,6.0,114.0,44.0,Debit Card,Toothpaste,Personal Care,Vivaan Mehta,Delhi,45-54,Gold,FreshMart Delhi Central,Supermarket
ORD01586,2025-09-13,C0090,P045,S008,3,350,220,15,1050,157.5,892.5,232.5,UPI,Peanut Butter,Groceries & Food,Karan Khan,Ahmedabad,25-34,Silver,FreshMart Ahmedabad,Supermarket
ORD01587,2024-02-23,C0004,P092,S004,3,1800,1100,10,5400,540.0,4860.0,1560.0,Credit Card,Curtain Set,Home & Living,Aarav Khan,Hyderabad,55+,Regular,FreshMart Hyderabad,Supermarket
ORD01588,2024-02-07,C0331,P081,S003,2,200,120,0,400,0.0,400.0,160.0,Debit Card,Bird Food,Pet Supplies,Aisha Gupta,Bengaluru,18-24,Silver,FreshMart Bengaluru Hub,Hypermarket
ORD01589,2026-05-30,C0170,P056,S008,2,60,35,5,120,6.0,114.0,44.0,UPI,Lemon Drink,Beverages,Ananya Mehta,Ahmedabad,35-44,Silver,FreshMart Ahmedabad,Supermarket
ORD01590,2026-01-23,C0120,P024,S004,1,180,85,0,180,0.0,180.0,95.0,Wallet,Toothbrush Holder,Bathroom Items,Arjun Das,Hyderabad,45-54,Silver,FreshMart Hyderabad,Supermarket
ORD01591,2024-07-07,C0395,P031,S005,2,120,50,0,240,0.0,240.0,140.0,Debit Card,Cleaning Sponge Pack,Cleaning & Household,Riya Joshi,Chennai,45-54,Gold,FreshMart Chennai,Supermarket
ORD01592,2024-04-03,C0011,P076,S002,5,250,120,0,1250,0.0,1250.0,650.0,Debit Card,Dog Toy,Pet Supplies,Amit Kumar,Mumbai,25-34,Gold,FreshMart Mumbai West,Supermarket
ORD01593,2024-06-05,C0376,P064,S002,1,80,35,0,80,0.0,80.0,45.0,UPI,Toothbrush,Personal Care,Pooja Khan,Mumbai,35-44,Regular,FreshMart Mumbai West,Supermarket
ORD01594,2025-05-15,C0183,P028,S001,5,350,180,0,1750,0.0,1750.0,850.0,UPI,Broom,Cleaning & Household,Pooja Kumar,Delhi,35-44,Silver,FreshMart Delhi Central,Supermarket
ORD01595,2024-06-06,C0015,P059,S004,1,100,55,15,100,15.0,85.0,30.0,UPI,Iced Tea,Beverages,Raj Khan,Hyderabad,35-44,Gold,FreshMart Hyderabad,Supermarket
ORD01596,2026-01-01,C0003,P071,S004,3,180,100,15,540,81.0,459.0,159.0,Credit Card,Sanitary Pads,Personal Care,Aarav Verma,Hyderabad,25-34,Regular,FreshMart Hyderabad,Supermarket
ORD01597,2026-01-21,C0010,P034,S004,3,250,120,0,750,0.0,750.0,390.0,Debit Card,Disinfectant Spray,Cleaning & Household,Isha Patel,Hyderabad,18-24,Regular,FreshMart Hyderabad,Supermarket
ORD01598,2025-07-01,C0061,P048,S005,1,450,300,5,450,22.5,427.5,127.5,UPI,Coffee Pack,Groceries & Food,Amit Patel,Chennai,25-34,Regular,FreshMart Chennai,Supermarket
ORD01599,2026-04-21,C0174,P042,S008,2,90,55,5,180,9.0,171.0,61.0,UPI,Pasta,Groceries & Food,Pooja Patel,Ahmedabad,45-54,Silver,FreshMart Ahmedabad,Supermarket
ORD01600,2024-10-07,C0110,P027,S001,2,450,240,0,900,0.0,900.0,420.0,Credit Card,Laundry Detergent,Cleaning & Household,Neha Joshi,Delhi,45-54,Regular,FreshMart Delhi Central,Supermarket
ORD01601,2024-10-31,C0155,P024,S002,2,180,85,5,360,18.0,342.0,172.0,Credit Card,Toothbrush Holder,Bathroom Items,Vivaan Das,Mumbai,25-34,Silver,FreshMart Mumbai West,Supermarket
ORD01602,2026-10-18,C0279,P017,S002,1,250,130,5,250,12.5,237.5,107.5,UPI,Toilet Brush,Bathroom Items,Rahul Verma,Mumbai,55+,Regular,FreshMart Mumbai West,Supermarket
ORD01603,2024-05-02,C0285,P089,S006,1,800,450,5,800,40.0,760.0,310.0,Credit Card,Wall Clock,Home & Living,Meera Sharma,Pune,55+,Regular,FreshMart Pune,Supermarket
ORD01604,2026-02-26,C0225,P081,S003,1,200,120,0,200,0.0,200.0,80.0,UPI,Bird Food,Pet Supplies,Riya Mehta,Bengaluru,45-54,Silver,FreshMart Bengaluru Hub,Hypermarket
ORD01605,2026-11-09,C0233,P060,S004,1,70,40,10,70,7.0,63.0,23.0,Wallet,Coconut Water,Beverages,Riya Singh,Hyderabad,25-34,Regular,FreshMart Hyderabad,Supermarket
ORD01606,2025-11-19,C0255,P090,S004,4,300,150,10,1200,120.0,1080.0,480.0,Credit Card,Photo Frame,Home & Living,Arjun Das,Hyderabad,25-34,Silver,FreshMart Hyderabad,Supermarket
ORD01607,2025-11-29,C0088,P065,S005,2,140,70,15,280,42.0,238.0,98.0,Debit Card,Hand Wash,Personal Care,Aarav Kumar,Chennai,25-34,Regular,FreshMart Chennai,Supermarket
ORD01608,2024-04-26,C0374,P088,S003,3,2000,1300,5,6000,300.0,5700.0,1800.0,Wallet,Blanket,Home & Living,Ananya Das,Bengaluru,35-44,Gold,FreshMart Bengaluru Hub,Hypermarket
ORD01609,2025-08-11,C0264,P095,S002,3,600,320,15,1800,270.0,1530.0,570.0,Credit Card,Storage Box,Home & Living,Meera Das,Mumbai,18-24,Regular,FreshMart Mumbai West,Supermarket
ORD01610,2026-11-28,C0158,P051,S005,4,160,95,5,640,32.0,608.0,228.0,Wallet,Apple Juice,Beverages,Isha Joshi,Chennai,18-24,Regular,FreshMart Chennai,Supermarket
ORD01611,2024-02-01,C0009,P031,S007,1,120,50,10,120,12.0,108.0,58.0,UPI,Cleaning Sponge Pack,Cleaning & Household,Riya Verma,Kolkata,18-24,Silver,FreshMart Kolkata,Supermarket
ORD01612,2025-08-28,C0001,P087,S005,1,700,400,0,700,0.0,700.0,300.0,Credit Card,Pillow,Home & Living,Arjun Sharma,Chennai,25-34,Regular,FreshMart Chennai,Supermarket
ORD01613,2025-05-28,C0073,P039,S003,3,180,140,10,540,54.0,486.0,66.0,Credit Card,Cooking Oil 1L,Groceries & Food,Amit Gupta,Bengaluru,45-54,Regular,FreshMart Bengaluru Hub,Hypermarket
ORD01614,2025-10-19,C0104,P019,S003,3,900,500,0,2700,0.0,2700.0,1200.0,UPI,Towel Rack,Bathroom Items,Riya Verma,Bengaluru,25-34,Regular,FreshMart Bengaluru Hub,Hypermarket
ORD01615,2024-03-16,C0232,P007,S004,4,450,220,5,1800,90.0,1710.0,830.0,Cash,Water Bottle,Kitchen Items,Rohan Das,Hyderabad,18-24,Gold,FreshMart Hyderabad,Supermarket
ORD01616,2024-04-29,C0266,P034,S008,2,250,120,0,500,0.0,500.0,260.0,Cash,Disinfectant Spray,Cleaning & Household,Neha Joshi,Ahmedabad,45-54,Regular,FreshMart Ahmedabad,Supermarket
ORD01617,2024-05-11,C0244,P047,S005,1,250,150,0,250,0.0,250.0,100.0,Debit Card,Tea Pack,Groceries & Food,Aditya Gupta,Chennai,55+,Silver,FreshMart Chennai,Supermarket
ORD01618,2026-12-20,C0384,P026,S003,1,160,75,15,160,24.0,136.0,61.0,Debit Card,Dishwashing Liquid,Cleaning & Household,Arjun Mehta,Bengaluru,35-44,Silver,FreshMart Bengaluru Hub,Hypermarket
ORD01619,2024-03-19,C0290,P029,S008,1,650,380,5,650,32.5,617.5,237.5,Credit Card,Mop,Cleaning & Household,Rohan Sharma,Ahmedabad,18-24,Gold,FreshMart Ahmedabad,Supermarket
ORD01620,2025-04-11,C0291,P026,S003,1,160,75,10,160,16.0,144.0,69.0,UPI,Dishwashing Liquid,Cleaning & Household,Ananya Verma,Bengaluru,18-24,Regular,FreshMart Bengaluru Hub,Hypermarket
ORD01621,2025-12-24,C0400,P030,S002,1,180,80,0,180,0.0,180.0,100.0,UPI,Garbage Bags,Cleaning & Household,Amit Sharma,Mumbai,25-34,Regular,FreshMart Mumbai West,Supermarket
ORD01622,2024-08-19,C0312,P048,S007,2,450,300,0,900,0.0,900.0,300.0,UPI,Coffee Pack,Groceries & Food,Pooja Gupta,Kolkata,18-24,Gold,FreshMart Kolkata,Supermarket
ORD01623,2026-05-01,C0259,P037,S003,1,650,500,0,650,0.0,650.0,150.0,UPI,Basmati Rice 5kg,Groceries & Food,Raj Sharma,Bengaluru,35-44,Silver,FreshMart Bengaluru Hub,Hypermarket
ORD01624,2026-01-07,C0279,P006,S002,1,650,350,0,650,0.0,650.0,300.0,Debit Card,Mixer Bowl,Kitchen Items,Rahul Verma,Mumbai,55+,Regular,FreshMart Mumbai West,Supermarket
ORD01625,2025-08-25,C0328,P044,S006,2,120,70,0,240,0.0,240.0,100.0,UPI,Biscuits Pack,Groceries & Food,Priya Verma,Pune,25-34,Silver,FreshMart Pune,Supermarket
ORD01626,2024-02-22,C0145,P094,S006,1,350,170,0,350,0.0,350.0,180.0,UPI,Clothes Hanger Set,Home & Living,Kabir Singh,Pune,25-34,Regular,FreshMart Pune,Supermarket
ORD01627,2026-11-06,C0181,P072,S004,2,120,60,15,240,36.0,204.0,84.0,UPI,Cotton Pads,Personal Care,Rohan Mehta,Hyderabad,55+,Regular,FreshMart Hyderabad,Supermarket
ORD01628,2024-11-03,C0240,P049,S004,5,30,15,0,150,0.0,150.0,75.0,UPI,Mineral Water,Beverages,Arjun Joshi,Hyderabad,55+,Regular,FreshMart Hyderabad,Supermarket
ORD01629,2025-04-04,C0380,P093,S008,2,450,250,20,900,180.0,720.0,220.0,Debit Card,Doormat,Home & Living,Aisha Khan,Ahmedabad,45-54,Gold,FreshMart Ahmedabad,Supermarket
ORD01630,2024-09-05,C0071,P066,S004,3,300,180,5,900,45.0,855.0,315.0,UPI,Face Wash,Personal Care,Vivaan Patel,Hyderabad,25-34,Silver,FreshMart Hyderabad,Supermarket
ORD01631,2026-12-10,C0332,P048,S005,1,450,300,0,450,0.0,450.0,150.0,Credit Card,Coffee Pack,Groceries & Food,Kavya Sharma,Chennai,25-34,Regular,FreshMart Chennai,Supermarket
ORD01632,2025-11-04,C0118,P096,S004,3,500,260,0,1500,0.0,1500.0,720.0,Credit Card,Desk Organizer,Home & Living,Vivaan Sharma,Hyderabad,25-34,Gold,FreshMart Hyderabad,Supermarket
ORD01633,2024-08-24,C0277,P067,S007,2,450,280,0,900,0.0,900.0,340.0,Wallet,Moisturizer,Personal Care,Arjun Singh,Kolkata,55+,Regular,FreshMart Kolkata,Supermarket
ORD01634,2024-06-12,C0148,P037,S005,1,650,500,5,650,32.5,617.5,117.5,Wallet,Basmati Rice 5kg,Groceries & Food,Aarav Das,Chennai,45-54,Regular,FreshMart Chennai,Supermarket
ORD01635,2025-04-16,C0141,P054,S005,1,110,65,0,110,0.0,110.0,45.0,Credit Card,Energy Drink,Beverages,Raj Kumar,Chennai,25-34,Regular,FreshMart Chennai,Supermarket
ORD01636,2024-09-13,C0066,P067,S007,4,450,280,0,1800,0.0,1800.0,680.0,Wallet,Moisturizer,Personal Care,Vivaan Verma,Kolkata,35-44,Regular,FreshMart Kolkata,Supermarket
ORD01637,2024-10-09,C0128,P053,S007,3,120,70,0,360,0.0,360.0,150.0,UPI,Green Tea Drink,Beverages,Kavya Gupta,Kolkata,25-34,Silver,FreshMart Kolkata,Supermarket
ORD01638,2026-10-31,C0378,P046,S007,2,400,260,5,800,40.0,760.0,240.0,Debit Card,Honey,Groceries & Food,Vivaan Kumar,Kolkata,55+,Regular,FreshMart Kolkata,Supermarket
ORD01639,2026-07-18,C0324,P086,S007,1,1500,900,0,1500,0.0,1500.0,600.0,UPI,Bed Sheet,Home & Living,Amit Das,Kolkata,25-34,Silver,FreshMart Kolkata,Supermarket
ORD01640,2026-08-20,C0089,P037,S006,2,650,500,0,1300,0.0,1300.0,300.0,UPI,Basmati Rice 5kg,Groceries & Food,Meera Das,Pune,45-54,Regular,FreshMart Pune,Supermarket
ORD01641,2024-12-07,C0144,P037,S005,1,650,500,15,650,97.5,552.5,52.5,Wallet,Basmati Rice 5kg,Groceries & Food,Meera Khan,Chennai,18-24,Gold,FreshMart Chennai,Supermarket
ORD01642,2025-12-29,C0208,P086,S008,2,1500,900,10,3000,300.0,2700.0,900.0,UPI,Bed Sheet,Home & Living,Meera Sharma,Ahmedabad,35-44,Silver,FreshMart Ahmedabad,Supermarket
ORD01643,2025-11-20,C0361,P087,S006,2,700,400,20,1400,280.0,1120.0,320.0,UPI,Pillow,Home & Living,Aditya Gupta,Pune,18-24,Regular,FreshMart Pune,Supermarket
ORD01644,2025-12-27,C0189,P071,S003,4,180,100,5,720,36.0,684.0,284.0,Debit Card,Sanitary Pads,Personal Care,Sneha Mehta,Bengaluru,45-54,Platinum,FreshMart Bengaluru Hub,Hypermarket
ORD01645,2026-09-04,C0143,P044,S004,2,120,70,10,240,24.0,216.0,76.0,Debit Card,Biscuits Pack,Groceries & Food,Rahul Singh,Hyderabad,45-54,Regular,FreshMart Hyderabad,Supermarket
ORD01646,2026-10-01,C0168,P057,S008,2,140,80,0,280,0.0,280.0,120.0,Debit Card,Mango Juice,Beverages,Meera Mehta,Ahmedabad,18-24,Regular,FreshMart Ahmedabad,Supermarket
ORD01647,2026-06-17,C0057,P047,S005,1,250,150,10,250,25.0,225.0,75.0,UPI,Tea Pack,Groceries & Food,Ananya Singh,Chennai,45-54,Regular,FreshMart Chennai,Supermarket
ORD01648,2025-04-20,C0176,P070,S001,1,300,170,0,300,0.0,300.0,130.0,Credit Card,Razor Pack,Personal Care,Aisha Verma,Delhi,55+,Silver,FreshMart Delhi Central,Supermarket
ORD01649,2026-11-06,C0079,P096,S005,1,500,260,0,500,0.0,500.0,240.0,UPI,Desk Organizer,Home & Living,Aarav Verma,Chennai,25-34,Silver,FreshMart Chennai,Supermarket
ORD01650,2024-10-27,C0109,P022,S004,1,1500,950,0,1500,0.0,1500.0,550.0,Cash,Bathroom Scale,Bathroom Items,Neha Khan,Hyderabad,45-54,Regular,FreshMart Hyderabad,Supermarket
ORD01651,2025-12-12,C0002,P027,S002,1,450,240,0,450,0.0,450.0,210.0,Credit Card,Laundry Detergent,Cleaning & Household,Arjun Khan,Mumbai,55+,Regular,FreshMart Mumbai West,Supermarket
ORD01652,2025-08-13,C0294,P075,S002,4,300,170,0,1200,0.0,1200.0,520.0,Credit Card,Pet Shampoo,Pet Supplies,Vivaan Patel,Mumbai,35-44,Regular,FreshMart Mumbai West,Supermarket
ORD01653,2025-04-19,C0269,P019,S001,2,900,500,0,1800,0.0,1800.0,800.0,UPI,Towel Rack,Bathroom Items,Isha Sharma,Delhi,25-34,Regular,FreshMart Delhi Central,Supermarket
ORD01654,2024-10-06,C0371,P068,S005,4,250,140,5,1000,50.0,950.0,390.0,Debit Card,Deodorant,Personal Care,Aarav Joshi,Chennai,35-44,Regular,FreshMart Chennai,Supermarket
ORD01655,2024-02-22,C0189,P008,S003,1,600,320,0,600,0.0,600.0,280.0,Wallet,Lunch Box,Kitchen Items,Sneha Mehta,Bengaluru,45-54,Platinum,FreshMart Bengaluru Hub,Hypermarket
ORD01656,2026-06-30,C0373,P046,S007,2,400,260,10,800,80.0,720.0,200.0,UPI,Honey,Groceries & Food,Rahul Joshi,Kolkata,45-54,Regular,FreshMart Kolkata,Supermarket
ORD01657,2024-09-02,C0052,P015,S003,1,350,180,0,350,0.0,350.0,170.0,UPI,Soap Dispenser,Bathroom Items,Meera Joshi,Bengaluru,18-24,Platinum,FreshMart Bengaluru Hub,Hypermarket
ORD01658,2025-07-24,C0363,P074,S007,2,850,600,0,1700,0.0,1700.0,500.0,UPI,Cat Food,Pet Supplies,Rahul Gupta,Kolkata,55+,Gold,FreshMart Kolkata,Supermarket
ORD01659,2025-03-31,C0317,P001,S008,2,1200,750,0,2400,0.0,2400.0,900.0,Credit Card,Frying Pan,Kitchen Items,Aisha Gupta,Ahmedabad,45-54,Silver,FreshMart Ahmedabad,Supermarket
ORD01660,2026-11-16,C0367,P026,S002,1,160,75,10,160,16.0,144.0,69.0,Cash,Dishwashing Liquid,Cleaning & Household,Kabir Das,Mumbai,55+,Silver,FreshMart Mumbai West,Supermarket
ORD01661,2024-07-24,C0318,P006,S005,4,650,350,10,2600,260.0,2340.0,940.0,UPI,Mixer Bowl,Kitchen Items,Aditya Sharma,Chennai,25-34,Gold,FreshMart Chennai,Supermarket
ORD01662,2024-03-13,C0227,P073,S008,4,900,650,5,3600,180.0,3420.0,820.0,UPI,Dog Food,Pet Supplies,Priya Singh,Ahmedabad,45-54,Platinum,FreshMart Ahmedabad,Supermarket
ORD01663,2025-03-26,C0313,P050,S006,2,150,90,0,300,0.0,300.0,120.0,UPI,Orange Juice,Beverages,Amit Joshi,Pune,18-24,Regular,FreshMart Pune,Supermarket
ORD01664,2026-10-14,C0248,P066,S006,1,300,180,15,300,45.0,255.0,75.0,Wallet,Face Wash,Personal Care,Amit Mehta,Pune,45-54,Regular,FreshMart Pune,Supermarket
ORD01665,2025-03-14,C0182,P084,S005,1,180,90,0,180,0.0,180.0,90.0,Credit Card,Pet Comb,Pet Supplies,Rohan Verma,Chennai,45-54,Regular,FreshMart Chennai,Supermarket
ORD01666,2024-12-28,C0280,P026,S003,1,160,75,0,160,0.0,160.0,85.0,Credit Card,Dishwashing Liquid,Cleaning & Household,Priya Patel,Bengaluru,25-34,Regular,FreshMart Bengaluru Hub,Hypermarket
ORD01667,2026-09-18,C0390,P056,S007,2,60,35,20,120,24.0,96.0,26.0,Cash,Lemon Drink,Beverages,Rohan Singh,Kolkata,55+,Regular,FreshMart Kolkata,Supermarket
ORD01668,2025-08-21,C0206,P084,S007,2,180,90,5,360,18.0,342.0,162.0,Debit Card,Pet Comb,Pet Supplies,Arjun Singh,Kolkata,55+,Regular,FreshMart Kolkata,Supermarket
ORD01669,2026-09-12,C0283,P060,S006,1,70,40,0,70,0.0,70.0,30.0,Wallet,Coconut Water,Beverages,Meera Joshi,Pune,35-44,Regular,FreshMart Pune,Supermarket
ORD01670,2025-08-11,C0335,P086,S006,1,1500,900,0,1500,0.0,1500.0,600.0,UPI,Bed Sheet,Home & Living,Karan Kumar,Pune,18-24,Gold,FreshMart Pune,Supermarket
ORD01671,2024-12-26,C0366,P046,S004,1,400,260,0,400,0.0,400.0,140.0,Debit Card,Honey,Groceries & Food,Aditya Kumar,Hyderabad,55+,Regular,FreshMart Hyderabad,Supermarket
ORD01672,2026-09-17,C0050,P063,S004,3,120,70,15,360,54.0,306.0,96.0,Credit Card,Toothpaste,Personal Care,Aisha Gupta,Hyderabad,35-44,Regular,FreshMart Hyderabad,Supermarket
ORD01673,2024-02-29,C0303,P059,S007,1,100,55,5,100,5.0,95.0,40.0,Cash,Iced Tea,Beverages,Isha Gupta,Kolkata,25-34,Regular,FreshMart Kolkata,Supermarket
ORD01674,2024-05-04,C0108,P065,S005,2,140,70,0,280,0.0,280.0,140.0,Debit Card,Hand Wash,Personal Care,Aarav Patel,Chennai,45-54,Gold,FreshMart Chennai,Supermarket
ORD01675,2026-06-24,C0305,P046,S005,1,400,260,0,400,0.0,400.0,140.0,UPI,Honey,Groceries & Food,Amit Joshi,Chennai,45-54,Regular,FreshMart Chennai,Supermarket
ORD01676,2025-03-24,C0361,P047,S006,1,250,150,10,250,25.0,225.0,75.0,UPI,Tea Pack,Groceries & Food,Aditya Gupta,Pune,18-24,Regular,FreshMart Pune,Supermarket
ORD01677,2024-12-07,C0357,P048,S003,3,450,300,0,1350,0.0,1350.0,450.0,Wallet,Coffee Pack,Groceries & Food,Arjun Singh,Bengaluru,25-34,Silver,FreshMart Bengaluru Hub,Hypermarket
ORD01678,2024-09-21,C0328,P059,S006,2,100,55,0,200,0.0,200.0,90.0,Debit Card,Iced Tea,Beverages,Priya Verma,Pune,25-34,Silver,FreshMart Pune,Supermarket
ORD01679,2024-07-03,C0339,P072,S002,3,120,60,0,360,0.0,360.0,180.0,UPI,Cotton Pads,Personal Care,Aditya Mehta,Mumbai,45-54,Silver,FreshMart Mumbai West,Supermarket
ORD01680,2024-05-09,C0388,P062,S002,2,280,160,5,560,28.0,532.0,212.0,UPI,Body Wash,Personal Care,Isha Das,Mumbai,25-34,Platinum,FreshMart Mumbai West,Supermarket
ORD01681,2024-11-17,C0361,P027,S006,1,450,240,10,450,45.0,405.0,165.0,UPI,Laundry Detergent,Cleaning & Household,Aditya Gupta,Pune,18-24,Regular,FreshMart Pune,Supermarket
ORD01682,2026-02-04,C0161,P013,S003,1,500,280,0,500,0.0,500.0,220.0,Debit Card,Bath Towel,Bathroom Items,Rohan Kumar,Bengaluru,18-24,Regular,FreshMart Bengaluru Hub,Hypermarket
ORD01683,2024-03-14,C0318,P095,S005,3,600,320,10,1800,180.0,1620.0,660.0,Credit Card,Storage Box,Home & Living,Aditya Sharma,Chennai,25-34,Gold,FreshMart Chennai,Supermarket
ORD01684,2026-09-20,C0365,P047,S006,1,250,150,0,250,0.0,250.0,100.0,UPI,Tea Pack,Groceries & Food,Ananya Singh,Pune,55+,Gold,FreshMart Pune,Supermarket
ORD01685,2025-05-21,C0239,P053,S008,1,120,70,10,120,12.0,108.0,38.0,Cash,Green Tea Drink,Beverages,Aditya Joshi,Ahmedabad,35-44,Regular,FreshMart Ahmedabad,Supermarket
ORD01686,2026-03-31,C0341,P037,S005,1,650,500,10,650,65.0,585.0,85.0,UPI,Basmati Rice 5kg,Groceries & Food,Ananya Kumar,Chennai,45-54,Silver,FreshMart Chennai,Supermarket
ORD01687,2024-05-31,C0069,P011,S001,2,2500,1700,10,5000,500.0,4500.0,1100.0,Debit Card,Pressure Cooker,Kitchen Items,Rohan Khan,Delhi,35-44,Silver,FreshMart Delhi Central,Supermarket
ORD01688,2024-12-15,C0178,P011,S008,3,2500,1700,0,7500,0.0,7500.0,2400.0,Credit Card,Pressure Cooker,Kitchen Items,Amit Verma,Ahmedabad,18-24,Silver,FreshMart Ahmedabad,Supermarket
ORD01689,2025-10-24,C0053,P028,S002,2,350,180,0,700,0.0,700.0,340.0,Credit Card,Broom,Cleaning & Household,Aditya Gupta,Mumbai,55+,Regular,FreshMart Mumbai West,Supermarket
ORD01690,2026-08-23,C0234,P008,S001,1,600,320,0,600,0.0,600.0,280.0,UPI,Lunch Box,Kitchen Items,Rohan Das,Delhi,35-44,Gold,FreshMart Delhi Central,Supermarket
ORD01691,2025-07-24,C0046,P042,S002,2,90,55,15,180,27.0,153.0,43.0,Credit Card,Pasta,Groceries & Food,Riya Sharma,Mumbai,25-34,Regular,FreshMart Mumbai West,Supermarket
ORD01692,2024-02-05,C0311,P029,S003,5,650,380,10,3250,325.0,2925.0,1025.0,Wallet,Mop,Cleaning & Household,Kabir Verma,Bengaluru,35-44,Regular,FreshMart Bengaluru Hub,Hypermarket
ORD01693,2024-08-09,C0176,P068,S001,2,250,140,5,500,25.0,475.0,195.0,UPI,Deodorant,Personal Care,Aisha Verma,Delhi,55+,Silver,FreshMart Delhi Central,Supermarket
ORD01694,2026-07-04,C0130,P067,S006,1,450,280,5,450,22.5,427.5,147.5,Debit Card,Moisturizer,Personal Care,Meera Kumar,Pune,25-34,Gold,FreshMart Pune,Supermarket
ORD01695,2024-06-20,C0290,P033,S008,1,280,140,0,280,0.0,280.0,140.0,Cash,Air Freshener,Cleaning & Household,Rohan Sharma,Ahmedabad,18-24,Gold,FreshMart Ahmedabad,Supermarket
ORD01696,2025-05-26,C0119,P038,S004,1,300,220,0,300,0.0,300.0,80.0,Cash,Wheat Flour 5kg,Groceries & Food,Isha Gupta,Hyderabad,25-34,Regular,FreshMart Hyderabad,Supermarket
ORD01697,2025-04-21,C0164,P037,S001,1,650,500,5,650,32.5,617.5,117.5,Credit Card,Basmati Rice 5kg,Groceries & Food,Kavya Verma,Delhi,45-54,Silver,FreshMart Delhi Central,Supermarket
ORD01698,2024-12-28,C0337,P067,S007,2,450,280,0,900,0.0,900.0,340.0,UPI,Moisturizer,Personal Care,Sneha Joshi,Kolkata,35-44,Platinum,FreshMart Kolkata,Supermarket
ORD01699,2026-09-27,C0235,P055,S005,2,90,50,0,180,0.0,180.0,80.0,Debit Card,Cold Coffee,Beverages,Rohan Gupta,Chennai,25-34,Regular,FreshMart Chennai,Supermarket
ORD01700,2026-09-16,C0163,P035,S005,2,300,150,15,600,90.0,510.0,210.0,Wallet,Bucket,Cleaning & Household,Kabir Mehta,Chennai,55+,Regular,FreshMart Chennai,Supermarket
ORD01701,2024-08-03,C0132,P010,S007,1,250,110,0,250,0.0,250.0,140.0,UPI,Coffee Mug,Kitchen Items,Meera Das,Kolkata,35-44,Regular,FreshMart Kolkata,Supermarket
ORD01702,2026-11-30,C0331,P009,S003,1,800,450,0,800,0.0,800.0,350.0,Wallet,Storage Container Set,Kitchen Items,Aisha Gupta,Bengaluru,18-24,Silver,FreshMart Bengaluru Hub,Hypermarket
ORD01703,2026-05-18,C0111,P009,S008,2,800,450,5,1600,80.0,1520.0,620.0,Credit Card,Storage Container Set,Kitchen Items,Sneha Gupta,Ahmedabad,25-34,Platinum,FreshMart Ahmedabad,Supermarket
ORD01704,2026-05-06,C0254,P021,S005,1,1000,600,0,1000,0.0,1000.0,400.0,Credit Card,Laundry Basket,Bathroom Items,Neha Sharma,Chennai,55+,Regular,FreshMart Chennai,Supermarket
ORD01705,2025-07-09,C0336,P025,S002,2,220,110,5,440,22.0,418.0,198.0,UPI,Floor Cleaner,Cleaning & Household,Ananya Kumar,Mumbai,35-44,Regular,FreshMart Mumbai West,Supermarket
ORD01706,2024-10-16,C0292,P058,S003,2,40,22,10,80,8.0,72.0,28.0,Wallet,Soda Water,Beverages,Kavya Joshi,Bengaluru,35-44,Regular,FreshMart Bengaluru Hub,Hypermarket
ORD01707,2025-05-29,C0338,P045,S006,2,350,220,0,700,0.0,700.0,260.0,UPI,Peanut Butter,Groceries & Food,Aisha Joshi,Pune,55+,Regular,FreshMart Pune,Supermarket
ORD01708,2024-12-31,C0192,P070,S002,3,300,170,0,900,0.0,900.0,390.0,Credit Card,Razor Pack,Personal Care,Neha Gupta,Mumbai,45-54,Silver,FreshMart Mumbai West,Supermarket
ORD01709,2024-05-17,C0230,P024,S002,5,180,85,0,900,0.0,900.0,475.0,Debit Card,Toothbrush Holder,Bathroom Items,Arjun Joshi,Mumbai,25-34,Silver,FreshMart Mumbai West,Supermarket
ORD01710,2024-07-11,C0093,P030,S008,2,180,80,0,360,0.0,360.0,200.0,UPI,Garbage Bags,Cleaning & Household,Vivaan Singh,Ahmedabad,55+,Gold,FreshMart Ahmedabad,Supermarket
ORD01711,2024-12-21,C0313,P038,S006,2,300,220,0,600,0.0,600.0,160.0,Debit Card,Wheat Flour 5kg,Groceries & Food,Amit Joshi,Pune,18-24,Regular,FreshMart Pune,Supermarket
ORD01712,2025-07-16,C0022,P094,S003,1,350,170,15,350,52.5,297.5,127.5,Credit Card,Clothes Hanger Set,Home & Living,Arjun Gupta,Bengaluru,45-54,Silver,FreshMart Bengaluru Hub,Hypermarket
ORD01713,2026-01-22,C0133,P072,S008,2,120,60,0,240,0.0,240.0,120.0,UPI,Cotton Pads,Personal Care,Ananya Gupta,Ahmedabad,25-34,Regular,FreshMart Ahmedabad,Supermarket
ORD01714,2025-02-18,C0374,P046,S003,1,400,260,0,400,0.0,400.0,140.0,Debit Card,Honey,Groceries & Food,Ananya Das,Bengaluru,35-44,Gold,FreshMart Bengaluru Hub,Hypermarket
ORD01715,2025-06-22,C0369,P032,S001,2,200,95,0,400,0.0,400.0,210.0,Credit Card,Glass Cleaner,Cleaning & Household,Isha Patel,Delhi,18-24,Regular,FreshMart Delhi Central,Supermarket
ORD01716,2026-02-23,C0359,P049,S002,1,30,15,10,30,3.0,27.0,12.0,Credit Card,Mineral Water,Beverages,Riya Gupta,Mumbai,18-24,Regular,FreshMart Mumbai West,Supermarket
ORD01717,2026-08-27,C0212,P036,S005,1,200,90,0,200,0.0,200.0,110.0,UPI,Dustpan,Cleaning & Household,Rohan Verma,Chennai,35-44,Silver,FreshMart Chennai,Supermarket
ORD01718,2024-11-30,C0338,P036,S006,3,200,90,0,600,0.0,600.0,330.0,Cash,Dustpan,Cleaning & Household,Aisha Joshi,Pune,55+,Regular,FreshMart Pune,Supermarket
ORD01719,2026-11-13,C0297,P002,S002,1,900,520,5,900,45.0,855.0,335.0,UPI,Chef Knife,Kitchen Items,Sneha Gupta,Mumbai,35-44,Silver,FreshMart Mumbai West,Supermarket
ORD01720,2025-05-08,C0026,P068,S003,2,250,140,0,500,0.0,500.0,220.0,UPI,Deodorant,Personal Care,Aarav Kumar,Bengaluru,55+,Gold,FreshMart Bengaluru Hub,Hypermarket
ORD01721,2025-09-30,C0253,P040,S002,3,55,42,0,165,0.0,165.0,39.0,UPI,Sugar 1kg,Groceries & Food,Riya Patel,Mumbai,45-54,Regular,FreshMart Mumbai West,Supermarket
ORD01722,2025-03-14,C0208,P058,S008,4,40,22,15,160,24.0,136.0,48.0,Cash,Soda Water,Beverages,Meera Sharma,Ahmedabad,35-44,Silver,FreshMart Ahmedabad,Supermarket
ORD01723,2026-06-14,C0065,P066,S005,2,300,180,5,600,30.0,570.0,210.0,Debit Card,Face Wash,Personal Care,Ananya Singh,Chennai,55+,Regular,FreshMart Chennai,Supermarket
ORD01724,2026-06-10,C0131,P052,S008,2,50,30,0,100,0.0,100.0,40.0,Cash,Cola Drink,Beverages,Aditya Kumar,Ahmedabad,25-34,Silver,FreshMart Ahmedabad,Supermarket
ORD01725,2025-12-09,C0153,P081,S004,1,200,120,5,200,10.0,190.0,70.0,Wallet,Bird Food,Pet Supplies,Neha Das,Hyderabad,55+,Regular,FreshMart Hyderabad,Supermarket
ORD01726,2026-02-22,C0124,P093,S005,1,450,250,15,450,67.5,382.5,132.5,Wallet,Doormat,Home & Living,Amit Verma,Chennai,55+,Gold,FreshMart Chennai,Supermarket
ORD01727,2026-01-09,C0210,P030,S003,2,180,80,0,360,0.0,360.0,200.0,UPI,Garbage Bags,Cleaning & Household,Isha Kumar,Bengaluru,18-24,Gold,FreshMart Bengaluru Hub,Hypermarket
ORD01728,2026-01-25,C0092,P012,S004,4,180,80,5,720,36.0,684.0,364.0,UPI,Kitchen Towel,Kitchen Items,Amit Kumar,Hyderabad,25-34,Regular,FreshMart Hyderabad,Supermarket
ORD01729,2025-07-17,C0328,P033,S006,2,280,140,0,560,0.0,560.0,280.0,Wallet,Air Freshener,Cleaning & Household,Priya Verma,Pune,25-34,Silver,FreshMart Pune,Supermarket
ORD01730,2025-07-15,C0113,P067,S007,2,450,280,20,900,180.0,720.0,160.0,Cash,Moisturizer,Personal Care,Aarav Verma,Kolkata,25-34,Gold,FreshMart Kolkata,Supermarket
ORD01731,2026-08-22,C0139,P076,S006,5,250,120,5,1250,62.5,1187.5,587.5,Credit Card,Dog Toy,Pet Supplies,Kabir Das,Pune,45-54,Silver,FreshMart Pune,Supermarket
ORD01732,2024-07-31,C0121,P042,S002,1,90,55,0,90,0.0,90.0,35.0,Cash,Pasta,Groceries & Food,Priya Gupta,Mumbai,25-34,Platinum,FreshMart Mumbai West,Supermarket
ORD01733,2024-12-28,C0074,P019,S004,1,900,500,0,900,0.0,900.0,400.0,Cash,Towel Rack,Bathroom Items,Ananya Mehta,Hyderabad,35-44,Regular,FreshMart Hyderabad,Supermarket
ORD01734,2024-05-07,C0202,P006,S008,1,650,350,15,650,97.5,552.5,202.5,UPI,Mixer Bowl,Kitchen Items,Rohan Singh,Ahmedabad,35-44,Regular,FreshMart Ahmedabad,Supermarket
ORD01735,2024-02-04,C0134,P079,S005,1,500,280,10,500,50.0,450.0,170.0,Cash,Pet Leash,Pet Supplies,Raj Patel,Chennai,55+,Silver,FreshMart Chennai,Supermarket
ORD01736,2024-12-12,C0233,P091,S004,2,250,110,15,500,75.0,425.0,205.0,Credit Card,Cushion Cover,Home & Living,Riya Singh,Hyderabad,25-34,Regular,FreshMart Hyderabad,Supermarket
ORD01737,2026-04-05,C0362,P096,S003,1,500,260,10,500,50.0,450.0,190.0,UPI,Desk Organizer,Home & Living,Pooja Patel,Bengaluru,55+,Silver,FreshMart Bengaluru Hub,Hypermarket
ORD01738,2026-11-04,C0022,P030,S003,1,180,80,0,180,0.0,180.0,100.0,UPI,Garbage Bags,Cleaning & Household,Arjun Gupta,Bengaluru,45-54,Silver,FreshMart Bengaluru Hub,Hypermarket
ORD01739,2026-11-01,C0331,P034,S003,2,250,120,10,500,50.0,450.0,210.0,Wallet,Disinfectant Spray,Cleaning & Household,Aisha Gupta,Bengaluru,18-24,Silver,FreshMart Bengaluru Hub,Hypermarket
ORD01740,2025-11-29,C0021,P031,S008,2,120,50,10,240,24.0,216.0,116.0,Credit Card,Cleaning Sponge Pack,Cleaning & Household,Rohan Khan,Ahmedabad,18-24,Silver,FreshMart Ahmedabad,Supermarket
ORD01741,2024-08-26,C0209,P040,S006,4,55,42,0,220,0.0,220.0,52.0,UPI,Sugar 1kg,Groceries & Food,Amit Das,Pune,25-34,Silver,FreshMart Pune,Supermarket
ORD01742,2024-02-11,C0208,P036,S008,3,200,90,10,600,60.0,540.0,270.0,UPI,Dustpan,Cleaning & Household,Meera Sharma,Ahmedabad,35-44,Silver,FreshMart Ahmedabad,Supermarket
ORD01743,2024-06-15,C0271,P039,S007,3,180,140,15,540,81.0,459.0,39.0,UPI,Cooking Oil 1L,Groceries & Food,Aarav Joshi,Kolkata,25-34,Regular,FreshMart Kolkata,Supermarket
ORD01744,2025-01-26,C0321,P059,S002,2,100,55,10,200,20.0,180.0,70.0,UPI,Iced Tea,Beverages,Isha Joshi,Mumbai,18-24,Gold,FreshMart Mumbai West,Supermarket
ORD01745,2025-08-10,C0095,P044,S007,1,120,70,0,120,0.0,120.0,50.0,UPI,Biscuits Pack,Groceries & Food,Sneha Joshi,Kolkata,25-34,Regular,FreshMart Kolkata,Supermarket
ORD01746,2025-01-20,C0371,P033,S005,1,280,140,0,280,0.0,280.0,140.0,Wallet,Air Freshener,Cleaning & Household,Aarav Joshi,Chennai,35-44,Regular,FreshMart Chennai,Supermarket
ORD01747,2026-06-19,C0245,P031,S007,1,120,50,5,120,6.0,114.0,64.0,Credit Card,Cleaning Sponge Pack,Cleaning & Household,Riya Patel,Kolkata,55+,Regular,FreshMart Kolkata,Supermarket
ORD01748,2026-12-07,C0239,P044,S008,2,120,70,10,240,24.0,216.0,76.0,UPI,Biscuits Pack,Groceries & Food,Aditya Joshi,Ahmedabad,35-44,Regular,FreshMart Ahmedabad,Supermarket
ORD01749,2026-02-28,C0122,P069,S001,1,220,120,5,220,11.0,209.0,89.0,Wallet,Hair Oil,Personal Care,Arjun Das,Delhi,35-44,Silver,FreshMart Delhi Central,Supermarket
ORD01750,2025-08-14,C0083,P046,S006,1,400,260,10,400,40.0,360.0,100.0,Credit Card,Honey,Groceries & Food,Riya Singh,Pune,45-54,Regular,FreshMart Pune,Supermarket
ORD01751,2025-07-04,C0119,P065,S004,1,140,70,10,140,14.0,126.0,56.0,UPI,Hand Wash,Personal Care,Isha Gupta,Hyderabad,25-34,Regular,FreshMart Hyderabad,Supermarket
ORD01752,2024-03-05,C0322,P040,S001,4,55,42,5,220,11.0,209.0,41.0,Debit Card,Sugar 1kg,Groceries & Food,Aisha Das,Delhi,55+,Silver,FreshMart Delhi Central,Supermarket
ORD01753,2026-08-14,C0227,P041,S008,2,30,20,0,60,0.0,60.0,20.0,UPI,Salt 1kg,Groceries & Food,Priya Singh,Ahmedabad,45-54,Platinum,FreshMart Ahmedabad,Supermarket
ORD01754,2024-03-10,C0167,P057,S008,1,140,80,0,140,0.0,140.0,60.0,UPI,Mango Juice,Beverages,Rahul Joshi,Ahmedabad,35-44,Regular,FreshMart Ahmedabad,Supermarket
ORD01755,2024-11-21,C0302,P091,S001,1,250,110,5,250,12.5,237.5,127.5,UPI,Cushion Cover,Home & Living,Riya Khan,Delhi,35-44,Gold,FreshMart Delhi Central,Supermarket
ORD01756,2025-09-19,C0263,P096,S006,1,500,260,5,500,25.0,475.0,215.0,Debit Card,Desk Organizer,Home & Living,Ananya Gupta,Pune,35-44,Silver,FreshMart Pune,Supermarket
ORD01757,2026-07-23,C0163,P040,S005,2,55,42,10,110,11.0,99.0,15.0,Debit Card,Sugar 1kg,Groceries & Food,Kabir Mehta,Chennai,55+,Regular,FreshMart Chennai,Supermarket
ORD01758,2025-05-13,C0340,P037,S005,1,650,500,0,650,0.0,650.0,150.0,UPI,Basmati Rice 5kg,Groceries & Food,Rahul Khan,Chennai,35-44,Regular,FreshMart Chennai,Supermarket
ORD01759,2025-09-06,C0154,P058,S007,1,40,22,15,40,6.0,34.0,12.0,UPI,Soda Water,Beverages,Kavya Kumar,Kolkata,35-44,Silver,FreshMart Kolkata,Supermarket
ORD01760,2026-11-24,C0148,P089,S005,3,800,450,20,2400,480.0,1920.0,570.0,Credit Card,Wall Clock,Home & Living,Aarav Das,Chennai,45-54,Regular,FreshMart Chennai,Supermarket
ORD01761,2026-11-08,C0153,P007,S004,3,450,220,20,1350,270.0,1080.0,420.0,Wallet,Water Bottle,Kitchen Items,Neha Das,Hyderabad,55+,Regular,FreshMart Hyderabad,Supermarket
ORD01762,2024-11-12,C0158,P025,S005,3,220,110,0,660,0.0,660.0,330.0,UPI,Floor Cleaner,Cleaning & Household,Isha Joshi,Chennai,18-24,Regular,FreshMart Chennai,Supermarket
ORD01763,2024-10-16,C0170,P065,S008,2,140,70,0,280,0.0,280.0,140.0,UPI,Hand Wash,Personal Care,Ananya Mehta,Ahmedabad,35-44,Silver,FreshMart Ahmedabad,Supermarket
ORD01764,2024-12-18,C0371,P020,S005,1,750,420,0,750,0.0,750.0,330.0,UPI,Shower Caddy,Bathroom Items,Aarav Joshi,Chennai,35-44,Regular,FreshMart Chennai,Supermarket
ORD01765,2025-05-16,C0158,P011,S005,1,2500,1700,5,2500,125.0,2375.0,675.0,Debit Card,Pressure Cooker,Kitchen Items,Isha Joshi,Chennai,18-24,Regular,FreshMart Chennai,Supermarket
ORD01766,2024-11-22,C0055,P001,S002,2,1200,750,10,2400,240.0,2160.0,660.0,Debit Card,Frying Pan,Kitchen Items,Isha Sharma,Mumbai,45-54,Silver,FreshMart Mumbai West,Supermarket
ORD01767,2026-02-09,C0166,P086,S001,3,1500,900,10,4500,450.0,4050.0,1350.0,Debit Card,Bed Sheet,Home & Living,Meera Das,Delhi,35-44,Silver,FreshMart Delhi Central,Supermarket
ORD01768,2024-09-20,C0332,P009,S005,1,800,450,15,800,120.0,680.0,230.0,UPI,Storage Container Set,Kitchen Items,Kavya Sharma,Chennai,25-34,Regular,FreshMart Chennai,Supermarket
ORD01769,2025-08-02,C0015,P035,S004,3,300,150,10,900,90.0,810.0,360.0,Credit Card,Bucket,Cleaning & Household,Raj Khan,Hyderabad,35-44,Gold,FreshMart Hyderabad,Supermarket
ORD01770,2024-05-26,C0092,P042,S004,1,90,55,10,90,9.0,81.0,26.0,Wallet,Pasta,Groceries & Food,Amit Kumar,Hyderabad,25-34,Regular,FreshMart Hyderabad,Supermarket
ORD01771,2024-12-30,C0079,P006,S005,1,650,350,0,650,0.0,650.0,300.0,Cash,Mixer Bowl,Kitchen Items,Aarav Verma,Chennai,25-34,Silver,FreshMart Chennai,Supermarket
ORD01772,2026-03-26,C0139,P057,S006,4,140,80,5,560,28.0,532.0,212.0,UPI,Mango Juice,Beverages,Kabir Das,Pune,45-54,Silver,FreshMart Pune,Supermarket
ORD01773,2025-03-08,C0016,P025,S001,1,220,110,0,220,0.0,220.0,110.0,UPI,Floor Cleaner,Cleaning & Household,Vivaan Singh,Delhi,35-44,Regular,FreshMart Delhi Central,Supermarket
ORD01774,2024-11-04,C0111,P024,S008,1,180,85,10,180,18.0,162.0,77.0,UPI,Toothbrush Holder,Bathroom Items,Sneha Gupta,Ahmedabad,25-34,Platinum,FreshMart Ahmedabad,Supermarket
ORD01775,2026-05-13,C0397,P086,S008,1,1500,900,0,1500,0.0,1500.0,600.0,Credit Card,Bed Sheet,Home & Living,Aarav Das,Ahmedabad,35-44,Platinum,FreshMart Ahmedabad,Supermarket
ORD01776,2024-06-18,C0166,P016,S001,1,650,360,10,650,65.0,585.0,225.0,Debit Card,Bathroom Mat,Bathroom Items,Meera Das,Delhi,35-44,Silver,FreshMart Delhi Central,Supermarket
ORD01777,2024-01-26,C0127,P045,S007,1,350,220,0,350,0.0,350.0,130.0,Credit Card,Peanut Butter,Groceries & Food,Aisha Verma,Kolkata,35-44,Silver,FreshMart Kolkata,Supermarket
ORD01778,2024-01-24,C0180,P050,S008,2,150,90,20,300,60.0,240.0,60.0,Credit Card,Orange Juice,Beverages,Neha Joshi,Ahmedabad,25-34,Regular,FreshMart Ahmedabad,Supermarket
ORD01779,2025-09-12,C0058,P068,S006,1,250,140,10,250,25.0,225.0,85.0,UPI,Deodorant,Personal Care,Kabir Joshi,Pune,18-24,Regular,FreshMart Pune,Supermarket
ORD01780,2026-07-11,C0280,P067,S003,2,450,280,10,900,90.0,810.0,250.0,Debit Card,Moisturizer,Personal Care,Priya Patel,Bengaluru,25-34,Regular,FreshMart Bengaluru Hub,Hypermarket
ORD01781,2026-01-17,C0189,P082,S003,1,280,150,0,280,0.0,280.0,130.0,Credit Card,Pet Treats,Pet Supplies,Sneha Mehta,Bengaluru,45-54,Platinum,FreshMart Bengaluru Hub,Hypermarket
ORD01782,2024-06-12,C0353,P070,S002,1,300,170,0,300,0.0,300.0,130.0,Wallet,Razor Pack,Personal Care,Aisha Singh,Mumbai,25-34,Gold,FreshMart Mumbai West,Supermarket
ORD01783,2025-02-08,C0060,P052,S003,2,50,30,5,100,5.0,95.0,35.0,Cash,Cola Drink,Beverages,Pooja Kumar,Bengaluru,35-44,Gold,FreshMart Bengaluru Hub,Hypermarket
ORD01784,2026-08-09,C0129,P046,S008,1,400,260,0,400,0.0,400.0,140.0,Credit Card,Honey,Groceries & Food,Raj Das,Ahmedabad,45-54,Regular,FreshMart Ahmedabad,Supermarket
ORD01785,2026-01-26,C0105,P039,S002,1,180,140,0,180,0.0,180.0,40.0,UPI,Cooking Oil 1L,Groceries & Food,Rohan Singh,Mumbai,45-54,Regular,FreshMart Mumbai West,Supermarket
ORD01786,2025-07-01,C0076,P068,S005,1,250,140,0,250,0.0,250.0,110.0,UPI,Deodorant,Personal Care,Kavya Patel,Chennai,25-34,Regular,FreshMart Chennai,Supermarket
ORD01787,2024-03-13,C0257,P036,S004,2,200,90,0,400,0.0,400.0,220.0,UPI,Dustpan,Cleaning & Household,Raj Das,Hyderabad,45-54,Gold,FreshMart Hyderabad,Supermarket
ORD01788,2025-05-24,C0084,P061,S006,1,350,200,5,350,17.5,332.5,132.5,UPI,Shampoo,Personal Care,Ananya Das,Pune,18-24,Silver,FreshMart Pune,Supermarket
ORD01789,2026-10-07,C0386,P023,S006,1,220,100,20,220,44.0,176.0,76.0,Debit Card,Hand Towel,Bathroom Items,Riya Singh,Pune,55+,Regular,FreshMart Pune,Supermarket
ORD01790,2026-12-08,C0121,P027,S002,1,450,240,0,450,0.0,450.0,210.0,UPI,Laundry Detergent,Cleaning & Household,Priya Gupta,Mumbai,25-34,Platinum,FreshMart Mumbai West,Supermarket
ORD01791,2024-07-26,C0103,P059,S004,1,100,55,20,100,20.0,80.0,25.0,UPI,Iced Tea,Beverages,Aditya Kumar,Hyderabad,35-44,Regular,FreshMart Hyderabad,Supermarket
ORD01792,2025-09-10,C0297,P085,S002,1,1200,700,0,1200,0.0,1200.0,500.0,Wallet,Table Lamp,Home & Living,Sneha Gupta,Mumbai,35-44,Silver,FreshMart Mumbai West,Supermarket
ORD01793,2024-06-11,C0210,P035,S003,3,300,150,0,900,0.0,900.0,450.0,UPI,Bucket,Cleaning & Household,Isha Kumar,Bengaluru,18-24,Gold,FreshMart Bengaluru Hub,Hypermarket
ORD01794,2025-06-18,C0389,P029,S006,5,650,380,5,3250,162.5,3087.5,1187.5,Credit Card,Mop,Cleaning & Household,Sneha Patel,Pune,55+,Gold,FreshMart Pune,Supermarket
ORD01795,2024-04-10,C0270,P063,S005,1,120,70,5,120,6.0,114.0,44.0,Debit Card,Toothpaste,Personal Care,Karan Gupta,Chennai,35-44,Regular,FreshMart Chennai,Supermarket
ORD01796,2025-01-15,C0173,P039,S008,1,180,140,10,180,18.0,162.0,22.0,Credit Card,Cooking Oil 1L,Groceries & Food,Aarav Khan,Ahmedabad,45-54,Regular,FreshMart Ahmedabad,Supermarket
ORD01797,2025-08-06,C0160,P093,S007,1,450,250,0,450,0.0,450.0,200.0,UPI,Doormat,Home & Living,Meera Singh,Kolkata,18-24,Regular,FreshMart Kolkata,Supermarket
ORD01798,2024-09-22,C0087,P044,S005,1,120,70,5,120,6.0,114.0,44.0,Debit Card,Biscuits Pack,Groceries & Food,Sneha Gupta,Chennai,45-54,Regular,FreshMart Chennai,Supermarket
ORD01799,2024-07-17,C0216,P058,S004,1,40,22,0,40,0.0,40.0,18.0,UPI,Soda Water,Beverages,Aditya Gupta,Hyderabad,45-54,Platinum,FreshMart Hyderabad,Supermarket
ORD01800,2025-08-12,C0221,P009,S004,2,800,450,5,1600,80.0,1520.0,620.0,Credit Card,Storage Container Set,Kitchen Items,Riya Patel,Hyderabad,18-24,Silver,FreshMart Hyderabad,Supermarket
ORD01801,2025-11-04,C0316,P041,S003,2,30,20,5,60,3.0,57.0,17.0,UPI,Salt 1kg,Groceries & Food,Arjun Patel,Bengaluru,25-34,Regular,FreshMart Bengaluru Hub,Hypermarket
ORD01802,2026-06-29,C0116,P036,S002,1,200,90,15,200,30.0,170.0,80.0,Credit Card,Dustpan,Cleaning & Household,Neha Kumar,Mumbai,45-54,Regular,FreshMart Mumbai West,Supermarket
ORD01803,2024-12-14,C0292,P038,S003,1,300,220,0,300,0.0,300.0,80.0,Cash,Wheat Flour 5kg,Groceries & Food,Kavya Joshi,Bengaluru,35-44,Regular,FreshMart Bengaluru Hub,Hypermarket
ORD01804,2026-09-23,C0198,P086,S001,2,1500,900,0,3000,0.0,3000.0,1200.0,UPI,Bed Sheet,Home & Living,Vivaan Patel,Delhi,35-44,Regular,FreshMart Delhi Central,Supermarket
ORD01805,2026-01-26,C0383,P091,S008,1,250,110,10,250,25.0,225.0,115.0,Credit Card,Cushion Cover,Home & Living,Aisha Das,Ahmedabad,35-44,Regular,FreshMart Ahmedabad,Supermarket
ORD01806,2024-11-15,C0319,P040,S007,1,55,42,0,55,0.0,55.0,13.0,Credit Card,Sugar 1kg,Groceries & Food,Riya Das,Kolkata,18-24,Silver,FreshMart Kolkata,Supermarket
ORD01807,2024-02-17,C0075,P095,S001,3,600,320,0,1800,0.0,1800.0,840.0,Debit Card,Storage Box,Home & Living,Arjun Mehta,Delhi,45-54,Regular,FreshMart Delhi Central,Supermarket
ORD01808,2026-02-07,C0050,P093,S004,4,450,250,0,1800,0.0,1800.0,800.0,Credit Card,Doormat,Home & Living,Aisha Gupta,Hyderabad,35-44,Regular,FreshMart Hyderabad,Supermarket
ORD01809,2024-07-17,C0225,P081,S003,1,200,120,0,200,0.0,200.0,80.0,UPI,Bird Food,Pet Supplies,Riya Mehta,Bengaluru,45-54,Silver,FreshMart Bengaluru Hub,Hypermarket
ORD01810,2024-11-21,C0030,P030,S002,5,180,80,20,900,180.0,720.0,320.0,Credit Card,Garbage Bags,Cleaning & Household,Amit Das,Mumbai,18-24,Silver,FreshMart Mumbai West,Supermarket
ORD01811,2025-03-21,C0373,P043,S007,1,280,170,5,280,14.0,266.0,96.0,UPI,Breakfast Cereal,Groceries & Food,Rahul Joshi,Kolkata,45-54,Regular,FreshMart Kolkata,Supermarket
ORD01812,2024-08-04,C0311,P043,S003,2,280,170,10,560,56.0,504.0,164.0,Debit Card,Breakfast Cereal,Groceries & Food,Kabir Verma,Bengaluru,35-44,Regular,FreshMart Bengaluru Hub,Hypermarket
ORD01813,2026-10-25,C0192,P049,S002,1,30,15,15,30,4.5,25.5,10.5,Credit Card,Mineral Water,Beverages,Neha Gupta,Mumbai,45-54,Silver,FreshMart Mumbai West,Supermarket
ORD01814,2026-07-09,C0029,P047,S006,1,250,150,15,250,37.5,212.5,62.5,Credit Card,Tea Pack,Groceries & Food,Aarav Verma,Pune,35-44,Regular,FreshMart Pune,Supermarket
ORD01815,2025-11-15,C0162,P003,S005,2,350,180,10,700,70.0,630.0,270.0,UPI,Cutting Board,Kitchen Items,Kabir Das,Chennai,45-54,Regular,FreshMart Chennai,Supermarket
ORD01816,2026-05-06,C0330,P056,S003,5,60,35,0,300,0.0,300.0,125.0,Debit Card,Lemon Drink,Beverages,Riya Patel,Bengaluru,45-54,Platinum,FreshMart Bengaluru Hub,Hypermarket
ORD01817,2024-10-10,C0041,P050,S007,2,150,90,0,300,0.0,300.0,120.0,Credit Card,Orange Juice,Beverages,Neha Patel,Kolkata,45-54,Regular,FreshMart Kolkata,Supermarket
ORD01818,2024-02-16,C0238,P040,S007,1,55,42,0,55,0.0,55.0,13.0,Credit Card,Sugar 1kg,Groceries & Food,Vivaan Gupta,Kolkata,55+,Regular,FreshMart Kolkata,Supermarket
ORD01819,2024-07-05,C0201,P039,S004,4,180,140,0,720,0.0,720.0,160.0,Credit Card,Cooking Oil 1L,Groceries & Food,Sneha Das,Hyderabad,45-54,Gold,FreshMart Hyderabad,Supermarket
ORD01820,2026-03-08,C0338,P064,S006,2,80,35,15,160,24.0,136.0,66.0,Cash,Toothbrush,Personal Care,Aisha Joshi,Pune,55+,Regular,FreshMart Pune,Supermarket
ORD01821,2026-01-25,C0350,P023,S004,2,220,100,0,440,0.0,440.0,240.0,Credit Card,Hand Towel,Bathroom Items,Ananya Kumar,Hyderabad,18-24,Regular,FreshMart Hyderabad,Supermarket
ORD01822,2025-02-13,C0274,P072,S007,1,120,60,0,120,0.0,120.0,60.0,Cash,Cotton Pads,Personal Care,Ananya Das,Kolkata,55+,Regular,FreshMart Kolkata,Supermarket
ORD01823,2026-08-02,C0293,P031,S007,2,120,50,10,240,24.0,216.0,116.0,Credit Card,Cleaning Sponge Pack,Cleaning & Household,Kabir Mehta,Kolkata,35-44,Silver,FreshMart Kolkata,Supermarket
ORD01824,2024-12-28,C0109,P031,S004,2,120,50,0,240,0.0,240.0,140.0,Credit Card,Cleaning Sponge Pack,Cleaning & Household,Neha Khan,Hyderabad,45-54,Regular,FreshMart Hyderabad,Supermarket
ORD01825,2024-11-22,C0332,P031,S005,2,120,50,0,240,0.0,240.0,140.0,Debit Card,Cleaning Sponge Pack,Cleaning & Household,Kavya Sharma,Chennai,25-34,Regular,FreshMart Chennai,Supermarket
ORD01826,2026-04-12,C0344,P060,S007,3,70,40,20,210,42.0,168.0,48.0,Cash,Coconut Water,Beverages,Vivaan Verma,Kolkata,35-44,Regular,FreshMart Kolkata,Supermarket
ORD01827,2026-05-04,C0344,P002,S007,4,900,520,15,3600,540.0,3060.0,980.0,Credit Card,Chef Knife,Kitchen Items,Vivaan Verma,Kolkata,35-44,Regular,FreshMart Kolkata,Supermarket
ORD01828,2026-12-29,C0328,P063,S006,1,120,70,10,120,12.0,108.0,38.0,UPI,Toothpaste,Personal Care,Priya Verma,Pune,25-34,Silver,FreshMart Pune,Supermarket
ORD01829,2024-03-22,C0173,P063,S008,1,120,70,10,120,12.0,108.0,38.0,Credit Card,Toothpaste,Personal Care,Aarav Khan,Ahmedabad,45-54,Regular,FreshMart Ahmedabad,Supermarket
ORD01830,2026-05-27,C0169,P051,S006,3,160,95,0,480,0.0,480.0,195.0,Cash,Apple Juice,Beverages,Neha Patel,Pune,18-24,Gold,FreshMart Pune,Supermarket
ORD01831,2024-08-16,C0335,P072,S006,2,120,60,0,240,0.0,240.0,120.0,Debit Card,Cotton Pads,Personal Care,Karan Kumar,Pune,18-24,Gold,FreshMart Pune,Supermarket
ORD01832,2025-05-12,C0231,P023,S001,3,220,100,0,660,0.0,660.0,360.0,UPI,Hand Towel,Bathroom Items,Isha Sharma,Delhi,35-44,Regular,FreshMart Delhi Central,Supermarket
ORD01833,2024-05-31,C0334,P057,S005,2,140,80,10,280,28.0,252.0,92.0,Debit Card,Mango Juice,Beverages,Riya Joshi,Chennai,18-24,Silver,FreshMart Chennai,Supermarket
ORD01834,2025-12-02,C0142,P062,S002,1,280,160,10,280,28.0,252.0,92.0,Debit Card,Body Wash,Personal Care,Karan Patel,Mumbai,55+,Platinum,FreshMart Mumbai West,Supermarket
ORD01835,2024-03-14,C0099,P053,S006,3,120,70,0,360,0.0,360.0,150.0,UPI,Green Tea Drink,Beverages,Riya Das,Pune,45-54,Silver,FreshMart Pune,Supermarket
ORD01836,2026-01-29,C0359,P025,S002,2,220,110,10,440,44.0,396.0,176.0,UPI,Floor Cleaner,Cleaning & Household,Riya Gupta,Mumbai,18-24,Regular,FreshMart Mumbai West,Supermarket
ORD01837,2025-09-16,C0195,P064,S002,2,80,35,0,160,0.0,160.0,90.0,UPI,Toothbrush,Personal Care,Vivaan Das,Mumbai,25-34,Silver,FreshMart Mumbai West,Supermarket
ORD01838,2024-09-20,C0300,P065,S004,1,140,70,0,140,0.0,140.0,70.0,UPI,Hand Wash,Personal Care,Ananya Joshi,Hyderabad,25-34,Platinum,FreshMart Hyderabad,Supermarket
ORD01839,2024-02-27,C0381,P052,S002,3,50,30,5,150,7.5,142.5,52.5,UPI,Cola Drink,Beverages,Aisha Sharma,Mumbai,45-54,Regular,FreshMart Mumbai West,Supermarket
ORD01840,2026-01-15,C0030,P009,S002,2,800,450,10,1600,160.0,1440.0,540.0,Wallet,Storage Container Set,Kitchen Items,Amit Das,Mumbai,18-24,Silver,FreshMart Mumbai West,Supermarket
ORD01841,2024-12-14,C0176,P042,S001,2,90,55,5,180,9.0,171.0,61.0,Credit Card,Pasta,Groceries & Food,Aisha Verma,Delhi,55+,Silver,FreshMart Delhi Central,Supermarket
ORD01842,2026-02-13,C0026,P041,S003,3,30,20,5,90,4.5,85.5,25.5,UPI,Salt 1kg,Groceries & Food,Aarav Kumar,Bengaluru,55+,Gold,FreshMart Bengaluru Hub,Hypermarket
ORD01843,2024-12-25,C0310,P042,S002,1,90,55,10,90,9.0,81.0,26.0,UPI,Pasta,Groceries & Food,Priya Khan,Mumbai,55+,Gold,FreshMart Mumbai West,Supermarket
ORD01844,2025-02-26,C0112,P033,S007,1,280,140,0,280,0.0,280.0,140.0,Debit Card,Air Freshener,Cleaning & Household,Riya Sharma,Kolkata,55+,Silver,FreshMart Kolkata,Supermarket
ORD01845,2025-02-07,C0265,P064,S002,1,80,35,5,80,4.0,76.0,41.0,Wallet,Toothbrush,Personal Care,Isha Sharma,Mumbai,35-44,Regular,FreshMart Mumbai West,Supermarket
ORD01846,2026-12-09,C0115,P091,S006,2,250,110,0,500,0.0,500.0,280.0,UPI,Cushion Cover,Home & Living,Kavya Patel,Pune,45-54,Regular,FreshMart Pune,Supermarket
ORD01847,2025-11-05,C0299,P059,S005,1,100,55,20,100,20.0,80.0,25.0,Cash,Iced Tea,Beverages,Aarav Patel,Chennai,25-34,Platinum,FreshMart Chennai,Supermarket
ORD01848,2024-06-11,C0039,P040,S003,5,55,42,0,275,0.0,275.0,65.0,Credit Card,Sugar 1kg,Groceries & Food,Karan Khan,Bengaluru,55+,Silver,FreshMart Bengaluru Hub,Hypermarket
ORD01849,2025-06-08,C0314,P033,S006,3,280,140,0,840,0.0,840.0,420.0,Wallet,Air Freshener,Cleaning & Household,Sneha Khan,Pune,25-34,Regular,FreshMart Pune,Supermarket
ORD01850,2025-04-12,C0333,P080,S006,2,1800,1200,5,3600,180.0,3420.0,1020.0,UPI,Pet Bed,Pet Supplies,Karan Sharma,Pune,35-44,Regular,FreshMart Pune,Supermarket
ORD01851,2025-07-22,C0270,P060,S005,1,70,40,0,70,0.0,70.0,30.0,Cash,Coconut Water,Beverages,Karan Gupta,Chennai,35-44,Regular,FreshMart Chennai,Supermarket
ORD01852,2024-09-28,C0350,P005,S004,2,300,150,0,600,0.0,600.0,300.0,UPI,Spatula Set,Kitchen Items,Ananya Kumar,Hyderabad,18-24,Regular,FreshMart Hyderabad,Supermarket
ORD01853,2026-09-04,C0001,P051,S005,2,160,95,5,320,16.0,304.0,114.0,Debit Card,Apple Juice,Beverages,Arjun Sharma,Chennai,25-34,Regular,FreshMart Chennai,Supermarket
ORD01854,2024-05-29,C0384,P030,S003,1,180,80,0,180,0.0,180.0,100.0,UPI,Garbage Bags,Cleaning & Household,Arjun Mehta,Bengaluru,35-44,Silver,FreshMart Bengaluru Hub,Hypermarket
ORD01855,2025-03-16,C0005,P033,S005,2,280,140,0,560,0.0,560.0,280.0,UPI,Air Freshener,Cleaning & Household,Kavya Das,Chennai,18-24,Silver,FreshMart Chennai,Supermarket
ORD01856,2024-08-16,C0092,P045,S004,2,350,220,0,700,0.0,700.0,260.0,Debit Card,Peanut Butter,Groceries & Food,Amit Kumar,Hyderabad,25-34,Regular,FreshMart Hyderabad,Supermarket
ORD01857,2026-07-23,C0200,P057,S003,5,140,80,0,700,0.0,700.0,300.0,Credit Card,Mango Juice,Beverages,Rahul Gupta,Bengaluru,18-24,Silver,FreshMart Bengaluru Hub,Hypermarket
ORD01858,2024-12-27,C0152,P026,S004,2,160,75,0,320,0.0,320.0,170.0,Debit Card,Dishwashing Liquid,Cleaning & Household,Kabir Verma,Hyderabad,18-24,Silver,FreshMart Hyderabad,Supermarket
ORD01859,2026-12-25,C0069,P029,S001,1,650,380,5,650,32.5,617.5,237.5,UPI,Mop,Cleaning & Household,Rohan Khan,Delhi,35-44,Silver,FreshMart Delhi Central,Supermarket
ORD01860,2025-01-08,C0131,P038,S008,2,300,220,0,600,0.0,600.0,160.0,Wallet,Wheat Flour 5kg,Groceries & Food,Aditya Kumar,Ahmedabad,25-34,Silver,FreshMart Ahmedabad,Supermarket
ORD01861,2024-11-25,C0261,P042,S007,2,90,55,0,180,0.0,180.0,70.0,Cash,Pasta,Groceries & Food,Rohan Das,Kolkata,18-24,Regular,FreshMart Kolkata,Supermarket
ORD01862,2025-01-09,C0386,P043,S006,1,280,170,0,280,0.0,280.0,110.0,UPI,Breakfast Cereal,Groceries & Food,Riya Singh,Pune,55+,Regular,FreshMart Pune,Supermarket
ORD01863,2025-09-17,C0224,P035,S007,1,300,150,5,300,15.0,285.0,135.0,UPI,Bucket,Cleaning & Household,Riya Gupta,Kolkata,45-54,Regular,FreshMart Kolkata,Supermarket
ORD01864,2025-03-06,C0206,P028,S007,2,350,180,0,700,0.0,700.0,340.0,UPI,Broom,Cleaning & Household,Arjun Singh,Kolkata,55+,Regular,FreshMart Kolkata,Supermarket
ORD01865,2024-12-17,C0132,P067,S007,2,450,280,0,900,0.0,900.0,340.0,Wallet,Moisturizer,Personal Care,Meera Das,Kolkata,35-44,Regular,FreshMart Kolkata,Supermarket
ORD01866,2026-05-03,C0385,P085,S001,3,1200,700,0,3600,0.0,3600.0,1500.0,Wallet,Table Lamp,Home & Living,Sneha Patel,Delhi,45-54,Regular,FreshMart Delhi Central,Supermarket
ORD01867,2025-09-13,C0249,P044,S007,1,120,70,0,120,0.0,120.0,50.0,Debit Card,Biscuits Pack,Groceries & Food,Arjun Patel,Kolkata,35-44,Silver,FreshMart Kolkata,Supermarket
ORD01868,2025-10-07,C0040,P066,S007,1,300,180,0,300,0.0,300.0,120.0,Credit Card,Face Wash,Personal Care,Amit Joshi,Kolkata,25-34,Regular,FreshMart Kolkata,Supermarket
ORD01869,2026-04-07,C0210,P068,S003,1,250,140,0,250,0.0,250.0,110.0,Debit Card,Deodorant,Personal Care,Isha Kumar,Bengaluru,18-24,Gold,FreshMart Bengaluru Hub,Hypermarket
ORD01870,2026-07-24,C0165,P014,S001,3,700,380,0,2100,0.0,2100.0,960.0,Debit Card,Shower Curtain,Bathroom Items,Isha Kumar,Delhi,18-24,Regular,FreshMart Delhi Central,Supermarket
ORD01871,2025-06-08,C0370,P036,S004,1,200,90,0,200,0.0,200.0,110.0,UPI,Dustpan,Cleaning & Household,Meera Kumar,Hyderabad,55+,Regular,FreshMart Hyderabad,Supermarket
ORD01872,2025-10-29,C0373,P066,S007,2,300,180,10,600,60.0,540.0,180.0,Credit Card,Face Wash,Personal Care,Rahul Joshi,Kolkata,45-54,Regular,FreshMart Kolkata,Supermarket
ORD01873,2025-07-15,C0326,P048,S001,1,450,300,0,450,0.0,450.0,150.0,UPI,Coffee Pack,Groceries & Food,Riya Khan,Delhi,45-54,Gold,FreshMart Delhi Central,Supermarket
ORD01874,2026-08-20,C0201,P048,S004,4,450,300,15,1800,270.0,1530.0,330.0,Debit Card,Coffee Pack,Groceries & Food,Sneha Das,Hyderabad,45-54,Gold,FreshMart Hyderabad,Supermarket
ORD01875,2026-09-24,C0383,P043,S008,1,280,170,20,280,56.0,224.0,54.0,Credit Card,Breakfast Cereal,Groceries & Food,Aisha Das,Ahmedabad,35-44,Regular,FreshMart Ahmedabad,Supermarket
ORD01876,2024-04-24,C0361,P002,S006,2,900,520,0,1800,0.0,1800.0,760.0,UPI,Chef Knife,Kitchen Items,Aditya Gupta,Pune,18-24,Regular,FreshMart Pune,Supermarket
ORD01877,2024-08-15,C0171,P089,S001,2,800,450,15,1600,240.0,1360.0,460.0,UPI,Wall Clock,Home & Living,Sneha Khan,Delhi,45-54,Regular,FreshMart Delhi Central,Supermarket
ORD01878,2026-04-27,C0236,P086,S001,3,1500,900,15,4500,675.0,3825.0,1125.0,Credit Card,Bed Sheet,Home & Living,Aarav Gupta,Delhi,35-44,Silver,FreshMart Delhi Central,Supermarket
ORD01879,2024-06-29,C0219,P052,S007,1,50,30,0,50,0.0,50.0,20.0,Credit Card,Cola Drink,Beverages,Raj Das,Kolkata,35-44,Regular,FreshMart Kolkata,Supermarket
ORD01880,2026-12-23,C0299,P049,S005,2,30,15,0,60,0.0,60.0,30.0,Debit Card,Mineral Water,Beverages,Aarav Patel,Chennai,25-34,Platinum,FreshMart Chennai,Supermarket
ORD01881,2025-10-04,C0184,P076,S008,1,250,120,10,250,25.0,225.0,105.0,Debit Card,Dog Toy,Pet Supplies,Meera Das,Ahmedabad,25-34,Regular,FreshMart Ahmedabad,Supermarket
ORD01882,2025-10-19,C0309,P029,S005,2,650,380,0,1300,0.0,1300.0,540.0,Debit Card,Mop,Cleaning & Household,Isha Gupta,Chennai,18-24,Silver,FreshMart Chennai,Supermarket
ORD01883,2025-06-06,C0048,P068,S001,2,250,140,15,500,75.0,425.0,145.0,UPI,Deodorant,Personal Care,Rahul Mehta,Delhi,45-54,Regular,FreshMart Delhi Central,Supermarket
ORD01884,2026-05-25,C0196,P049,S002,1,30,15,5,30,1.5,28.5,13.5,UPI,Mineral Water,Beverages,Kabir Singh,Mumbai,45-54,Platinum,FreshMart Mumbai West,Supermarket
ORD01885,2026-11-15,C0067,P048,S005,2,450,300,20,900,180.0,720.0,120.0,Wallet,Coffee Pack,Groceries & Food,Ananya Gupta,Chennai,25-34,Silver,FreshMart Chennai,Supermarket
ORD01886,2025-10-31,C0207,P082,S001,2,280,150,5,560,28.0,532.0,232.0,Debit Card,Pet Treats,Pet Supplies,Kabir Kumar,Delhi,45-54,Regular,FreshMart Delhi Central,Supermarket
ORD01887,2024-07-07,C0200,P069,S003,5,220,120,10,1100,110.0,990.0,390.0,Credit Card,Hair Oil,Personal Care,Rahul Gupta,Bengaluru,18-24,Silver,FreshMart Bengaluru Hub,Hypermarket
ORD01888,2024-06-28,C0127,P063,S007,2,120,70,5,240,12.0,228.0,88.0,Debit Card,Toothpaste,Personal Care,Aisha Verma,Kolkata,35-44,Silver,FreshMart Kolkata,Supermarket
ORD01889,2024-05-29,C0200,P033,S003,3,280,140,0,840,0.0,840.0,420.0,UPI,Air Freshener,Cleaning & Household,Rahul Gupta,Bengaluru,18-24,Silver,FreshMart Bengaluru Hub,Hypermarket
ORD01890,2024-11-07,C0217,P040,S002,1,55,42,5,55,2.75,52.25,10.25,UPI,Sugar 1kg,Groceries & Food,Riya Patel,Mumbai,45-54,Regular,FreshMart Mumbai West,Supermarket
ORD01891,2026-06-04,C0033,P045,S004,3,350,220,0,1050,0.0,1050.0,390.0,UPI,Peanut Butter,Groceries & Food,Neha Singh,Hyderabad,35-44,Regular,FreshMart Hyderabad,Supermarket
ORD01892,2026-03-09,C0115,P055,S006,1,90,50,0,90,0.0,90.0,40.0,Credit Card,Cold Coffee,Beverages,Kavya Patel,Pune,45-54,Regular,FreshMart Pune,Supermarket
ORD01893,2025-04-01,C0357,P031,S003,2,120,50,10,240,24.0,216.0,116.0,Credit Card,Cleaning Sponge Pack,Cleaning & Household,Arjun Singh,Bengaluru,25-34,Silver,FreshMart Bengaluru Hub,Hypermarket
ORD01894,2025-02-14,C0371,P058,S005,3,40,22,5,120,6.0,114.0,48.0,UPI,Soda Water,Beverages,Aarav Joshi,Chennai,35-44,Regular,FreshMart Chennai,Supermarket
ORD01895,2024-10-19,C0209,P080,S006,1,1800,1200,0,1800,0.0,1800.0,600.0,UPI,Pet Bed,Pet Supplies,Amit Das,Pune,25-34,Silver,FreshMart Pune,Supermarket
ORD01896,2024-03-21,C0134,P053,S005,3,120,70,5,360,18.0,342.0,132.0,Wallet,Green Tea Drink,Beverages,Raj Patel,Chennai,55+,Silver,FreshMart Chennai,Supermarket
ORD01897,2025-10-07,C0190,P035,S006,2,300,150,0,600,0.0,600.0,300.0,UPI,Bucket,Cleaning & Household,Rohan Khan,Pune,18-24,Gold,FreshMart Pune,Supermarket
ORD01898,2025-04-22,C0011,P085,S002,4,1200,700,0,4800,0.0,4800.0,2000.0,UPI,Table Lamp,Home & Living,Amit Kumar,Mumbai,25-34,Gold,FreshMart Mumbai West,Supermarket
ORD01899,2026-06-19,C0263,P021,S006,1,1000,600,15,1000,150.0,850.0,250.0,UPI,Laundry Basket,Bathroom Items,Ananya Gupta,Pune,35-44,Silver,FreshMart Pune,Supermarket
ORD01900,2025-03-03,C0148,P077,S005,1,220,100,0,220,0.0,220.0,120.0,UPI,Cat Toy,Pet Supplies,Aarav Das,Chennai,45-54,Regular,FreshMart Chennai,Supermarket
ORD01901,2026-02-18,C0175,P034,S003,2,250,120,0,500,0.0,500.0,260.0,Wallet,Disinfectant Spray,Cleaning & Household,Karan Kumar,Bengaluru,35-44,Regular,FreshMart Bengaluru Hub,Hypermarket
ORD01902,2026-10-27,C0207,P042,S001,1,90,55,5,90,4.5,85.5,30.5,Credit Card,Pasta,Groceries & Food,Kabir Kumar,Delhi,45-54,Regular,FreshMart Delhi Central,Supermarket
ORD01903,2025-10-10,C0149,P068,S001,1,250,140,0,250,0.0,250.0,110.0,Credit Card,Deodorant,Personal Care,Ananya Gupta,Delhi,35-44,Gold,FreshMart Delhi Central,Supermarket
ORD01904,2026-11-28,C0069,P047,S001,1,250,150,0,250,0.0,250.0,100.0,Credit Card,Tea Pack,Groceries & Food,Rohan Khan,Delhi,35-44,Silver,FreshMart Delhi Central,Supermarket
ORD01905,2024-07-23,C0385,P095,S001,1,600,320,15,600,90.0,510.0,190.0,Cash,Storage Box,Home & Living,Sneha Patel,Delhi,45-54,Regular,FreshMart Delhi Central,Supermarket
ORD01906,2025-09-07,C0072,P037,S007,1,650,500,10,650,65.0,585.0,85.0,Debit Card,Basmati Rice 5kg,Groceries & Food,Priya Khan,Kolkata,55+,Silver,FreshMart Kolkata,Supermarket
ORD01907,2026-08-23,C0341,P072,S005,1,120,60,20,120,24.0,96.0,36.0,Debit Card,Cotton Pads,Personal Care,Ananya Kumar,Chennai,45-54,Silver,FreshMart Chennai,Supermarket
ORD01908,2024-04-02,C0166,P086,S001,1,1500,900,0,1500,0.0,1500.0,600.0,Credit Card,Bed Sheet,Home & Living,Meera Das,Delhi,35-44,Silver,FreshMart Delhi Central,Supermarket
ORD01909,2024-11-30,C0298,P016,S002,3,650,360,0,1950,0.0,1950.0,870.0,Cash,Bathroom Mat,Bathroom Items,Ananya Gupta,Mumbai,45-54,Regular,FreshMart Mumbai West,Supermarket
ORD01910,2025-08-23,C0301,P081,S005,1,200,120,0,200,0.0,200.0,80.0,UPI,Bird Food,Pet Supplies,Rohan Verma,Chennai,18-24,Regular,FreshMart Chennai,Supermarket
ORD01911,2026-11-28,C0234,P019,S001,2,900,500,10,1800,180.0,1620.0,620.0,UPI,Towel Rack,Bathroom Items,Rohan Das,Delhi,35-44,Gold,FreshMart Delhi Central,Supermarket
ORD01912,2024-08-12,C0304,P081,S008,3,200,120,0,600,0.0,600.0,240.0,UPI,Bird Food,Pet Supplies,Isha Gupta,Ahmedabad,18-24,Regular,FreshMart Ahmedabad,Supermarket
ORD01913,2026-02-03,C0186,P040,S006,4,55,42,0,220,0.0,220.0,52.0,UPI,Sugar 1kg,Groceries & Food,Sneha Joshi,Pune,25-34,Platinum,FreshMart Pune,Supermarket
ORD01914,2025-11-30,C0389,P067,S006,1,450,280,15,450,67.5,382.5,102.5,Wallet,Moisturizer,Personal Care,Sneha Patel,Pune,55+,Gold,FreshMart Pune,Supermarket
ORD01915,2026-02-11,C0241,P010,S008,3,250,110,10,750,75.0,675.0,345.0,UPI,Coffee Mug,Kitchen Items,Pooja Kumar,Ahmedabad,18-24,Regular,FreshMart Ahmedabad,Supermarket
ORD01916,2025-12-15,C0308,P020,S007,1,750,420,20,750,150.0,600.0,180.0,UPI,Shower Caddy,Bathroom Items,Pooja Khan,Kolkata,25-34,Gold,FreshMart Kolkata,Supermarket
ORD01917,2026-04-30,C0108,P044,S005,3,120,70,5,360,18.0,342.0,132.0,UPI,Biscuits Pack,Groceries & Food,Aarav Patel,Chennai,45-54,Gold,FreshMart Chennai,Supermarket
ORD01918,2024-01-02,C0382,P049,S006,1,30,15,5,30,1.5,28.5,13.5,Wallet,Mineral Water,Beverages,Amit Singh,Pune,18-24,Regular,FreshMart Pune,Supermarket
ORD01919,2026-01-18,C0010,P023,S004,4,220,100,10,880,88.0,792.0,392.0,UPI,Hand Towel,Bathroom Items,Isha Patel,Hyderabad,18-24,Regular,FreshMart Hyderabad,Supermarket
ORD01920,2025-02-05,C0101,P045,S005,1,350,220,5,350,17.5,332.5,112.5,Cash,Peanut Butter,Groceries & Food,Aisha Joshi,Chennai,25-34,Gold,FreshMart Chennai,Supermarket
ORD01921,2024-06-17,C0024,P023,S002,2,220,100,10,440,44.0,396.0,196.0,UPI,Hand Towel,Bathroom Items,Riya Sharma,Mumbai,55+,Silver,FreshMart Mumbai West,Supermarket
ORD01922,2025-05-26,C0001,P057,S005,1,140,80,0,140,0.0,140.0,60.0,Debit Card,Mango Juice,Beverages,Arjun Sharma,Chennai,25-34,Regular,FreshMart Chennai,Supermarket
ORD01923,2026-08-04,C0095,P036,S007,2,200,90,5,400,20.0,380.0,200.0,Credit Card,Dustpan,Cleaning & Household,Sneha Joshi,Kolkata,25-34,Regular,FreshMart Kolkata,Supermarket
ORD01924,2024-09-26,C0038,P076,S004,1,250,120,0,250,0.0,250.0,130.0,UPI,Dog Toy,Pet Supplies,Aditya Khan,Hyderabad,35-44,Silver,FreshMart Hyderabad,Supermarket
ORD01925,2024-03-11,C0160,P069,S007,2,220,120,10,440,44.0,396.0,156.0,Debit Card,Hair Oil,Personal Care,Meera Singh,Kolkata,18-24,Regular,FreshMart Kolkata,Supermarket
ORD01926,2025-01-08,C0010,P068,S004,1,250,140,5,250,12.5,237.5,97.5,Cash,Deodorant,Personal Care,Isha Patel,Hyderabad,18-24,Regular,FreshMart Hyderabad,Supermarket
ORD01927,2026-03-23,C0190,P032,S006,1,200,95,5,200,10.0,190.0,95.0,Credit Card,Glass Cleaner,Cleaning & Household,Rohan Khan,Pune,18-24,Gold,FreshMart Pune,Supermarket
ORD01928,2026-04-10,C0184,P046,S008,2,400,260,0,800,0.0,800.0,280.0,Debit Card,Honey,Groceries & Food,Meera Das,Ahmedabad,25-34,Regular,FreshMart Ahmedabad,Supermarket
ORD01929,2024-08-29,C0247,P043,S004,2,280,170,10,560,56.0,504.0,164.0,Credit Card,Breakfast Cereal,Groceries & Food,Arjun Khan,Hyderabad,45-54,Regular,FreshMart Hyderabad,Supermarket
ORD01930,2025-01-16,C0296,P031,S003,1,120,50,10,120,12.0,108.0,58.0,Credit Card,Cleaning Sponge Pack,Cleaning & Household,Ananya Verma,Bengaluru,35-44,Regular,FreshMart Bengaluru Hub,Hypermarket
ORD01931,2024-07-16,C0110,P048,S001,2,450,300,0,900,0.0,900.0,300.0,Credit Card,Coffee Pack,Groceries & Food,Neha Joshi,Delhi,45-54,Regular,FreshMart Delhi Central,Supermarket
ORD01932,2026-01-18,C0170,P006,S008,1,650,350,0,650,0.0,650.0,300.0,Credit Card,Mixer Bowl,Kitchen Items,Ananya Mehta,Ahmedabad,35-44,Silver,FreshMart Ahmedabad,Supermarket
ORD01933,2026-07-25,C0111,P009,S008,3,800,450,0,2400,0.0,2400.0,1050.0,Debit Card,Storage Container Set,Kitchen Items,Sneha Gupta,Ahmedabad,25-34,Platinum,FreshMart Ahmedabad,Supermarket
ORD01934,2025-12-12,C0244,P013,S005,1,500,280,20,500,100.0,400.0,120.0,UPI,Bath Towel,Bathroom Items,Aditya Gupta,Chennai,55+,Silver,FreshMart Chennai,Supermarket
ORD01935,2026-12-05,C0227,P078,S008,1,350,180,10,350,35.0,315.0,135.0,UPI,Pet Bowl,Pet Supplies,Priya Singh,Ahmedabad,45-54,Platinum,FreshMart Ahmedabad,Supermarket
ORD01936,2025-12-25,C0209,P005,S006,3,300,150,5,900,45.0,855.0,405.0,Credit Card,Spatula Set,Kitchen Items,Amit Das,Pune,25-34,Silver,FreshMart Pune,Supermarket
ORD01937,2026-12-27,C0155,P012,S002,1,180,80,15,180,27.0,153.0,73.0,Credit Card,Kitchen Towel,Kitchen Items,Vivaan Das,Mumbai,25-34,Silver,FreshMart Mumbai West,Supermarket
ORD01938,2024-07-24,C0219,P040,S007,2,55,42,5,110,5.5,104.5,20.5,Cash,Sugar 1kg,Groceries & Food,Raj Das,Kolkata,35-44,Regular,FreshMart Kolkata,Supermarket
ORD01939,2024-11-07,C0353,P029,S002,4,650,380,0,2600,0.0,2600.0,1080.0,UPI,Mop,Cleaning & Household,Aisha Singh,Mumbai,25-34,Gold,FreshMart Mumbai West,Supermarket
ORD01940,2026-03-31,C0179,P006,S005,1,650,350,15,650,97.5,552.5,202.5,Wallet,Mixer Bowl,Kitchen Items,Rohan Joshi,Chennai,55+,Silver,FreshMart Chennai,Supermarket
ORD01941,2026-08-16,C0353,P091,S002,1,250,110,10,250,25.0,225.0,115.0,UPI,Cushion Cover,Home & Living,Aisha Singh,Mumbai,25-34,Gold,FreshMart Mumbai West,Supermarket
ORD01942,2025-09-30,C0022,P009,S003,1,800,450,10,800,80.0,720.0,270.0,Credit Card,Storage Container Set,Kitchen Items,Arjun Gupta,Bengaluru,45-54,Silver,FreshMart Bengaluru Hub,Hypermarket
ORD01943,2026-04-20,C0098,P012,S003,1,180,80,5,180,9.0,171.0,91.0,UPI,Kitchen Towel,Kitchen Items,Arjun Joshi,Bengaluru,45-54,Silver,FreshMart Bengaluru Hub,Hypermarket
ORD01944,2025-05-11,C0279,P091,S002,1,250,110,0,250,0.0,250.0,140.0,Credit Card,Cushion Cover,Home & Living,Rahul Verma,Mumbai,55+,Regular,FreshMart Mumbai West,Supermarket
ORD01945,2025-05-24,C0054,P051,S002,3,160,95,0,480,0.0,480.0,195.0,Wallet,Apple Juice,Beverages,Amit Mehta,Mumbai,55+,Regular,FreshMart Mumbai West,Supermarket
ORD01946,2026-04-02,C0369,P034,S001,1,250,120,10,250,25.0,225.0,105.0,Wallet,Disinfectant Spray,Cleaning & Household,Isha Patel,Delhi,18-24,Regular,FreshMart Delhi Central,Supermarket
ORD01947,2026-06-27,C0130,P015,S006,1,350,180,0,350,0.0,350.0,170.0,UPI,Soap Dispenser,Bathroom Items,Meera Kumar,Pune,25-34,Gold,FreshMart Pune,Supermarket
ORD01948,2026-12-02,C0162,P050,S005,1,150,90,5,150,7.5,142.5,52.5,Credit Card,Orange Juice,Beverages,Kabir Das,Chennai,45-54,Regular,FreshMart Chennai,Supermarket
ORD01949,2025-09-03,C0324,P055,S007,3,90,50,5,270,13.5,256.5,106.5,Credit Card,Cold Coffee,Beverages,Amit Das,Kolkata,25-34,Silver,FreshMart Kolkata,Supermarket
ORD01950,2025-11-30,C0239,P016,S008,4,650,360,0,2600,0.0,2600.0,1160.0,Cash,Bathroom Mat,Bathroom Items,Aditya Joshi,Ahmedabad,35-44,Regular,FreshMart Ahmedabad,Supermarket
ORD01951,2026-08-13,C0289,P027,S006,1,450,240,0,450,0.0,450.0,210.0,Debit Card,Laundry Detergent,Cleaning & Household,Meera Singh,Pune,55+,Regular,FreshMart Pune,Supermarket
ORD01952,2026-09-24,C0051,P081,S001,3,200,120,0,600,0.0,600.0,240.0,UPI,Bird Food,Pet Supplies,Vivaan Das,Delhi,35-44,Regular,FreshMart Delhi Central,Supermarket
ORD01953,2026-01-12,C0024,P089,S002,1,800,450,10,800,80.0,720.0,270.0,Credit Card,Wall Clock,Home & Living,Riya Sharma,Mumbai,55+,Silver,FreshMart Mumbai West,Supermarket
ORD01954,2026-06-04,C0229,P064,S007,1,80,35,5,80,4.0,76.0,41.0,Cash,Toothbrush,Personal Care,Priya Sharma,Kolkata,35-44,Regular,FreshMart Kolkata,Supermarket
ORD01955,2025-07-18,C0338,P029,S006,4,650,380,5,2600,130.0,2470.0,950.0,UPI,Mop,Cleaning & Household,Aisha Joshi,Pune,55+,Regular,FreshMart Pune,Supermarket
ORD01956,2025-05-29,C0182,P054,S005,5,110,65,0,550,0.0,550.0,225.0,UPI,Energy Drink,Beverages,Rohan Verma,Chennai,45-54,Regular,FreshMart Chennai,Supermarket
ORD01957,2025-05-12,C0064,P070,S005,2,300,170,0,600,0.0,600.0,260.0,Credit Card,Razor Pack,Personal Care,Riya Gupta,Chennai,35-44,Silver,FreshMart Chennai,Supermarket
ORD01958,2026-09-26,C0134,P025,S005,2,220,110,10,440,44.0,396.0,176.0,UPI,Floor Cleaner,Cleaning & Household,Raj Patel,Chennai,55+,Silver,FreshMart Chennai,Supermarket
ORD01959,2026-02-22,C0185,P048,S006,1,450,300,0,450,0.0,450.0,150.0,Cash,Coffee Pack,Groceries & Food,Aisha Patel,Pune,55+,Silver,FreshMart Pune,Supermarket
ORD01960,2024-07-20,C0091,P054,S006,2,110,65,0,220,0.0,220.0,90.0,Debit Card,Energy Drink,Beverages,Kabir Khan,Pune,18-24,Gold,FreshMart Pune,Supermarket
ORD01961,2026-05-13,C0002,P045,S002,3,350,220,10,1050,105.0,945.0,285.0,UPI,Peanut Butter,Groceries & Food,Arjun Khan,Mumbai,55+,Regular,FreshMart Mumbai West,Supermarket
ORD01962,2026-06-20,C0321,P050,S002,3,150,90,5,450,22.5,427.5,157.5,Credit Card,Orange Juice,Beverages,Isha Joshi,Mumbai,18-24,Gold,FreshMart Mumbai West,Supermarket
ORD01963,2026-06-03,C0039,P090,S003,2,300,150,0,600,0.0,600.0,300.0,Credit Card,Photo Frame,Home & Living,Karan Khan,Bengaluru,55+,Silver,FreshMart Bengaluru Hub,Hypermarket
ORD01964,2025-11-22,C0104,P008,S003,3,600,320,10,1800,180.0,1620.0,660.0,Cash,Lunch Box,Kitchen Items,Riya Verma,Bengaluru,25-34,Regular,FreshMart Bengaluru Hub,Hypermarket
ORD01965,2025-12-05,C0161,P025,S003,4,220,110,0,880,0.0,880.0,440.0,Debit Card,Floor Cleaner,Cleaning & Household,Rohan Kumar,Bengaluru,18-24,Regular,FreshMart Bengaluru Hub,Hypermarket
ORD01966,2025-06-22,C0330,P036,S003,3,200,90,0,600,0.0,600.0,330.0,Credit Card,Dustpan,Cleaning & Household,Riya Patel,Bengaluru,45-54,Platinum,FreshMart Bengaluru Hub,Hypermarket
ORD01967,2025-10-21,C0134,P075,S005,3,300,170,10,900,90.0,810.0,300.0,UPI,Pet Shampoo,Pet Supplies,Raj Patel,Chennai,55+,Silver,FreshMart Chennai,Supermarket
ORD01968,2024-07-01,C0246,P045,S007,1,350,220,5,350,17.5,332.5,112.5,Debit Card,Peanut Butter,Groceries & Food,Kavya Khan,Kolkata,18-24,Silver,FreshMart Kolkata,Supermarket
ORD01969,2025-04-11,C0050,P068,S004,1,250,140,0,250,0.0,250.0,110.0,Wallet,Deodorant,Personal Care,Aisha Gupta,Hyderabad,35-44,Regular,FreshMart Hyderabad,Supermarket
ORD01970,2026-04-11,C0120,P010,S004,1,250,110,5,250,12.5,237.5,127.5,UPI,Coffee Mug,Kitchen Items,Arjun Das,Hyderabad,45-54,Silver,FreshMart Hyderabad,Supermarket
ORD01971,2025-06-26,C0080,P041,S002,3,30,20,5,90,4.5,85.5,25.5,UPI,Salt 1kg,Groceries & Food,Raj Sharma,Mumbai,55+,Regular,FreshMart Mumbai West,Supermarket
ORD01972,2026-01-10,C0146,P039,S005,3,180,140,20,540,108.0,432.0,12.0,UPI,Cooking Oil 1L,Groceries & Food,Riya Gupta,Chennai,18-24,Platinum,FreshMart Chennai,Supermarket
ORD01973,2025-09-27,C0270,P020,S005,4,750,420,10,3000,300.0,2700.0,1020.0,Credit Card,Shower Caddy,Bathroom Items,Karan Gupta,Chennai,35-44,Regular,FreshMart Chennai,Supermarket
ORD01974,2024-12-30,C0321,P068,S002,2,250,140,0,500,0.0,500.0,220.0,UPI,Deodorant,Personal Care,Isha Joshi,Mumbai,18-24,Gold,FreshMart Mumbai West,Supermarket
ORD01975,2026-04-08,C0112,P057,S007,3,140,80,0,420,0.0,420.0,180.0,UPI,Mango Juice,Beverages,Riya Sharma,Kolkata,55+,Silver,FreshMart Kolkata,Supermarket
ORD01976,2024-09-29,C0155,P046,S002,4,400,260,0,1600,0.0,1600.0,560.0,Wallet,Honey,Groceries & Food,Vivaan Das,Mumbai,25-34,Silver,FreshMart Mumbai West,Supermarket
ORD01977,2025-08-24,C0224,P069,S007,2,220,120,20,440,88.0,352.0,112.0,UPI,Hair Oil,Personal Care,Riya Gupta,Kolkata,45-54,Regular,FreshMart Kolkata,Supermarket
ORD01978,2024-03-24,C0009,P034,S007,1,250,120,0,250,0.0,250.0,130.0,Wallet,Disinfectant Spray,Cleaning & Household,Riya Verma,Kolkata,18-24,Silver,FreshMart Kolkata,Supermarket
ORD01979,2025-04-04,C0080,P008,S002,3,600,320,20,1800,360.0,1440.0,480.0,UPI,Lunch Box,Kitchen Items,Raj Sharma,Mumbai,55+,Regular,FreshMart Mumbai West,Supermarket
ORD01980,2025-03-18,C0240,P028,S004,1,350,180,0,350,0.0,350.0,170.0,Wallet,Broom,Cleaning & Household,Arjun Joshi,Hyderabad,55+,Regular,FreshMart Hyderabad,Supermarket
ORD01981,2026-09-16,C0074,P080,S004,3,1800,1200,0,5400,0.0,5400.0,1800.0,Credit Card,Pet Bed,Pet Supplies,Ananya Mehta,Hyderabad,35-44,Regular,FreshMart Hyderabad,Supermarket
ORD01982,2026-04-24,C0193,P049,S007,1,30,15,5,30,1.5,28.5,13.5,UPI,Mineral Water,Beverages,Raj Patel,Kolkata,18-24,Gold,FreshMart Kolkata,Supermarket
ORD01983,2026-03-03,C0104,P053,S003,2,120,70,10,240,24.0,216.0,76.0,Wallet,Green Tea Drink,Beverages,Riya Verma,Bengaluru,25-34,Regular,FreshMart Bengaluru Hub,Hypermarket
ORD01984,2025-06-23,C0269,P072,S001,1,120,60,0,120,0.0,120.0,60.0,Wallet,Cotton Pads,Personal Care,Isha Sharma,Delhi,25-34,Regular,FreshMart Delhi Central,Supermarket
ORD01985,2026-01-01,C0385,P029,S001,1,650,380,10,650,65.0,585.0,205.0,UPI,Mop,Cleaning & Household,Sneha Patel,Delhi,45-54,Regular,FreshMart Delhi Central,Supermarket
ORD01986,2025-05-20,C0247,P063,S004,3,120,70,5,360,18.0,342.0,132.0,UPI,Toothpaste,Personal Care,Arjun Khan,Hyderabad,45-54,Regular,FreshMart Hyderabad,Supermarket
ORD01987,2026-11-05,C0085,P092,S005,2,1800,1100,0,3600,0.0,3600.0,1400.0,Cash,Curtain Set,Home & Living,Kabir Khan,Chennai,45-54,Regular,FreshMart Chennai,Supermarket
ORD01988,2025-12-14,C0126,P026,S006,2,160,75,5,320,16.0,304.0,154.0,Wallet,Dishwashing Liquid,Cleaning & Household,Priya Verma,Pune,18-24,Gold,FreshMart Pune,Supermarket
ORD01989,2024-04-18,C0299,P044,S005,2,120,70,0,240,0.0,240.0,100.0,Credit Card,Biscuits Pack,Groceries & Food,Aarav Patel,Chennai,25-34,Platinum,FreshMart Chennai,Supermarket
ORD01990,2024-11-27,C0230,P004,S002,2,1500,900,0,3000,0.0,3000.0,1200.0,UPI,Cooking Pot,Kitchen Items,Arjun Joshi,Mumbai,25-34,Silver,FreshMart Mumbai West,Supermarket
ORD01991,2024-11-15,C0200,P075,S003,1,300,170,10,300,30.0,270.0,100.0,Credit Card,Pet Shampoo,Pet Supplies,Rahul Gupta,Bengaluru,18-24,Silver,FreshMart Bengaluru Hub,Hypermarket
ORD01992,2024-02-26,C0287,P090,S002,2,300,150,5,600,30.0,570.0,270.0,Debit Card,Photo Frame,Home & Living,Kabir Verma,Mumbai,55+,Silver,FreshMart Mumbai West,Supermarket
ORD01993,2026-03-22,C0323,P089,S007,1,800,450,5,800,40.0,760.0,310.0,Credit Card,Wall Clock,Home & Living,Rohan Kumar,Kolkata,18-24,Silver,FreshMart Kolkata,Supermarket
ORD01994,2025-11-07,C0294,P051,S002,3,160,95,5,480,24.0,456.0,171.0,Credit Card,Apple Juice,Beverages,Vivaan Patel,Mumbai,35-44,Regular,FreshMart Mumbai West,Supermarket
ORD01995,2025-10-06,C0015,P069,S004,5,220,120,0,1100,0.0,1100.0,500.0,Debit Card,Hair Oil,Personal Care,Raj Khan,Hyderabad,35-44,Gold,FreshMart Hyderabad,Supermarket
ORD01996,2024-05-25,C0141,P058,S005,2,40,22,5,80,4.0,76.0,32.0,Debit Card,Soda Water,Beverages,Raj Kumar,Chennai,25-34,Regular,FreshMart Chennai,Supermarket
ORD01997,2025-05-24,C0343,P062,S007,5,280,160,10,1400,140.0,1260.0,460.0,Wallet,Body Wash,Personal Care,Priya Das,Kolkata,35-44,Silver,FreshMart Kolkata,Supermarket
ORD01998,2024-03-01,C0386,P064,S006,2,80,35,5,160,8.0,152.0,82.0,UPI,Toothbrush,Personal Care,Riya Singh,Pune,55+,Regular,FreshMart Pune,Supermarket
ORD01999,2026-04-06,C0120,P005,S004,2,300,150,15,600,90.0,510.0,210.0,UPI,Spatula Set,Kitchen Items,Arjun Das,Hyderabad,45-54,Silver,FreshMart Hyderabad,Supermarket
ORD02000,2026-08-29,C0010,P040,S004,1,55,42,0,55,0.0,55.0,13.0,UPI,Sugar 1kg,Groceries & Food,Isha Patel,Hyderabad,18-24,Regular,FreshMart Hyderabad,Supermarket
ORD02001,2026-05-31,C0309,P046,S005,3,400,260,5,1200,60.0,1140.0,360.0,UPI,Honey,Groceries & Food,Isha Gupta,Chennai,18-24,Silver,FreshMart Chennai,Supermarket
ORD02002,2025-04-09,C0028,P038,S001,1,300,220,5,300,15.0,285.0,65.0,UPI,Wheat Flour 5kg,Groceries & Food,Rahul Khan,Delhi,55+,Regular,FreshMart Delhi Central,Supermarket
ORD02003,2024-07-11,C0237,P037,S006,2,650,500,0,1300,0.0,1300.0,300.0,Credit Card,Basmati Rice 5kg,Groceries & Food,Amit Das,Pune,18-24,Regular,FreshMart Pune,Supermarket
ORD02004,2024-05-01,C0354,P090,S008,2,300,150,0,600,0.0,600.0,300.0,UPI,Photo Frame,Home & Living,Kavya Gupta,Ahmedabad,18-24,Gold,FreshMart Ahmedabad,Supermarket
ORD02005,2024-01-26,C0358,P090,S006,1,300,150,0,300,0.0,300.0,150.0,UPI,Photo Frame,Home & Living,Aarav Patel,Pune,45-54,Gold,FreshMart Pune,Supermarket
ORD02006,2026-02-06,C0036,P085,S001,3,1200,700,20,3600,720.0,2880.0,780.0,UPI,Table Lamp,Home & Living,Meera Singh,Delhi,18-24,Silver,FreshMart Delhi Central,Supermarket
ORD02007,2025-01-07,C0264,P053,S002,2,120,70,20,240,48.0,192.0,52.0,UPI,Green Tea Drink,Beverages,Meera Das,Mumbai,18-24,Regular,FreshMart Mumbai West,Supermarket
ORD02008,2024-11-12,C0025,P050,S005,2,150,90,15,300,45.0,255.0,75.0,Debit Card,Orange Juice,Beverages,Ananya Verma,Chennai,45-54,Regular,FreshMart Chennai,Supermarket
ORD02009,2024-12-29,C0298,P075,S002,3,300,170,0,900,0.0,900.0,390.0,Debit Card,Pet Shampoo,Pet Supplies,Ananya Gupta,Mumbai,45-54,Regular,FreshMart Mumbai West,Supermarket
ORD02010,2024-09-03,C0167,P092,S008,3,1800,1100,0,5400,0.0,5400.0,2100.0,UPI,Curtain Set,Home & Living,Rahul Joshi,Ahmedabad,35-44,Regular,FreshMart Ahmedabad,Supermarket
ORD02011,2025-01-04,C0275,P046,S002,2,400,260,0,800,0.0,800.0,280.0,UPI,Honey,Groceries & Food,Neha Kumar,Mumbai,45-54,Regular,FreshMart Mumbai West,Supermarket
ORD02012,2024-11-13,C0022,P027,S003,4,450,240,15,1800,270.0,1530.0,570.0,Wallet,Laundry Detergent,Cleaning & Household,Arjun Gupta,Bengaluru,45-54,Silver,FreshMart Bengaluru Hub,Hypermarket
ORD02013,2026-03-07,C0004,P043,S004,3,280,170,15,840,126.0,714.0,204.0,Debit Card,Breakfast Cereal,Groceries & Food,Aarav Khan,Hyderabad,55+,Regular,FreshMart Hyderabad,Supermarket
ORD02014,2025-05-19,C0135,P010,S001,1,250,110,0,250,0.0,250.0,140.0,Cash,Coffee Mug,Kitchen Items,Raj Khan,Delhi,55+,Gold,FreshMart Delhi Central,Supermarket
ORD02015,2026-04-07,C0144,P032,S005,1,200,95,0,200,0.0,200.0,105.0,Wallet,Glass Cleaner,Cleaning & Household,Meera Khan,Chennai,18-24,Gold,FreshMart Chennai,Supermarket
ORD02016,2024-07-21,C0383,P037,S008,3,650,500,0,1950,0.0,1950.0,450.0,Debit Card,Basmati Rice 5kg,Groceries & Food,Aisha Das,Ahmedabad,35-44,Regular,FreshMart Ahmedabad,Supermarket
ORD02017,2026-12-25,C0286,P093,S001,3,450,250,5,1350,67.5,1282.5,532.5,UPI,Doormat,Home & Living,Kavya Joshi,Delhi,18-24,Regular,FreshMart Delhi Central,Supermarket
ORD02018,2025-02-09,C0305,P014,S005,1,700,380,5,700,35.0,665.0,285.0,Credit Card,Shower Curtain,Bathroom Items,Amit Joshi,Chennai,45-54,Regular,FreshMart Chennai,Supermarket
ORD02019,2026-10-14,C0035,P042,S001,1,90,55,5,90,4.5,85.5,30.5,UPI,Pasta,Groceries & Food,Aditya Patel,Delhi,55+,Silver,FreshMart Delhi Central,Supermarket
ORD02020,2025-08-11,C0070,P044,S003,3,120,70,10,360,36.0,324.0,114.0,Credit Card,Biscuits Pack,Groceries & Food,Rohan Mehta,Bengaluru,18-24,Regular,FreshMart Bengaluru Hub,Hypermarket
ORD02021,2024-07-01,C0112,P001,S007,1,1200,750,5,1200,60.0,1140.0,390.0,Wallet,Frying Pan,Kitchen Items,Riya Sharma,Kolkata,55+,Silver,FreshMart Kolkata,Supermarket
ORD02022,2025-10-04,C0272,P040,S006,2,55,42,0,110,0.0,110.0,26.0,UPI,Sugar 1kg,Groceries & Food,Riya Singh,Pune,18-24,Regular,FreshMart Pune,Supermarket
ORD02023,2024-04-17,C0374,P032,S003,3,200,95,10,600,60.0,540.0,255.0,Credit Card,Glass Cleaner,Cleaning & Household,Ananya Das,Bengaluru,35-44,Gold,FreshMart Bengaluru Hub,Hypermarket
ORD02024,2024-12-31,C0214,P043,S005,2,280,170,0,560,0.0,560.0,220.0,UPI,Breakfast Cereal,Groceries & Food,Priya Khan,Chennai,25-34,Regular,FreshMart Chennai,Supermarket
ORD02025,2025-01-15,C0019,P047,S005,3,250,150,10,750,75.0,675.0,225.0,UPI,Tea Pack,Groceries & Food,Riya Khan,Chennai,55+,Regular,FreshMart Chennai,Supermarket
ORD02026,2025-02-27,C0059,P030,S002,2,180,80,5,360,18.0,342.0,182.0,UPI,Garbage Bags,Cleaning & Household,Isha Das,Mumbai,18-24,Regular,FreshMart Mumbai West,Supermarket
ORD02027,2024-08-26,C0317,P040,S008,4,55,42,0,220,0.0,220.0,52.0,UPI,Sugar 1kg,Groceries & Food,Aisha Gupta,Ahmedabad,45-54,Silver,FreshMart Ahmedabad,Supermarket
ORD02028,2025-11-08,C0086,P069,S003,5,220,120,10,1100,110.0,990.0,390.0,UPI,Hair Oil,Personal Care,Kabir Khan,Bengaluru,25-34,Regular,FreshMart Bengaluru Hub,Hypermarket
ORD02029,2024-04-01,C0260,P064,S006,1,80,35,5,80,4.0,76.0,41.0,Debit Card,Toothbrush,Personal Care,Kabir Patel,Pune,18-24,Regular,FreshMart Pune,Supermarket
ORD02030,2026-05-15,C0389,P029,S006,2,650,380,10,1300,130.0,1170.0,410.0,Wallet,Mop,Cleaning & Household,Sneha Patel,Pune,55+,Gold,FreshMart Pune,Supermarket
ORD02031,2025-07-12,C0206,P030,S007,1,180,80,0,180,0.0,180.0,100.0,Cash,Garbage Bags,Cleaning & Household,Arjun Singh,Kolkata,55+,Regular,FreshMart Kolkata,Supermarket
ORD02032,2025-01-23,C0049,P040,S007,3,55,42,5,165,8.25,156.75,30.75,Credit Card,Sugar 1kg,Groceries & Food,Kavya Kumar,Kolkata,55+,Silver,FreshMart Kolkata,Supermarket
ORD02033,2026-03-20,C0158,P060,S005,1,70,40,10,70,7.0,63.0,23.0,UPI,Coconut Water,Beverages,Isha Joshi,Chennai,18-24,Regular,FreshMart Chennai,Supermarket
ORD02034,2024-05-24,C0348,P054,S006,2,110,65,0,220,0.0,220.0,90.0,Wallet,Energy Drink,Beverages,Rohan Joshi,Pune,35-44,Regular,FreshMart Pune,Supermarket
ORD02035,2025-01-10,C0376,P040,S002,2,55,42,0,110,0.0,110.0,26.0,Debit Card,Sugar 1kg,Groceries & Food,Pooja Khan,Mumbai,35-44,Regular,FreshMart Mumbai West,Supermarket
ORD02036,2026-03-26,C0376,P086,S002,1,1500,900,0,1500,0.0,1500.0,600.0,Cash,Bed Sheet,Home & Living,Pooja Khan,Mumbai,35-44,Regular,FreshMart Mumbai West,Supermarket
ORD02037,2024-09-01,C0174,P030,S008,1,180,80,15,180,27.0,153.0,73.0,UPI,Garbage Bags,Cleaning & Household,Pooja Patel,Ahmedabad,45-54,Silver,FreshMart Ahmedabad,Supermarket
ORD02038,2026-10-16,C0343,P001,S007,2,1200,750,0,2400,0.0,2400.0,900.0,Credit Card,Frying Pan,Kitchen Items,Priya Das,Kolkata,35-44,Silver,FreshMart Kolkata,Supermarket
ORD02039,2024-03-18,C0122,P013,S001,3,500,280,0,1500,0.0,1500.0,660.0,Debit Card,Bath Towel,Bathroom Items,Arjun Das,Delhi,35-44,Silver,FreshMart Delhi Central,Supermarket
ORD02040,2025-05-10,C0330,P061,S003,1,350,200,0,350,0.0,350.0,150.0,Debit Card,Shampoo,Personal Care,Riya Patel,Bengaluru,45-54,Platinum,FreshMart Bengaluru Hub,Hypermarket
ORD02041,2024-03-25,C0290,P038,S008,2,300,220,5,600,30.0,570.0,130.0,Wallet,Wheat Flour 5kg,Groceries & Food,Rohan Sharma,Ahmedabad,18-24,Gold,FreshMart Ahmedabad,Supermarket
ORD02042,2025-10-02,C0014,P061,S004,4,350,200,0,1400,0.0,1400.0,600.0,Wallet,Shampoo,Personal Care,Rahul Khan,Hyderabad,25-34,Regular,FreshMart Hyderabad,Supermarket
ORD02043,2025-12-18,C0353,P096,S002,4,500,260,0,2000,0.0,2000.0,960.0,UPI,Desk Organizer,Home & Living,Aisha Singh,Mumbai,25-34,Gold,FreshMart Mumbai West,Supermarket
ORD02044,2026-10-24,C0325,P093,S006,2,450,250,0,900,0.0,900.0,400.0,Debit Card,Doormat,Home & Living,Aditya Khan,Pune,18-24,Platinum,FreshMart Pune,Supermarket
ORD02045,2026-06-21,C0098,P004,S003,1,1500,900,0,1500,0.0,1500.0,600.0,Credit Card,Cooking Pot,Kitchen Items,Arjun Joshi,Bengaluru,45-54,Silver,FreshMart Bengaluru Hub,Hypermarket
ORD02046,2024-10-20,C0241,P046,S008,1,400,260,0,400,0.0,400.0,140.0,UPI,Honey,Groceries & Food,Pooja Kumar,Ahmedabad,18-24,Regular,FreshMart Ahmedabad,Supermarket
ORD02047,2024-02-05,C0361,P044,S006,2,120,70,0,240,0.0,240.0,100.0,Wallet,Biscuits Pack,Groceries & Food,Aditya Gupta,Pune,18-24,Regular,FreshMart Pune,Supermarket
ORD02048,2024-10-20,C0008,P038,S005,2,300,220,0,600,0.0,600.0,160.0,UPI,Wheat Flour 5kg,Groceries & Food,Priya Das,Chennai,18-24,Silver,FreshMart Chennai,Supermarket
ORD02049,2026-03-04,C0103,P008,S004,3,600,320,0,1800,0.0,1800.0,840.0,UPI,Lunch Box,Kitchen Items,Aditya Kumar,Hyderabad,35-44,Regular,FreshMart Hyderabad,Supermarket
ORD02050,2024-05-31,C0205,P052,S004,1,50,30,10,50,5.0,45.0,15.0,Credit Card,Cola Drink,Beverages,Kavya Kumar,Hyderabad,45-54,Gold,FreshMart Hyderabad,Supermarket
ORD02051,2026-03-01,C0263,P052,S006,1,50,30,5,50,2.5,47.5,17.5,Credit Card,Cola Drink,Beverages,Ananya Gupta,Pune,35-44,Silver,FreshMart Pune,Supermarket
ORD02052,2026-10-01,C0351,P066,S007,1,300,180,20,300,60.0,240.0,60.0,Credit Card,Face Wash,Personal Care,Rahul Joshi,Kolkata,55+,Regular,FreshMart Kolkata,Supermarket
ORD02053,2024-11-09,C0299,P096,S005,3,500,260,0,1500,0.0,1500.0,720.0,UPI,Desk Organizer,Home & Living,Aarav Patel,Chennai,25-34,Platinum,FreshMart Chennai,Supermarket
ORD02054,2026-03-06,C0039,P072,S003,5,120,60,15,600,90.0,510.0,210.0,UPI,Cotton Pads,Personal Care,Karan Khan,Bengaluru,55+,Silver,FreshMart Bengaluru Hub,Hypermarket
ORD02055,2025-09-06,C0067,P010,S005,1,250,110,5,250,12.5,237.5,127.5,Debit Card,Coffee Mug,Kitchen Items,Ananya Gupta,Chennai,25-34,Silver,FreshMart Chennai,Supermarket
ORD02056,2025-04-09,C0030,P042,S002,5,90,55,0,450,0.0,450.0,175.0,Debit Card,Pasta,Groceries & Food,Amit Das,Mumbai,18-24,Silver,FreshMart Mumbai West,Supermarket
ORD02057,2026-04-11,C0036,P026,S001,1,160,75,0,160,0.0,160.0,85.0,Debit Card,Dishwashing Liquid,Cleaning & Household,Meera Singh,Delhi,18-24,Silver,FreshMart Delhi Central,Supermarket
ORD02058,2026-03-06,C0327,P045,S006,2,350,220,0,700,0.0,700.0,260.0,Debit Card,Peanut Butter,Groceries & Food,Vivaan Mehta,Pune,35-44,Silver,FreshMart Pune,Supermarket
ORD02059,2026-12-21,C0285,P020,S006,1,750,420,0,750,0.0,750.0,330.0,UPI,Shower Caddy,Bathroom Items,Meera Sharma,Pune,55+,Regular,FreshMart Pune,Supermarket
ORD02060,2026-01-14,C0158,P073,S005,4,900,650,5,3600,180.0,3420.0,820.0,Debit Card,Dog Food,Pet Supplies,Isha Joshi,Chennai,18-24,Regular,FreshMart Chennai,Supermarket
ORD02061,2025-09-20,C0361,P039,S006,1,180,140,0,180,0.0,180.0,40.0,UPI,Cooking Oil 1L,Groceries & Food,Aditya Gupta,Pune,18-24,Regular,FreshMart Pune,Supermarket
ORD02062,2025-09-07,C0104,P060,S003,4,70,40,20,280,56.0,224.0,64.0,Cash,Coconut Water,Beverages,Riya Verma,Bengaluru,25-34,Regular,FreshMart Bengaluru Hub,Hypermarket
ORD02063,2025-02-12,C0039,P037,S003,1,650,500,5,650,32.5,617.5,117.5,UPI,Basmati Rice 5kg,Groceries & Food,Karan Khan,Bengaluru,55+,Silver,FreshMart Bengaluru Hub,Hypermarket
ORD02064,2026-11-25,C0168,P048,S008,4,450,300,0,1800,0.0,1800.0,600.0,UPI,Coffee Pack,Groceries & Food,Meera Mehta,Ahmedabad,18-24,Regular,FreshMart Ahmedabad,Supermarket
ORD02065,2024-12-18,C0341,P060,S005,2,70,40,5,140,7.0,133.0,53.0,UPI,Coconut Water,Beverages,Ananya Kumar,Chennai,45-54,Silver,FreshMart Chennai,Supermarket
ORD02066,2025-02-09,C0113,P046,S007,1,400,260,0,400,0.0,400.0,140.0,UPI,Honey,Groceries & Food,Aarav Verma,Kolkata,25-34,Gold,FreshMart Kolkata,Supermarket
ORD02067,2026-09-23,C0297,P070,S002,1,300,170,15,300,45.0,255.0,85.0,Credit Card,Razor Pack,Personal Care,Sneha Gupta,Mumbai,35-44,Silver,FreshMart Mumbai West,Supermarket
ORD02068,2024-03-13,C0165,P064,S001,2,80,35,10,160,16.0,144.0,74.0,UPI,Toothbrush,Personal Care,Isha Kumar,Delhi,18-24,Regular,FreshMart Delhi Central,Supermarket
ORD02069,2024-04-18,C0140,P005,S006,1,300,150,0,300,0.0,300.0,150.0,Wallet,Spatula Set,Kitchen Items,Priya Mehta,Pune,35-44,Silver,FreshMart Pune,Supermarket
ORD02070,2024-11-04,C0368,P039,S003,1,180,140,0,180,0.0,180.0,40.0,Debit Card,Cooking Oil 1L,Groceries & Food,Meera Das,Bengaluru,25-34,Silver,FreshMart Bengaluru Hub,Hypermarket
ORD02071,2026-07-03,C0037,P032,S002,2,200,95,10,400,40.0,360.0,170.0,UPI,Glass Cleaner,Cleaning & Household,Vivaan Singh,Mumbai,18-24,Gold,FreshMart Mumbai West,Supermarket
ORD02072,2024-11-23,C0029,P015,S006,1,350,180,0,350,0.0,350.0,170.0,Credit Card,Soap Dispenser,Bathroom Items,Aarav Verma,Pune,35-44,Regular,FreshMart Pune,Supermarket
ORD02073,2024-11-20,C0389,P049,S006,2,30,15,10,60,6.0,54.0,24.0,UPI,Mineral Water,Beverages,Sneha Patel,Pune,55+,Gold,FreshMart Pune,Supermarket
ORD02074,2025-05-25,C0199,P077,S004,5,220,100,10,1100,110.0,990.0,490.0,UPI,Cat Toy,Pet Supplies,Neha Gupta,Hyderabad,55+,Regular,FreshMart Hyderabad,Supermarket
ORD02075,2024-03-21,C0381,P040,S002,1,55,42,0,55,0.0,55.0,13.0,UPI,Sugar 1kg,Groceries & Food,Aisha Sharma,Mumbai,45-54,Regular,FreshMart Mumbai West,Supermarket
ORD02076,2024-02-10,C0216,P024,S004,2,180,85,20,360,72.0,288.0,118.0,UPI,Toothbrush Holder,Bathroom Items,Aditya Gupta,Hyderabad,45-54,Platinum,FreshMart Hyderabad,Supermarket
ORD02077,2025-01-07,C0250,P043,S008,1,280,170,0,280,0.0,280.0,110.0,Credit Card,Breakfast Cereal,Groceries & Food,Priya Gupta,Ahmedabad,18-24,Regular,FreshMart Ahmedabad,Supermarket
ORD02078,2025-12-05,C0137,P058,S008,5,40,22,15,200,30.0,170.0,60.0,UPI,Soda Water,Beverages,Amit Joshi,Ahmedabad,45-54,Silver,FreshMart Ahmedabad,Supermarket
ORD02079,2025-09-06,C0311,P020,S003,2,750,420,15,1500,225.0,1275.0,435.0,UPI,Shower Caddy,Bathroom Items,Kabir Verma,Bengaluru,35-44,Regular,FreshMart Bengaluru Hub,Hypermarket
ORD02080,2025-02-07,C0221,P096,S004,4,500,260,0,2000,0.0,2000.0,960.0,Debit Card,Desk Organizer,Home & Living,Riya Patel,Hyderabad,18-24,Silver,FreshMart Hyderabad,Supermarket
ORD02081,2024-06-19,C0113,P093,S007,1,450,250,20,450,90.0,360.0,110.0,Credit Card,Doormat,Home & Living,Aarav Verma,Kolkata,25-34,Gold,FreshMart Kolkata,Supermarket
ORD02082,2026-05-05,C0319,P057,S007,5,140,80,0,700,0.0,700.0,300.0,UPI,Mango Juice,Beverages,Riya Das,Kolkata,18-24,Silver,FreshMart Kolkata,Supermarket
ORD02083,2026-12-01,C0338,P043,S006,1,280,170,0,280,0.0,280.0,110.0,UPI,Breakfast Cereal,Groceries & Food,Aisha Joshi,Pune,55+,Regular,FreshMart Pune,Supermarket
ORD02084,2025-09-19,C0391,P054,S006,1,110,65,20,110,22.0,88.0,23.0,UPI,Energy Drink,Beverages,Vivaan Gupta,Pune,45-54,Regular,FreshMart Pune,Supermarket
ORD02085,2026-07-27,C0189,P036,S003,2,200,90,0,400,0.0,400.0,220.0,UPI,Dustpan,Cleaning & Household,Sneha Mehta,Bengaluru,45-54,Platinum,FreshMart Bengaluru Hub,Hypermarket
ORD02086,2024-01-22,C0290,P079,S008,2,500,280,0,1000,0.0,1000.0,440.0,UPI,Pet Leash,Pet Supplies,Rohan Sharma,Ahmedabad,18-24,Gold,FreshMart Ahmedabad,Supermarket
ORD02087,2026-02-17,C0334,P090,S005,1,300,150,10,300,30.0,270.0,120.0,UPI,Photo Frame,Home & Living,Riya Joshi,Chennai,18-24,Silver,FreshMart Chennai,Supermarket
ORD02088,2026-01-21,C0011,P046,S002,3,400,260,15,1200,180.0,1020.0,240.0,Debit Card,Honey,Groceries & Food,Amit Kumar,Mumbai,25-34,Gold,FreshMart Mumbai West,Supermarket
ORD02089,2025-11-14,C0116,P043,S002,2,280,170,5,560,28.0,532.0,192.0,Credit Card,Breakfast Cereal,Groceries & Food,Neha Kumar,Mumbai,45-54,Regular,FreshMart Mumbai West,Supermarket
ORD02090,2026-07-10,C0050,P035,S004,4,300,150,0,1200,0.0,1200.0,600.0,Debit Card,Bucket,Cleaning & Household,Aisha Gupta,Hyderabad,35-44,Regular,FreshMart Hyderabad,Supermarket
ORD02091,2026-11-08,C0165,P025,S001,1,220,110,0,220,0.0,220.0,110.0,Debit Card,Floor Cleaner,Cleaning & Household,Isha Kumar,Delhi,18-24,Regular,FreshMart Delhi Central,Supermarket
ORD02092,2024-12-28,C0130,P026,S006,1,160,75,10,160,16.0,144.0,69.0,Debit Card,Dishwashing Liquid,Cleaning & Household,Meera Kumar,Pune,25-34,Gold,FreshMart Pune,Supermarket
ORD02093,2024-01-20,C0157,P081,S001,2,200,120,10,400,40.0,360.0,120.0,UPI,Bird Food,Pet Supplies,Aditya Gupta,Delhi,45-54,Regular,FreshMart Delhi Central,Supermarket
ORD02094,2024-05-24,C0250,P094,S008,1,350,170,5,350,17.5,332.5,162.5,Cash,Clothes Hanger Set,Home & Living,Priya Gupta,Ahmedabad,18-24,Regular,FreshMart Ahmedabad,Supermarket
ORD02095,2025-11-08,C0204,P046,S005,1,400,260,0,400,0.0,400.0,140.0,Debit Card,Honey,Groceries & Food,Kavya Patel,Chennai,45-54,Silver,FreshMart Chennai,Supermarket
ORD02096,2024-06-15,C0089,P035,S006,1,300,150,10,300,30.0,270.0,120.0,UPI,Bucket,Cleaning & Household,Meera Das,Pune,45-54,Regular,FreshMart Pune,Supermarket
ORD02097,2025-04-22,C0082,P047,S001,1,250,150,10,250,25.0,225.0,75.0,UPI,Tea Pack,Groceries & Food,Karan Kumar,Delhi,45-54,Regular,FreshMart Delhi Central,Supermarket
ORD02098,2025-01-29,C0256,P054,S006,2,110,65,0,220,0.0,220.0,90.0,Wallet,Energy Drink,Beverages,Amit Verma,Pune,55+,Regular,FreshMart Pune,Supermarket
ORD02099,2025-01-16,C0148,P058,S005,2,40,22,10,80,8.0,72.0,28.0,Credit Card,Soda Water,Beverages,Aarav Das,Chennai,45-54,Regular,FreshMart Chennai,Supermarket
ORD02100,2026-06-25,C0217,P079,S002,1,500,280,0,500,0.0,500.0,220.0,UPI,Pet Leash,Pet Supplies,Riya Patel,Mumbai,45-54,Regular,FreshMart Mumbai West,Supermarket
ORD02101,2024-10-21,C0085,P031,S005,2,120,50,0,240,0.0,240.0,140.0,UPI,Cleaning Sponge Pack,Cleaning & Household,Kabir Khan,Chennai,45-54,Regular,FreshMart Chennai,Supermarket
ORD02102,2025-01-20,C0239,P067,S008,1,450,280,0,450,0.0,450.0,170.0,Wallet,Moisturizer,Personal Care,Aditya Joshi,Ahmedabad,35-44,Regular,FreshMart Ahmedabad,Supermarket
ORD02103,2025-08-30,C0398,P015,S004,2,350,180,5,700,35.0,665.0,305.0,UPI,Soap Dispenser,Bathroom Items,Meera Das,Hyderabad,18-24,Silver,FreshMart Hyderabad,Supermarket
ORD02104,2025-12-07,C0131,P046,S008,2,400,260,10,800,80.0,720.0,200.0,Wallet,Honey,Groceries & Food,Aditya Kumar,Ahmedabad,25-34,Silver,FreshMart Ahmedabad,Supermarket
ORD02105,2024-10-09,C0067,P035,S005,2,300,150,15,600,90.0,510.0,210.0,UPI,Bucket,Cleaning & Household,Ananya Gupta,Chennai,25-34,Silver,FreshMart Chennai,Supermarket
ORD02106,2026-05-30,C0090,P066,S008,1,300,180,10,300,30.0,270.0,90.0,Debit Card,Face Wash,Personal Care,Karan Khan,Ahmedabad,25-34,Silver,FreshMart Ahmedabad,Supermarket
ORD02107,2024-06-29,C0299,P009,S005,1,800,450,10,800,80.0,720.0,270.0,Wallet,Storage Container Set,Kitchen Items,Aarav Patel,Chennai,25-34,Platinum,FreshMart Chennai,Supermarket
ORD02108,2024-05-14,C0044,P053,S003,2,120,70,10,240,24.0,216.0,76.0,UPI,Green Tea Drink,Beverages,Rohan Mehta,Bengaluru,35-44,Regular,FreshMart Bengaluru Hub,Hypermarket
ORD02109,2026-09-10,C0030,P038,S002,1,300,220,0,300,0.0,300.0,80.0,Credit Card,Wheat Flour 5kg,Groceries & Food,Amit Das,Mumbai,18-24,Silver,FreshMart Mumbai West,Supermarket
ORD02110,2025-01-24,C0290,P044,S008,1,120,70,0,120,0.0,120.0,50.0,Debit Card,Biscuits Pack,Groceries & Food,Rohan Sharma,Ahmedabad,18-24,Gold,FreshMart Ahmedabad,Supermarket
ORD02111,2026-08-03,C0343,P040,S007,1,55,42,10,55,5.5,49.5,7.5,Wallet,Sugar 1kg,Groceries & Food,Priya Das,Kolkata,35-44,Silver,FreshMart Kolkata,Supermarket
ORD02112,2026-08-09,C0049,P037,S007,2,650,500,0,1300,0.0,1300.0,300.0,Debit Card,Basmati Rice 5kg,Groceries & Food,Kavya Kumar,Kolkata,55+,Silver,FreshMart Kolkata,Supermarket
ORD02113,2024-02-20,C0350,P045,S004,3,350,220,10,1050,105.0,945.0,285.0,UPI,Peanut Butter,Groceries & Food,Ananya Kumar,Hyderabad,18-24,Regular,FreshMart Hyderabad,Supermarket
ORD02114,2024-11-01,C0009,P075,S007,1,300,170,10,300,30.0,270.0,100.0,Debit Card,Pet Shampoo,Pet Supplies,Riya Verma,Kolkata,18-24,Silver,FreshMart Kolkata,Supermarket
ORD02115,2025-01-11,C0172,P018,S002,1,1200,700,0,1200,0.0,1200.0,500.0,Credit Card,Mirror,Bathroom Items,Raj Patel,Mumbai,45-54,Gold,FreshMart Mumbai West,Supermarket
ORD02116,2025-02-09,C0030,P031,S002,1,120,50,0,120,0.0,120.0,70.0,UPI,Cleaning Sponge Pack,Cleaning & Household,Amit Das,Mumbai,18-24,Silver,FreshMart Mumbai West,Supermarket
ORD02117,2025-07-22,C0188,P093,S006,1,450,250,5,450,22.5,427.5,177.5,Debit Card,Doormat,Home & Living,Neha Sharma,Pune,45-54,Silver,FreshMart Pune,Supermarket
ORD02118,2024-11-23,C0029,P038,S006,2,300,220,0,600,0.0,600.0,160.0,UPI,Wheat Flour 5kg,Groceries & Food,Aarav Verma,Pune,35-44,Regular,FreshMart Pune,Supermarket
ORD02119,2026-09-03,C0272,P086,S006,2,1500,900,0,3000,0.0,3000.0,1200.0,Credit Card,Bed Sheet,Home & Living,Riya Singh,Pune,18-24,Regular,FreshMart Pune,Supermarket
ORD02120,2025-03-19,C0331,P043,S003,1,280,170,0,280,0.0,280.0,110.0,UPI,Breakfast Cereal,Groceries & Food,Aisha Gupta,Bengaluru,18-24,Silver,FreshMart Bengaluru Hub,Hypermarket
ORD02121,2025-09-28,C0052,P023,S003,2,220,100,0,440,0.0,440.0,240.0,UPI,Hand Towel,Bathroom Items,Meera Joshi,Bengaluru,18-24,Platinum,FreshMart Bengaluru Hub,Hypermarket
ORD02122,2025-07-31,C0049,P018,S007,1,1200,700,0,1200,0.0,1200.0,500.0,Debit Card,Mirror,Bathroom Items,Kavya Kumar,Kolkata,55+,Silver,FreshMart Kolkata,Supermarket
ORD02123,2026-08-27,C0348,P022,S006,1,1500,950,0,1500,0.0,1500.0,550.0,Credit Card,Bathroom Scale,Bathroom Items,Rohan Joshi,Pune,35-44,Regular,FreshMart Pune,Supermarket
ORD02124,2025-10-30,C0107,P031,S001,4,120,50,15,480,72.0,408.0,208.0,Debit Card,Cleaning Sponge Pack,Cleaning & Household,Neha Mehta,Delhi,55+,Regular,FreshMart Delhi Central,Supermarket
ORD02125,2026-09-02,C0311,P095,S003,3,600,320,5,1800,90.0,1710.0,750.0,Credit Card,Storage Box,Home & Living,Kabir Verma,Bengaluru,35-44,Regular,FreshMart Bengaluru Hub,Hypermarket
ORD02126,2025-02-02,C0291,P032,S003,4,200,95,20,800,160.0,640.0,260.0,Debit Card,Glass Cleaner,Cleaning & Household,Ananya Verma,Bengaluru,18-24,Regular,FreshMart Bengaluru Hub,Hypermarket
ORD02127,2025-04-13,C0023,P049,S008,2,30,15,5,60,3.0,57.0,27.0,Cash,Mineral Water,Beverages,Sneha Mehta,Ahmedabad,55+,Regular,FreshMart Ahmedabad,Supermarket
ORD02128,2026-08-20,C0327,P032,S006,3,200,95,0,600,0.0,600.0,315.0,Cash,Glass Cleaner,Cleaning & Household,Vivaan Mehta,Pune,35-44,Silver,FreshMart Pune,Supermarket
ORD02129,2024-10-30,C0030,P045,S002,1,350,220,5,350,17.5,332.5,112.5,Credit Card,Peanut Butter,Groceries & Food,Amit Das,Mumbai,18-24,Silver,FreshMart Mumbai West,Supermarket
ORD02130,2025-06-28,C0075,P093,S001,1,450,250,0,450,0.0,450.0,200.0,UPI,Doormat,Home & Living,Arjun Mehta,Delhi,45-54,Regular,FreshMart Delhi Central,Supermarket
ORD02131,2024-10-20,C0154,P063,S007,3,120,70,5,360,18.0,342.0,132.0,UPI,Toothpaste,Personal Care,Kavya Kumar,Kolkata,35-44,Silver,FreshMart Kolkata,Supermarket
ORD02132,2025-12-30,C0202,P004,S008,2,1500,900,0,3000,0.0,3000.0,1200.0,UPI,Cooking Pot,Kitchen Items,Rohan Singh,Ahmedabad,35-44,Regular,FreshMart Ahmedabad,Supermarket
ORD02133,2025-10-05,C0106,P031,S007,2,120,50,10,240,24.0,216.0,116.0,Debit Card,Cleaning Sponge Pack,Cleaning & Household,Riya Joshi,Kolkata,18-24,Regular,FreshMart Kolkata,Supermarket
ORD02134,2024-09-03,C0282,P090,S008,1,300,150,0,300,0.0,300.0,150.0,Cash,Photo Frame,Home & Living,Aditya Gupta,Ahmedabad,45-54,Silver,FreshMart Ahmedabad,Supermarket
ORD02135,2026-10-29,C0031,P037,S003,3,650,500,0,1950,0.0,1950.0,450.0,Cash,Basmati Rice 5kg,Groceries & Food,Aditya Khan,Bengaluru,25-34,Silver,FreshMart Bengaluru Hub,Hypermarket
ORD02136,2025-06-18,C0113,P006,S007,1,650,350,0,650,0.0,650.0,300.0,UPI,Mixer Bowl,Kitchen Items,Aarav Verma,Kolkata,25-34,Gold,FreshMart Kolkata,Supermarket
ORD02137,2026-05-13,C0056,P052,S006,1,50,30,5,50,2.5,47.5,17.5,Wallet,Cola Drink,Beverages,Meera Khan,Pune,35-44,Regular,FreshMart Pune,Supermarket
ORD02138,2026-02-21,C0220,P017,S001,2,250,130,5,500,25.0,475.0,215.0,Debit Card,Toilet Brush,Bathroom Items,Amit Joshi,Delhi,55+,Gold,FreshMart Delhi Central,Supermarket
ORD02139,2025-07-14,C0281,P015,S003,2,350,180,0,700,0.0,700.0,340.0,Credit Card,Soap Dispenser,Bathroom Items,Raj Singh,Bengaluru,55+,Regular,FreshMart Bengaluru Hub,Hypermarket
ORD02140,2024-09-20,C0309,P032,S005,1,200,95,0,200,0.0,200.0,105.0,UPI,Glass Cleaner,Cleaning & Household,Isha Gupta,Chennai,18-24,Silver,FreshMart Chennai,Supermarket
ORD02141,2026-09-04,C0278,P026,S005,1,160,75,0,160,0.0,160.0,85.0,Debit Card,Dishwashing Liquid,Cleaning & Household,Aditya Mehta,Chennai,35-44,Regular,FreshMart Chennai,Supermarket
ORD02142,2026-06-08,C0081,P043,S002,2,280,170,0,560,0.0,560.0,220.0,UPI,Breakfast Cereal,Groceries & Food,Ananya Mehta,Mumbai,45-54,Gold,FreshMart Mumbai West,Supermarket
ORD02143,2024-03-11,C0161,P067,S003,2,450,280,0,900,0.0,900.0,340.0,Debit Card,Moisturizer,Personal Care,Rohan Kumar,Bengaluru,18-24,Regular,FreshMart Bengaluru Hub,Hypermarket
ORD02144,2026-12-31,C0392,P010,S003,2,250,110,5,500,25.0,475.0,255.0,Wallet,Coffee Mug,Kitchen Items,Rohan Das,Bengaluru,35-44,Gold,FreshMart Bengaluru Hub,Hypermarket
ORD02145,2024-07-28,C0142,P014,S002,2,700,380,15,1400,210.0,1190.0,430.0,UPI,Shower Curtain,Bathroom Items,Karan Patel,Mumbai,55+,Platinum,FreshMart Mumbai West,Supermarket
ORD02146,2026-01-01,C0170,P062,S008,1,280,160,0,280,0.0,280.0,120.0,Debit Card,Body Wash,Personal Care,Ananya Mehta,Ahmedabad,35-44,Silver,FreshMart Ahmedabad,Supermarket
ORD02147,2024-05-07,C0246,P047,S007,2,250,150,5,500,25.0,475.0,175.0,UPI,Tea Pack,Groceries & Food,Kavya Khan,Kolkata,18-24,Silver,FreshMart Kolkata,Supermarket
ORD02148,2024-07-02,C0211,P022,S008,3,1500,950,0,4500,0.0,4500.0,1650.0,UPI,Bathroom Scale,Bathroom Items,Vivaan Kumar,Ahmedabad,18-24,Silver,FreshMart Ahmedabad,Supermarket
ORD02149,2025-06-18,C0389,P094,S006,1,350,170,0,350,0.0,350.0,180.0,Debit Card,Clothes Hanger Set,Home & Living,Sneha Patel,Pune,55+,Gold,FreshMart Pune,Supermarket
ORD02150,2025-04-06,C0299,P001,S005,2,1200,750,0,2400,0.0,2400.0,900.0,Debit Card,Frying Pan,Kitchen Items,Aarav Patel,Chennai,25-34,Platinum,FreshMart Chennai,Supermarket
ORD02151,2024-10-08,C0069,P085,S001,1,1200,700,10,1200,120.0,1080.0,380.0,Debit Card,Table Lamp,Home & Living,Rohan Khan,Delhi,35-44,Silver,FreshMart Delhi Central,Supermarket
ORD02152,2025-08-16,C0078,P011,S007,2,2500,1700,10,5000,500.0,4500.0,1100.0,Debit Card,Pressure Cooker,Kitchen Items,Raj Patel,Kolkata,55+,Regular,FreshMart Kolkata,Supermarket
ORD02153,2024-03-23,C0217,P047,S002,1,250,150,0,250,0.0,250.0,100.0,UPI,Tea Pack,Groceries & Food,Riya Patel,Mumbai,45-54,Regular,FreshMart Mumbai West,Supermarket
ORD02154,2025-12-16,C0396,P045,S002,2,350,220,0,700,0.0,700.0,260.0,Cash,Peanut Butter,Groceries & Food,Priya Patel,Mumbai,45-54,Silver,FreshMart Mumbai West,Supermarket
ORD02155,2025-03-11,C0204,P019,S005,1,900,500,0,900,0.0,900.0,400.0,Debit Card,Towel Rack,Bathroom Items,Kavya Patel,Chennai,45-54,Silver,FreshMart Chennai,Supermarket
ORD02156,2025-06-28,C0079,P049,S005,2,30,15,5,60,3.0,57.0,27.0,UPI,Mineral Water,Beverages,Aarav Verma,Chennai,25-34,Silver,FreshMart Chennai,Supermarket
ORD02157,2025-06-08,C0076,P027,S005,1,450,240,0,450,0.0,450.0,210.0,UPI,Laundry Detergent,Cleaning & Household,Kavya Patel,Chennai,25-34,Regular,FreshMart Chennai,Supermarket
ORD02158,2025-08-07,C0396,P015,S002,2,350,180,0,700,0.0,700.0,340.0,Wallet,Soap Dispenser,Bathroom Items,Priya Patel,Mumbai,45-54,Silver,FreshMart Mumbai West,Supermarket
ORD02159,2026-04-10,C0269,P050,S001,1,150,90,0,150,0.0,150.0,60.0,UPI,Orange Juice,Beverages,Isha Sharma,Delhi,25-34,Regular,FreshMart Delhi Central,Supermarket
ORD02160,2025-02-25,C0274,P020,S007,1,750,420,5,750,37.5,712.5,292.5,Debit Card,Shower Caddy,Bathroom Items,Ananya Das,Kolkata,55+,Regular,FreshMart Kolkata,Supermarket
ORD02161,2025-03-14,C0312,P071,S007,3,180,100,10,540,54.0,486.0,186.0,UPI,Sanitary Pads,Personal Care,Pooja Gupta,Kolkata,18-24,Gold,FreshMart Kolkata,Supermarket
ORD02162,2025-04-15,C0139,P006,S006,2,650,350,15,1300,195.0,1105.0,405.0,UPI,Mixer Bowl,Kitchen Items,Kabir Das,Pune,45-54,Silver,FreshMart Pune,Supermarket
ORD02163,2025-09-26,C0087,P046,S005,1,400,260,10,400,40.0,360.0,100.0,Cash,Honey,Groceries & Food,Sneha Gupta,Chennai,45-54,Regular,FreshMart Chennai,Supermarket
ORD02164,2026-03-06,C0393,P033,S007,2,280,140,5,560,28.0,532.0,252.0,UPI,Air Freshener,Cleaning & Household,Ananya Gupta,Kolkata,55+,Silver,FreshMart Kolkata,Supermarket
ORD02165,2026-10-03,C0225,P066,S003,2,300,180,10,600,60.0,540.0,180.0,Debit Card,Face Wash,Personal Care,Riya Mehta,Bengaluru,45-54,Silver,FreshMart Bengaluru Hub,Hypermarket
ORD02166,2024-06-08,C0313,P096,S006,2,500,260,15,1000,150.0,850.0,330.0,Cash,Desk Organizer,Home & Living,Amit Joshi,Pune,18-24,Regular,FreshMart Pune,Supermarket
ORD02167,2024-01-23,C0147,P059,S003,4,100,55,15,400,60.0,340.0,120.0,UPI,Iced Tea,Beverages,Riya Kumar,Bengaluru,45-54,Regular,FreshMart Bengaluru Hub,Hypermarket
ORD02168,2024-11-17,C0245,P048,S007,1,450,300,0,450,0.0,450.0,150.0,Credit Card,Coffee Pack,Groceries & Food,Riya Patel,Kolkata,55+,Regular,FreshMart Kolkata,Supermarket
ORD02169,2024-06-04,C0166,P082,S001,1,280,150,10,280,28.0,252.0,102.0,UPI,Pet Treats,Pet Supplies,Meera Das,Delhi,35-44,Silver,FreshMart Delhi Central,Supermarket
ORD02170,2024-09-02,C0001,P010,S005,1,250,110,0,250,0.0,250.0,140.0,Wallet,Coffee Mug,Kitchen Items,Arjun Sharma,Chennai,25-34,Regular,FreshMart Chennai,Supermarket
ORD02171,2025-02-23,C0187,P077,S007,1,220,100,5,220,11.0,209.0,109.0,Wallet,Cat Toy,Pet Supplies,Amit Das,Kolkata,25-34,Gold,FreshMart Kolkata,Supermarket
ORD02172,2026-09-02,C0139,P072,S006,1,120,60,0,120,0.0,120.0,60.0,Debit Card,Cotton Pads,Personal Care,Kabir Das,Pune,45-54,Silver,FreshMart Pune,Supermarket
ORD02173,2025-07-13,C0084,P047,S006,1,250,150,10,250,25.0,225.0,75.0,Credit Card,Tea Pack,Groceries & Food,Ananya Das,Pune,18-24,Silver,FreshMart Pune,Supermarket
ORD02174,2024-11-09,C0233,P063,S004,1,120,70,0,120,0.0,120.0,50.0,UPI,Toothpaste,Personal Care,Riya Singh,Hyderabad,25-34,Regular,FreshMart Hyderabad,Supermarket
ORD02175,2026-08-11,C0256,P044,S006,1,120,70,20,120,24.0,96.0,26.0,Credit Card,Biscuits Pack,Groceries & Food,Amit Verma,Pune,55+,Regular,FreshMart Pune,Supermarket
ORD02176,2024-05-09,C0354,P001,S008,4,1200,750,15,4800,720.0,4080.0,1080.0,Debit Card,Frying Pan,Kitchen Items,Kavya Gupta,Ahmedabad,18-24,Gold,FreshMart Ahmedabad,Supermarket
ORD02177,2025-02-19,C0212,P070,S005,3,300,170,0,900,0.0,900.0,390.0,UPI,Razor Pack,Personal Care,Rohan Verma,Chennai,35-44,Silver,FreshMart Chennai,Supermarket
ORD02178,2025-04-25,C0297,P073,S002,2,900,650,10,1800,180.0,1620.0,320.0,Wallet,Dog Food,Pet Supplies,Sneha Gupta,Mumbai,35-44,Silver,FreshMart Mumbai West,Supermarket
ORD02179,2026-06-10,C0323,P003,S007,2,350,180,10,700,70.0,630.0,270.0,Debit Card,Cutting Board,Kitchen Items,Rohan Kumar,Kolkata,18-24,Silver,FreshMart Kolkata,Supermarket
ORD02180,2024-04-06,C0354,P062,S008,1,280,160,0,280,0.0,280.0,120.0,UPI,Body Wash,Personal Care,Kavya Gupta,Ahmedabad,18-24,Gold,FreshMart Ahmedabad,Supermarket
ORD02181,2024-12-01,C0072,P062,S007,4,280,160,10,1120,112.0,1008.0,368.0,Credit Card,Body Wash,Personal Care,Priya Khan,Kolkata,55+,Silver,FreshMart Kolkata,Supermarket
ORD02182,2025-12-11,C0063,P030,S005,2,180,80,0,360,0.0,360.0,200.0,Wallet,Garbage Bags,Cleaning & Household,Arjun Gupta,Chennai,18-24,Gold,FreshMart Chennai,Supermarket
ORD02183,2024-10-29,C0268,P070,S005,3,300,170,5,900,45.0,855.0,345.0,Credit Card,Razor Pack,Personal Care,Meera Joshi,Chennai,18-24,Regular,FreshMart Chennai,Supermarket
ORD02184,2026-06-03,C0082,P043,S001,1,280,170,0,280,0.0,280.0,110.0,UPI,Breakfast Cereal,Groceries & Food,Karan Kumar,Delhi,45-54,Regular,FreshMart Delhi Central,Supermarket
ORD02185,2026-08-13,C0036,P089,S001,2,800,450,5,1600,80.0,1520.0,620.0,Debit Card,Wall Clock,Home & Living,Meera Singh,Delhi,18-24,Silver,FreshMart Delhi Central,Supermarket
ORD02186,2025-12-04,C0329,P076,S006,3,250,120,5,750,37.5,712.5,352.5,Credit Card,Dog Toy,Pet Supplies,Arjun Das,Pune,25-34,Regular,FreshMart Pune,Supermarket
ORD02187,2024-11-22,C0357,P046,S003,2,400,260,20,800,160.0,640.0,120.0,Debit Card,Honey,Groceries & Food,Arjun Singh,Bengaluru,25-34,Silver,FreshMart Bengaluru Hub,Hypermarket
ORD02188,2026-03-22,C0158,P066,S005,1,300,180,0,300,0.0,300.0,120.0,UPI,Face Wash,Personal Care,Isha Joshi,Chennai,18-24,Regular,FreshMart Chennai,Supermarket
ORD02189,2024-03-26,C0299,P041,S005,2,30,20,5,60,3.0,57.0,17.0,UPI,Salt 1kg,Groceries & Food,Aarav Patel,Chennai,25-34,Platinum,FreshMart Chennai,Supermarket
ORD02190,2024-12-03,C0278,P047,S005,2,250,150,10,500,50.0,450.0,150.0,Credit Card,Tea Pack,Groceries & Food,Aditya Mehta,Chennai,35-44,Regular,FreshMart Chennai,Supermarket
ORD02191,2026-02-03,C0260,P034,S006,2,250,120,0,500,0.0,500.0,260.0,Debit Card,Disinfectant Spray,Cleaning & Household,Kabir Patel,Pune,18-24,Regular,FreshMart Pune,Supermarket
ORD02192,2025-12-20,C0261,P040,S007,2,55,42,20,110,22.0,88.0,4.0,UPI,Sugar 1kg,Groceries & Food,Rohan Das,Kolkata,18-24,Regular,FreshMart Kolkata,Supermarket
ORD02193,2024-11-14,C0256,P052,S006,3,50,30,0,150,0.0,150.0,60.0,UPI,Cola Drink,Beverages,Amit Verma,Pune,55+,Regular,FreshMart Pune,Supermarket
ORD02194,2026-10-30,C0355,P066,S002,2,300,180,15,600,90.0,510.0,150.0,Debit Card,Face Wash,Personal Care,Ananya Patel,Mumbai,55+,Regular,FreshMart Mumbai West,Supermarket
ORD02195,2026-04-11,C0193,P033,S007,1,280,140,0,280,0.0,280.0,140.0,Debit Card,Air Freshener,Cleaning & Household,Raj Patel,Kolkata,18-24,Gold,FreshMart Kolkata,Supermarket
ORD02196,2025-01-26,C0180,P093,S008,1,450,250,0,450,0.0,450.0,200.0,UPI,Doormat,Home & Living,Neha Joshi,Ahmedabad,25-34,Regular,FreshMart Ahmedabad,Supermarket
ORD02197,2024-05-26,C0004,P034,S004,1,250,120,5,250,12.5,237.5,117.5,UPI,Disinfectant Spray,Cleaning & Household,Aarav Khan,Hyderabad,55+,Regular,FreshMart Hyderabad,Supermarket
ORD02198,2026-04-05,C0389,P094,S006,1,350,170,5,350,17.5,332.5,162.5,UPI,Clothes Hanger Set,Home & Living,Sneha Patel,Pune,55+,Gold,FreshMart Pune,Supermarket
ORD02199,2025-09-14,C0383,P040,S008,1,55,42,5,55,2.75,52.25,10.25,Credit Card,Sugar 1kg,Groceries & Food,Aisha Das,Ahmedabad,35-44,Regular,FreshMart Ahmedabad,Supermarket
ORD02200,2024-03-26,C0276,P050,S008,2,150,90,20,300,60.0,240.0,60.0,Credit Card,Orange Juice,Beverages,Ananya Gupta,Ahmedabad,35-44,Regular,FreshMart Ahmedabad,Supermarket
ORD02201,2025-06-07,C0313,P043,S006,2,280,170,15,560,84.0,476.0,136.0,UPI,Breakfast Cereal,Groceries & Food,Amit Joshi,Pune,18-24,Regular,FreshMart Pune,Supermarket
ORD02202,2024-07-19,C0070,P040,S003,1,55,42,5,55,2.75,52.25,10.25,Cash,Sugar 1kg,Groceries & Food,Rohan Mehta,Bengaluru,18-24,Regular,FreshMart Bengaluru Hub,Hypermarket
ORD02203,2026-10-01,C0201,P086,S004,1,1500,900,20,1500,300.0,1200.0,300.0,Debit Card,Bed Sheet,Home & Living,Sneha Das,Hyderabad,45-54,Gold,FreshMart Hyderabad,Supermarket
ORD02204,2025-05-31,C0170,P001,S008,2,1200,750,0,2400,0.0,2400.0,900.0,Debit Card,Frying Pan,Kitchen Items,Ananya Mehta,Ahmedabad,35-44,Silver,FreshMart Ahmedabad,Supermarket
ORD02205,2024-07-11,C0207,P066,S001,2,300,180,10,600,60.0,540.0,180.0,UPI,Face Wash,Personal Care,Kabir Kumar,Delhi,45-54,Regular,FreshMart Delhi Central,Supermarket
ORD02206,2024-03-11,C0057,P086,S005,1,1500,900,5,1500,75.0,1425.0,525.0,Debit Card,Bed Sheet,Home & Living,Ananya Singh,Chennai,45-54,Regular,FreshMart Chennai,Supermarket
ORD02207,2026-04-20,C0237,P045,S006,1,350,220,10,350,35.0,315.0,95.0,Credit Card,Peanut Butter,Groceries & Food,Amit Das,Pune,18-24,Regular,FreshMart Pune,Supermarket
ORD02208,2024-02-27,C0109,P056,S004,4,60,35,0,240,0.0,240.0,100.0,Credit Card,Lemon Drink,Beverages,Neha Khan,Hyderabad,45-54,Regular,FreshMart Hyderabad,Supermarket
ORD02209,2026-03-05,C0041,P039,S007,3,180,140,5,540,27.0,513.0,93.0,Debit Card,Cooking Oil 1L,Groceries & Food,Neha Patel,Kolkata,45-54,Regular,FreshMart Kolkata,Supermarket
ORD02210,2024-08-28,C0362,P027,S003,2,450,240,5,900,45.0,855.0,375.0,Wallet,Laundry Detergent,Cleaning & Household,Pooja Patel,Bengaluru,55+,Silver,FreshMart Bengaluru Hub,Hypermarket
ORD02211,2024-12-16,C0297,P031,S002,1,120,50,0,120,0.0,120.0,70.0,UPI,Cleaning Sponge Pack,Cleaning & Household,Sneha Gupta,Mumbai,35-44,Silver,FreshMart Mumbai West,Supermarket
ORD02212,2025-02-11,C0050,P062,S004,2,280,160,0,560,0.0,560.0,240.0,UPI,Body Wash,Personal Care,Aisha Gupta,Hyderabad,35-44,Regular,FreshMart Hyderabad,Supermarket
ORD02213,2024-12-27,C0053,P062,S002,1,280,160,0,280,0.0,280.0,120.0,UPI,Body Wash,Personal Care,Aditya Gupta,Mumbai,55+,Regular,FreshMart Mumbai West,Supermarket
ORD02214,2026-10-07,C0214,P058,S005,1,40,22,10,40,4.0,36.0,14.0,Wallet,Soda Water,Beverages,Priya Khan,Chennai,25-34,Regular,FreshMart Chennai,Supermarket
ORD02215,2024-12-17,C0294,P014,S002,2,700,380,0,1400,0.0,1400.0,640.0,UPI,Shower Curtain,Bathroom Items,Vivaan Patel,Mumbai,35-44,Regular,FreshMart Mumbai West,Supermarket
ORD02216,2024-02-12,C0268,P055,S005,2,90,50,15,180,27.0,153.0,53.0,UPI,Cold Coffee,Beverages,Meera Joshi,Chennai,18-24,Regular,FreshMart Chennai,Supermarket
ORD02217,2026-05-07,C0138,P046,S004,2,400,260,0,800,0.0,800.0,280.0,Credit Card,Honey,Groceries & Food,Aditya Kumar,Hyderabad,45-54,Silver,FreshMart Hyderabad,Supermarket
ORD02218,2024-05-13,C0105,P048,S002,1,450,300,15,450,67.5,382.5,82.5,Debit Card,Coffee Pack,Groceries & Food,Rohan Singh,Mumbai,45-54,Regular,FreshMart Mumbai West,Supermarket
ORD02219,2026-11-04,C0209,P038,S006,4,300,220,15,1200,180.0,1020.0,140.0,UPI,Wheat Flour 5kg,Groceries & Food,Amit Das,Pune,25-34,Silver,FreshMart Pune,Supermarket
ORD02220,2025-01-17,C0192,P014,S002,2,700,380,0,1400,0.0,1400.0,640.0,Wallet,Shower Curtain,Bathroom Items,Neha Gupta,Mumbai,45-54,Silver,FreshMart Mumbai West,Supermarket
ORD02221,2025-06-22,C0114,P040,S005,2,55,42,20,110,22.0,88.0,4.0,Debit Card,Sugar 1kg,Groceries & Food,Rahul Sharma,Chennai,45-54,Regular,FreshMart Chennai,Supermarket
ORD02222,2024-08-25,C0290,P059,S008,2,100,55,0,200,0.0,200.0,90.0,UPI,Iced Tea,Beverages,Rohan Sharma,Ahmedabad,18-24,Gold,FreshMart Ahmedabad,Supermarket
ORD02223,2026-03-11,C0335,P020,S006,1,750,420,0,750,0.0,750.0,330.0,Debit Card,Shower Caddy,Bathroom Items,Karan Kumar,Pune,18-24,Gold,FreshMart Pune,Supermarket
ORD02224,2025-06-28,C0384,P022,S003,2,1500,950,0,3000,0.0,3000.0,1100.0,Cash,Bathroom Scale,Bathroom Items,Arjun Mehta,Bengaluru,35-44,Silver,FreshMart Bengaluru Hub,Hypermarket
ORD02225,2025-05-14,C0151,P013,S003,3,500,280,10,1500,150.0,1350.0,510.0,UPI,Bath Towel,Bathroom Items,Meera Sharma,Bengaluru,25-34,Gold,FreshMart Bengaluru Hub,Hypermarket
ORD02226,2026-09-07,C0301,P043,S005,1,280,170,0,280,0.0,280.0,110.0,Credit Card,Breakfast Cereal,Groceries & Food,Rohan Verma,Chennai,18-24,Regular,FreshMart Chennai,Supermarket
ORD02227,2024-05-25,C0233,P060,S004,1,70,40,0,70,0.0,70.0,30.0,Credit Card,Coconut Water,Beverages,Riya Singh,Hyderabad,25-34,Regular,FreshMart Hyderabad,Supermarket
ORD02228,2024-05-19,C0238,P075,S007,2,300,170,20,600,120.0,480.0,140.0,UPI,Pet Shampoo,Pet Supplies,Vivaan Gupta,Kolkata,55+,Regular,FreshMart Kolkata,Supermarket
ORD02229,2026-04-26,C0237,P015,S006,3,350,180,0,1050,0.0,1050.0,510.0,UPI,Soap Dispenser,Bathroom Items,Amit Das,Pune,18-24,Regular,FreshMart Pune,Supermarket
ORD02230,2024-05-02,C0088,P029,S005,3,650,380,0,1950,0.0,1950.0,810.0,UPI,Mop,Cleaning & Household,Aarav Kumar,Chennai,25-34,Regular,FreshMart Chennai,Supermarket
ORD02231,2025-01-29,C0159,P042,S002,2,90,55,15,180,27.0,153.0,43.0,UPI,Pasta,Groceries & Food,Kabir Joshi,Mumbai,25-34,Gold,FreshMart Mumbai West,Supermarket
ORD02232,2025-04-05,C0356,P055,S003,2,90,50,0,180,0.0,180.0,80.0,Credit Card,Cold Coffee,Beverages,Kabir Gupta,Bengaluru,35-44,Regular,FreshMart Bengaluru Hub,Hypermarket
ORD02233,2026-04-12,C0120,P070,S004,2,300,170,10,600,60.0,540.0,200.0,UPI,Razor Pack,Personal Care,Arjun Das,Hyderabad,45-54,Silver,FreshMart Hyderabad,Supermarket
ORD02234,2025-08-12,C0131,P051,S008,2,160,95,0,320,0.0,320.0,130.0,Credit Card,Apple Juice,Beverages,Aditya Kumar,Ahmedabad,25-34,Silver,FreshMart Ahmedabad,Supermarket
ORD02235,2024-06-22,C0313,P048,S006,2,450,300,10,900,90.0,810.0,210.0,Debit Card,Coffee Pack,Groceries & Food,Amit Joshi,Pune,18-24,Regular,FreshMart Pune,Supermarket
ORD02236,2025-07-22,C0101,P004,S005,1,1500,900,5,1500,75.0,1425.0,525.0,Cash,Cooking Pot,Kitchen Items,Aisha Joshi,Chennai,25-34,Gold,FreshMart Chennai,Supermarket
ORD02237,2025-09-13,C0107,P087,S001,3,700,400,5,2100,105.0,1995.0,795.0,Wallet,Pillow,Home & Living,Neha Mehta,Delhi,55+,Regular,FreshMart Delhi Central,Supermarket
ORD02238,2026-08-20,C0343,P079,S007,2,500,280,0,1000,0.0,1000.0,440.0,Cash,Pet Leash,Pet Supplies,Priya Das,Kolkata,35-44,Silver,FreshMart Kolkata,Supermarket
ORD02239,2024-10-08,C0364,P055,S003,1,90,50,5,90,4.5,85.5,35.5,UPI,Cold Coffee,Beverages,Vivaan Verma,Bengaluru,35-44,Regular,FreshMart Bengaluru Hub,Hypermarket
ORD02240,2024-05-08,C0237,P037,S006,1,650,500,0,650,0.0,650.0,150.0,UPI,Basmati Rice 5kg,Groceries & Food,Amit Das,Pune,18-24,Regular,FreshMart Pune,Supermarket
ORD02241,2026-11-17,C0098,P035,S003,4,300,150,0,1200,0.0,1200.0,600.0,UPI,Bucket,Cleaning & Household,Arjun Joshi,Bengaluru,45-54,Silver,FreshMart Bengaluru Hub,Hypermarket
ORD02242,2025-09-19,C0355,P027,S002,1,450,240,0,450,0.0,450.0,210.0,Debit Card,Laundry Detergent,Cleaning & Household,Ananya Patel,Mumbai,55+,Regular,FreshMart Mumbai West,Supermarket
ORD02243,2026-05-18,C0035,P027,S001,2,450,240,0,900,0.0,900.0,420.0,Credit Card,Laundry Detergent,Cleaning & Household,Aditya Patel,Delhi,55+,Silver,FreshMart Delhi Central,Supermarket
ORD02244,2025-08-27,C0193,P061,S007,1,350,200,10,350,35.0,315.0,115.0,Debit Card,Shampoo,Personal Care,Raj Patel,Kolkata,18-24,Gold,FreshMart Kolkata,Supermarket
ORD02245,2025-02-22,C0026,P037,S003,3,650,500,5,1950,97.5,1852.5,352.5,UPI,Basmati Rice 5kg,Groceries & Food,Aarav Kumar,Bengaluru,55+,Gold,FreshMart Bengaluru Hub,Hypermarket
ORD02246,2025-08-19,C0382,P062,S006,2,280,160,0,560,0.0,560.0,240.0,Debit Card,Body Wash,Personal Care,Amit Singh,Pune,18-24,Regular,FreshMart Pune,Supermarket
ORD02247,2025-01-09,C0125,P065,S006,3,140,70,10,420,42.0,378.0,168.0,UPI,Hand Wash,Personal Care,Meera Sharma,Pune,55+,Regular,FreshMart Pune,Supermarket
ORD02248,2025-07-08,C0145,P041,S006,4,30,20,5,120,6.0,114.0,34.0,UPI,Salt 1kg,Groceries & Food,Kabir Singh,Pune,25-34,Regular,FreshMart Pune,Supermarket
ORD02249,2024-05-27,C0235,P036,S005,1,200,90,20,200,40.0,160.0,70.0,Cash,Dustpan,Cleaning & Household,Rohan Gupta,Chennai,25-34,Regular,FreshMart Chennai,Supermarket
ORD02250,2024-01-07,C0238,P092,S007,1,1800,1100,10,1800,180.0,1620.0,520.0,UPI,Curtain Set,Home & Living,Vivaan Gupta,Kolkata,55+,Regular,FreshMart Kolkata,Supermarket
ORD02251,2025-07-21,C0367,P040,S002,2,55,42,0,110,0.0,110.0,26.0,UPI,Sugar 1kg,Groceries & Food,Kabir Das,Mumbai,55+,Silver,FreshMart Mumbai West,Supermarket
ORD02252,2026-09-29,C0051,P090,S001,2,300,150,5,600,30.0,570.0,270.0,UPI,Photo Frame,Home & Living,Vivaan Das,Delhi,35-44,Regular,FreshMart Delhi Central,Supermarket
ORD02253,2025-01-05,C0349,P019,S003,1,900,500,10,900,90.0,810.0,310.0,Wallet,Towel Rack,Bathroom Items,Aditya Das,Bengaluru,55+,Regular,FreshMart Bengaluru Hub,Hypermarket
ORD02254,2024-05-23,C0241,P009,S008,1,800,450,5,800,40.0,760.0,310.0,UPI,Storage Container Set,Kitchen Items,Pooja Kumar,Ahmedabad,18-24,Regular,FreshMart Ahmedabad,Supermarket
ORD02255,2026-05-16,C0074,P063,S004,1,120,70,15,120,18.0,102.0,32.0,Credit Card,Toothpaste,Personal Care,Ananya Mehta,Hyderabad,35-44,Regular,FreshMart Hyderabad,Supermarket
ORD02256,2025-11-22,C0057,P001,S005,2,1200,750,0,2400,0.0,2400.0,900.0,UPI,Frying Pan,Kitchen Items,Ananya Singh,Chennai,45-54,Regular,FreshMart Chennai,Supermarket
ORD02257,2025-06-30,C0330,P025,S003,4,220,110,0,880,0.0,880.0,440.0,UPI,Floor Cleaner,Cleaning & Household,Riya Patel,Bengaluru,45-54,Platinum,FreshMart Bengaluru Hub,Hypermarket
ORD02258,2025-10-10,C0163,P009,S005,1,800,450,20,800,160.0,640.0,190.0,UPI,Storage Container Set,Kitchen Items,Kabir Mehta,Chennai,55+,Regular,FreshMart Chennai,Supermarket
ORD02259,2024-02-05,C0006,P038,S006,4,300,220,0,1200,0.0,1200.0,320.0,Debit Card,Wheat Flour 5kg,Groceries & Food,Rahul Mehta,Pune,35-44,Regular,FreshMart Pune,Supermarket
ORD02260,2025-07-06,C0132,P090,S007,3,300,150,0,900,0.0,900.0,450.0,UPI,Photo Frame,Home & Living,Meera Das,Kolkata,35-44,Regular,FreshMart Kolkata,Supermarket
ORD02261,2025-05-10,C0033,P043,S004,2,280,170,0,560,0.0,560.0,220.0,UPI,Breakfast Cereal,Groceries & Food,Neha Singh,Hyderabad,35-44,Regular,FreshMart Hyderabad,Supermarket
ORD02262,2024-08-07,C0315,P031,S004,1,120,50,10,120,12.0,108.0,58.0,Credit Card,Cleaning Sponge Pack,Cleaning & Household,Aditya Patel,Hyderabad,18-24,Regular,FreshMart Hyderabad,Supermarket
ORD02263,2026-03-02,C0002,P084,S002,1,180,90,0,180,0.0,180.0,90.0,Cash,Pet Comb,Pet Supplies,Arjun Khan,Mumbai,55+,Regular,FreshMart Mumbai West,Supermarket
ORD02264,2026-06-28,C0216,P039,S004,1,180,140,10,180,18.0,162.0,22.0,UPI,Cooking Oil 1L,Groceries & Food,Aditya Gupta,Hyderabad,45-54,Platinum,FreshMart Hyderabad,Supermarket
ORD02265,2026-02-17,C0074,P053,S004,1,120,70,10,120,12.0,108.0,38.0,UPI,Green Tea Drink,Beverages,Ananya Mehta,Hyderabad,35-44,Regular,FreshMart Hyderabad,Supermarket
ORD02266,2026-06-13,C0027,P060,S004,3,70,40,5,210,10.5,199.5,79.5,UPI,Coconut Water,Beverages,Kabir Khan,Hyderabad,25-34,Regular,FreshMart Hyderabad,Supermarket
ORD02267,2026-03-05,C0210,P040,S003,3,55,42,5,165,8.25,156.75,30.75,UPI,Sugar 1kg,Groceries & Food,Isha Kumar,Bengaluru,18-24,Gold,FreshMart Bengaluru Hub,Hypermarket
ORD02268,2026-02-12,C0078,P072,S007,1,120,60,0,120,0.0,120.0,60.0,UPI,Cotton Pads,Personal Care,Raj Patel,Kolkata,55+,Regular,FreshMart Kolkata,Supermarket
ORD02269,2025-07-15,C0178,P045,S008,1,350,220,0,350,0.0,350.0,130.0,UPI,Peanut Butter,Groceries & Food,Amit Verma,Ahmedabad,18-24,Silver,FreshMart Ahmedabad,Supermarket
ORD02270,2026-08-19,C0144,P056,S005,4,60,35,10,240,24.0,216.0,76.0,Credit Card,Lemon Drink,Beverages,Meera Khan,Chennai,18-24,Gold,FreshMart Chennai,Supermarket
ORD02271,2024-05-12,C0188,P055,S006,2,90,50,10,180,18.0,162.0,62.0,UPI,Cold Coffee,Beverages,Neha Sharma,Pune,45-54,Silver,FreshMart Pune,Supermarket
ORD02272,2026-02-19,C0175,P046,S003,1,400,260,0,400,0.0,400.0,140.0,Credit Card,Honey,Groceries & Food,Karan Kumar,Bengaluru,35-44,Regular,FreshMart Bengaluru Hub,Hypermarket
ORD02273,2026-06-14,C0125,P042,S006,1,90,55,0,90,0.0,90.0,35.0,UPI,Pasta,Groceries & Food,Meera Sharma,Pune,55+,Regular,FreshMart Pune,Supermarket
ORD02274,2026-09-07,C0337,P091,S007,1,250,110,0,250,0.0,250.0,140.0,Credit Card,Cushion Cover,Home & Living,Sneha Joshi,Kolkata,35-44,Platinum,FreshMart Kolkata,Supermarket
ORD02275,2026-12-23,C0354,P046,S008,3,400,260,20,1200,240.0,960.0,180.0,UPI,Honey,Groceries & Food,Kavya Gupta,Ahmedabad,18-24,Gold,FreshMart Ahmedabad,Supermarket
ORD02276,2024-07-03,C0258,P065,S001,2,140,70,0,280,0.0,280.0,140.0,Credit Card,Hand Wash,Personal Care,Isha Das,Delhi,55+,Gold,FreshMart Delhi Central,Supermarket
ORD02277,2025-05-27,C0368,P042,S003,1,90,55,15,90,13.5,76.5,21.5,Credit Card,Pasta,Groceries & Food,Meera Das,Bengaluru,25-34,Silver,FreshMart Bengaluru Hub,Hypermarket
ORD02278,2026-06-11,C0284,P031,S008,1,120,50,15,120,18.0,102.0,52.0,UPI,Cleaning Sponge Pack,Cleaning & Household,Aditya Joshi,Ahmedabad,35-44,Silver,FreshMart Ahmedabad,Supermarket
ORD02279,2026-10-12,C0312,P031,S007,2,120,50,5,240,12.0,228.0,128.0,Debit Card,Cleaning Sponge Pack,Cleaning & Household,Pooja Gupta,Kolkata,18-24,Gold,FreshMart Kolkata,Supermarket
ORD02280,2024-12-26,C0294,P081,S002,2,200,120,0,400,0.0,400.0,160.0,UPI,Bird Food,Pet Supplies,Vivaan Patel,Mumbai,35-44,Regular,FreshMart Mumbai West,Supermarket
ORD02281,2025-02-04,C0089,P001,S006,2,1200,750,0,2400,0.0,2400.0,900.0,Debit Card,Frying Pan,Kitchen Items,Meera Das,Pune,45-54,Regular,FreshMart Pune,Supermarket
ORD02282,2025-01-01,C0206,P035,S007,2,300,150,10,600,60.0,540.0,240.0,Credit Card,Bucket,Cleaning & Household,Arjun Singh,Kolkata,55+,Regular,FreshMart Kolkata,Supermarket
ORD02283,2025-01-01,C0272,P040,S006,1,55,42,15,55,8.25,46.75,4.75,UPI,Sugar 1kg,Groceries & Food,Riya Singh,Pune,18-24,Regular,FreshMart Pune,Supermarket
ORD02284,2024-12-17,C0183,P002,S001,2,900,520,0,1800,0.0,1800.0,760.0,Credit Card,Chef Knife,Kitchen Items,Pooja Kumar,Delhi,35-44,Silver,FreshMart Delhi Central,Supermarket
ORD02285,2024-11-30,C0009,P001,S007,1,1200,750,0,1200,0.0,1200.0,450.0,Cash,Frying Pan,Kitchen Items,Riya Verma,Kolkata,18-24,Silver,FreshMart Kolkata,Supermarket
ORD02286,2025-07-25,C0228,P066,S006,2,300,180,5,600,30.0,570.0,210.0,Debit Card,Face Wash,Personal Care,Priya Verma,Pune,55+,Gold,FreshMart Pune,Supermarket
ORD02287,2024-11-27,C0228,P072,S006,3,120,60,0,360,0.0,360.0,180.0,UPI,Cotton Pads,Personal Care,Priya Verma,Pune,55+,Gold,FreshMart Pune,Supermarket
ORD02288,2026-08-01,C0178,P008,S008,2,600,320,5,1200,60.0,1140.0,500.0,Debit Card,Lunch Box,Kitchen Items,Amit Verma,Ahmedabad,18-24,Silver,FreshMart Ahmedabad,Supermarket
ORD02289,2026-04-07,C0198,P047,S001,3,250,150,5,750,37.5,712.5,262.5,Debit Card,Tea Pack,Groceries & Food,Vivaan Patel,Delhi,35-44,Regular,FreshMart Delhi Central,Supermarket
ORD02290,2026-04-09,C0077,P043,S006,3,280,170,5,840,42.0,798.0,288.0,Credit Card,Breakfast Cereal,Groceries & Food,Karan Mehta,Pune,35-44,Gold,FreshMart Pune,Supermarket
ORD02291,2026-10-05,C0225,P047,S003,1,250,150,5,250,12.5,237.5,87.5,UPI,Tea Pack,Groceries & Food,Riya Mehta,Bengaluru,45-54,Silver,FreshMart Bengaluru Hub,Hypermarket
ORD02292,2026-04-24,C0326,P036,S001,1,200,90,0,200,0.0,200.0,110.0,UPI,Dustpan,Cleaning & Household,Riya Khan,Delhi,45-54,Gold,FreshMart Delhi Central,Supermarket
ORD02293,2024-02-02,C0103,P039,S004,1,180,140,10,180,18.0,162.0,22.0,Debit Card,Cooking Oil 1L,Groceries & Food,Aditya Kumar,Hyderabad,35-44,Regular,FreshMart Hyderabad,Supermarket
ORD02294,2024-10-13,C0195,P038,S002,1,300,220,0,300,0.0,300.0,80.0,UPI,Wheat Flour 5kg,Groceries & Food,Vivaan Das,Mumbai,25-34,Silver,FreshMart Mumbai West,Supermarket
ORD02295,2026-06-18,C0260,P031,S006,1,120,50,0,120,0.0,120.0,70.0,Debit Card,Cleaning Sponge Pack,Cleaning & Household,Kabir Patel,Pune,18-24,Regular,FreshMart Pune,Supermarket
ORD02296,2025-02-23,C0385,P046,S001,2,400,260,0,800,0.0,800.0,280.0,UPI,Honey,Groceries & Food,Sneha Patel,Delhi,45-54,Regular,FreshMart Delhi Central,Supermarket
ORD02297,2024-07-26,C0064,P095,S005,1,600,320,0,600,0.0,600.0,280.0,Credit Card,Storage Box,Home & Living,Riya Gupta,Chennai,35-44,Silver,FreshMart Chennai,Supermarket
ORD02298,2026-06-06,C0328,P047,S006,1,250,150,0,250,0.0,250.0,100.0,Cash,Tea Pack,Groceries & Food,Priya Verma,Pune,25-34,Silver,FreshMart Pune,Supermarket
ORD02299,2024-03-23,C0201,P038,S004,4,300,220,15,1200,180.0,1020.0,140.0,Credit Card,Wheat Flour 5kg,Groceries & Food,Sneha Das,Hyderabad,45-54,Gold,FreshMart Hyderabad,Supermarket
ORD02300,2025-01-31,C0234,P042,S001,1,90,55,5,90,4.5,85.5,30.5,UPI,Pasta,Groceries & Food,Rohan Das,Delhi,35-44,Gold,FreshMart Delhi Central,Supermarket
ORD02301,2025-07-06,C0200,P015,S003,1,350,180,5,350,17.5,332.5,152.5,Debit Card,Soap Dispenser,Bathroom Items,Rahul Gupta,Bengaluru,18-24,Silver,FreshMart Bengaluru Hub,Hypermarket
ORD02302,2026-07-07,C0280,P041,S003,1,30,20,10,30,3.0,27.0,7.0,Credit Card,Salt 1kg,Groceries & Food,Priya Patel,Bengaluru,25-34,Regular,FreshMart Bengaluru Hub,Hypermarket
ORD02303,2025-08-06,C0305,P057,S005,1,140,80,10,140,14.0,126.0,46.0,Credit Card,Mango Juice,Beverages,Amit Joshi,Chennai,45-54,Regular,FreshMart Chennai,Supermarket
ORD02304,2026-09-25,C0023,P080,S008,1,1800,1200,5,1800,90.0,1710.0,510.0,Debit Card,Pet Bed,Pet Supplies,Sneha Mehta,Ahmedabad,55+,Regular,FreshMart Ahmedabad,Supermarket
ORD02305,2026-10-20,C0351,P039,S007,4,180,140,0,720,0.0,720.0,160.0,Debit Card,Cooking Oil 1L,Groceries & Food,Rahul Joshi,Kolkata,55+,Regular,FreshMart Kolkata,Supermarket
ORD02306,2025-07-01,C0375,P040,S007,1,55,42,10,55,5.5,49.5,7.5,UPI,Sugar 1kg,Groceries & Food,Ananya Patel,Kolkata,25-34,Silver,FreshMart Kolkata,Supermarket
ORD02307,2025-07-18,C0153,P060,S004,1,70,40,0,70,0.0,70.0,30.0,UPI,Coconut Water,Beverages,Neha Das,Hyderabad,55+,Regular,FreshMart Hyderabad,Supermarket
ORD02308,2025-02-02,C0306,P085,S008,1,1200,700,0,1200,0.0,1200.0,500.0,Debit Card,Table Lamp,Home & Living,Amit Kumar,Ahmedabad,25-34,Regular,FreshMart Ahmedabad,Supermarket
ORD02309,2026-05-24,C0172,P075,S002,2,300,170,0,600,0.0,600.0,260.0,Wallet,Pet Shampoo,Pet Supplies,Raj Patel,Mumbai,45-54,Gold,FreshMart Mumbai West,Supermarket
ORD02310,2024-05-15,C0113,P003,S007,1,350,180,0,350,0.0,350.0,170.0,Debit Card,Cutting Board,Kitchen Items,Aarav Verma,Kolkata,25-34,Gold,FreshMart Kolkata,Supermarket
ORD02311,2025-03-24,C0156,P061,S003,2,350,200,20,700,140.0,560.0,160.0,Wallet,Shampoo,Personal Care,Raj Verma,Bengaluru,25-34,Regular,FreshMart Bengaluru Hub,Hypermarket
ORD02312,2024-06-12,C0120,P046,S004,2,400,260,10,800,80.0,720.0,200.0,UPI,Honey,Groceries & Food,Arjun Das,Hyderabad,45-54,Silver,FreshMart Hyderabad,Supermarket
ORD02313,2026-02-01,C0346,P064,S003,3,80,35,20,240,48.0,192.0,87.0,UPI,Toothbrush,Personal Care,Kavya Sharma,Bengaluru,18-24,Regular,FreshMart Bengaluru Hub,Hypermarket
ORD02314,2025-11-08,C0158,P040,S005,1,55,42,0,55,0.0,55.0,13.0,Debit Card,Sugar 1kg,Groceries & Food,Isha Joshi,Chennai,18-24,Regular,FreshMart Chennai,Supermarket
ORD02315,2026-12-01,C0019,P072,S005,3,120,60,10,360,36.0,324.0,144.0,UPI,Cotton Pads,Personal Care,Riya Khan,Chennai,55+,Regular,FreshMart Chennai,Supermarket
ORD02316,2026-06-07,C0325,P061,S006,2,350,200,0,700,0.0,700.0,300.0,Credit Card,Shampoo,Personal Care,Aditya Khan,Pune,18-24,Platinum,FreshMart Pune,Supermarket
ORD02317,2026-04-08,C0393,P046,S007,1,400,260,5,400,20.0,380.0,120.0,Cash,Honey,Groceries & Food,Ananya Gupta,Kolkata,55+,Silver,FreshMart Kolkata,Supermarket
ORD02318,2024-10-30,C0232,P030,S004,3,180,80,0,540,0.0,540.0,300.0,Wallet,Garbage Bags,Cleaning & Household,Rohan Das,Hyderabad,18-24,Gold,FreshMart Hyderabad,Supermarket
ORD02319,2024-11-09,C0160,P042,S007,2,90,55,5,180,9.0,171.0,61.0,Credit Card,Pasta,Groceries & Food,Meera Singh,Kolkata,18-24,Regular,FreshMart Kolkata,Supermarket
ORD02320,2025-11-09,C0326,P038,S001,1,300,220,5,300,15.0,285.0,65.0,Wallet,Wheat Flour 5kg,Groceries & Food,Riya Khan,Delhi,45-54,Gold,FreshMart Delhi Central,Supermarket
ORD02321,2025-10-04,C0088,P056,S005,1,60,35,0,60,0.0,60.0,25.0,Credit Card,Lemon Drink,Beverages,Aarav Kumar,Chennai,25-34,Regular,FreshMart Chennai,Supermarket
ORD02322,2024-03-03,C0335,P037,S006,1,650,500,0,650,0.0,650.0,150.0,UPI,Basmati Rice 5kg,Groceries & Food,Karan Kumar,Pune,18-24,Gold,FreshMart Pune,Supermarket
ORD02323,2026-10-04,C0360,P042,S007,1,90,55,0,90,0.0,90.0,35.0,Credit Card,Pasta,Groceries & Food,Aisha Khan,Kolkata,45-54,Gold,FreshMart Kolkata,Supermarket
ORD02324,2025-05-13,C0242,P035,S007,2,300,150,0,600,0.0,600.0,300.0,UPI,Bucket,Cleaning & Household,Aisha Mehta,Kolkata,18-24,Regular,FreshMart Kolkata,Supermarket
ORD02325,2026-02-10,C0361,P032,S006,3,200,95,0,600,0.0,600.0,315.0,UPI,Glass Cleaner,Cleaning & Household,Aditya Gupta,Pune,18-24,Regular,FreshMart Pune,Supermarket
ORD02326,2024-11-03,C0239,P066,S008,2,300,180,0,600,0.0,600.0,240.0,Wallet,Face Wash,Personal Care,Aditya Joshi,Ahmedabad,35-44,Regular,FreshMart Ahmedabad,Supermarket
ORD02327,2024-11-07,C0365,P070,S006,1,300,170,0,300,0.0,300.0,130.0,UPI,Razor Pack,Personal Care,Ananya Singh,Pune,55+,Gold,FreshMart Pune,Supermarket
ORD02328,2026-01-21,C0181,P087,S004,2,700,400,15,1400,210.0,1190.0,390.0,Debit Card,Pillow,Home & Living,Rohan Mehta,Hyderabad,55+,Regular,FreshMart Hyderabad,Supermarket
ORD02329,2024-06-28,C0074,P059,S004,1,100,55,15,100,15.0,85.0,30.0,UPI,Iced Tea,Beverages,Ananya Mehta,Hyderabad,35-44,Regular,FreshMart Hyderabad,Supermarket
ORD02330,2024-06-17,C0018,P002,S003,5,900,520,5,4500,225.0,4275.0,1675.0,Cash,Chef Knife,Kitchen Items,Sneha Joshi,Bengaluru,35-44,Regular,FreshMart Bengaluru Hub,Hypermarket
ORD02331,2024-12-14,C0088,P036,S005,3,200,90,5,600,30.0,570.0,300.0,UPI,Dustpan,Cleaning & Household,Aarav Kumar,Chennai,25-34,Regular,FreshMart Chennai,Supermarket
ORD02332,2026-12-18,C0195,P028,S002,1,350,180,0,350,0.0,350.0,170.0,Credit Card,Broom,Cleaning & Household,Vivaan Das,Mumbai,25-34,Silver,FreshMart Mumbai West,Supermarket
ORD02333,2026-12-17,C0014,P035,S004,1,300,150,0,300,0.0,300.0,150.0,UPI,Bucket,Cleaning & Household,Rahul Khan,Hyderabad,25-34,Regular,FreshMart Hyderabad,Supermarket
ORD02334,2024-11-29,C0357,P035,S003,3,300,150,0,900,0.0,900.0,450.0,Credit Card,Bucket,Cleaning & Household,Arjun Singh,Bengaluru,25-34,Silver,FreshMart Bengaluru Hub,Hypermarket
ORD02335,2026-04-01,C0200,P029,S003,1,650,380,15,650,97.5,552.5,172.5,Debit Card,Mop,Cleaning & Household,Rahul Gupta,Bengaluru,18-24,Silver,FreshMart Bengaluru Hub,Hypermarket
ORD02336,2025-10-30,C0174,P073,S008,2,900,650,10,1800,180.0,1620.0,320.0,UPI,Dog Food,Pet Supplies,Pooja Patel,Ahmedabad,45-54,Silver,FreshMart Ahmedabad,Supermarket
ORD02337,2024-08-29,C0219,P008,S007,1,600,320,20,600,120.0,480.0,160.0,UPI,Lunch Box,Kitchen Items,Raj Das,Kolkata,35-44,Regular,FreshMart Kolkata,Supermarket
ORD02338,2025-08-01,C0033,P072,S004,3,120,60,10,360,36.0,324.0,144.0,Credit Card,Cotton Pads,Personal Care,Neha Singh,Hyderabad,35-44,Regular,FreshMart Hyderabad,Supermarket
ORD02339,2026-06-10,C0123,P067,S004,1,450,280,15,450,67.5,382.5,102.5,Debit Card,Moisturizer,Personal Care,Sneha Mehta,Hyderabad,18-24,Silver,FreshMart Hyderabad,Supermarket
ORD02340,2025-09-11,C0183,P051,S001,4,160,95,0,640,0.0,640.0,260.0,Credit Card,Apple Juice,Beverages,Pooja Kumar,Delhi,35-44,Silver,FreshMart Delhi Central,Supermarket
ORD02341,2024-11-16,C0035,P006,S001,1,650,350,0,650,0.0,650.0,300.0,Cash,Mixer Bowl,Kitchen Items,Aditya Patel,Delhi,55+,Silver,FreshMart Delhi Central,Supermarket
ORD02342,2026-03-08,C0351,P063,S007,1,120,70,5,120,6.0,114.0,44.0,Debit Card,Toothpaste,Personal Care,Rahul Joshi,Kolkata,55+,Regular,FreshMart Kolkata,Supermarket
ORD02343,2025-10-24,C0043,P047,S004,3,250,150,10,750,75.0,675.0,225.0,Debit Card,Tea Pack,Groceries & Food,Arjun Singh,Hyderabad,25-34,Regular,FreshMart Hyderabad,Supermarket
ORD02344,2025-01-11,C0274,P056,S007,1,60,35,10,60,6.0,54.0,19.0,Wallet,Lemon Drink,Beverages,Ananya Das,Kolkata,55+,Regular,FreshMart Kolkata,Supermarket
ORD02345,2026-09-24,C0379,P037,S006,3,650,500,0,1950,0.0,1950.0,450.0,UPI,Basmati Rice 5kg,Groceries & Food,Rahul Patel,Pune,25-34,Silver,FreshMart Pune,Supermarket
ORD02346,2026-11-16,C0367,P021,S002,4,1000,600,15,4000,600.0,3400.0,1000.0,Debit Card,Laundry Basket,Bathroom Items,Kabir Das,Mumbai,55+,Silver,FreshMart Mumbai West,Supermarket
ORD02347,2024-01-19,C0137,P037,S008,2,650,500,10,1300,130.0,1170.0,170.0,Cash,Basmati Rice 5kg,Groceries & Food,Amit Joshi,Ahmedabad,45-54,Silver,FreshMart Ahmedabad,Supermarket
ORD02348,2024-01-06,C0395,P041,S005,1,30,20,10,30,3.0,27.0,7.0,Wallet,Salt 1kg,Groceries & Food,Riya Joshi,Chennai,45-54,Gold,FreshMart Chennai,Supermarket
ORD02349,2024-10-29,C0285,P036,S006,2,200,90,10,400,40.0,360.0,180.0,Credit Card,Dustpan,Cleaning & Household,Meera Sharma,Pune,55+,Regular,FreshMart Pune,Supermarket
ORD02350,2026-12-18,C0126,P043,S006,2,280,170,5,560,28.0,532.0,192.0,Credit Card,Breakfast Cereal,Groceries & Food,Priya Verma,Pune,18-24,Gold,FreshMart Pune,Supermarket
ORD02351,2024-03-21,C0075,P085,S001,2,1200,700,10,2400,240.0,2160.0,760.0,Credit Card,Table Lamp,Home & Living,Arjun Mehta,Delhi,45-54,Regular,FreshMart Delhi Central,Supermarket
ORD02352,2026-07-23,C0295,P048,S005,1,450,300,0,450,0.0,450.0,150.0,Credit Card,Coffee Pack,Groceries & Food,Sneha Kumar,Chennai,55+,Gold,FreshMart Chennai,Supermarket
ORD02353,2024-05-08,C0376,P051,S002,2,160,95,15,320,48.0,272.0,82.0,Wallet,Apple Juice,Beverages,Pooja Khan,Mumbai,35-44,Regular,FreshMart Mumbai West,Supermarket
ORD02354,2025-04-17,C0174,P087,S008,4,700,400,10,2800,280.0,2520.0,920.0,UPI,Pillow,Home & Living,Pooja Patel,Ahmedabad,45-54,Silver,FreshMart Ahmedabad,Supermarket
ORD02355,2024-03-20,C0053,P034,S002,3,250,120,10,750,75.0,675.0,315.0,Credit Card,Disinfectant Spray,Cleaning & Household,Aditya Gupta,Mumbai,55+,Regular,FreshMart Mumbai West,Supermarket
ORD02356,2024-01-09,C0301,P044,S005,2,120,70,0,240,0.0,240.0,100.0,Wallet,Biscuits Pack,Groceries & Food,Rohan Verma,Chennai,18-24,Regular,FreshMart Chennai,Supermarket
ORD02357,2026-03-24,C0379,P044,S006,1,120,70,0,120,0.0,120.0,50.0,UPI,Biscuits Pack,Groceries & Food,Rahul Patel,Pune,25-34,Silver,FreshMart Pune,Supermarket
ORD02358,2026-05-03,C0181,P071,S004,1,180,100,15,180,27.0,153.0,53.0,Debit Card,Sanitary Pads,Personal Care,Rohan Mehta,Hyderabad,55+,Regular,FreshMart Hyderabad,Supermarket
ORD02359,2025-09-19,C0087,P064,S005,3,80,35,10,240,24.0,216.0,111.0,Credit Card,Toothbrush,Personal Care,Sneha Gupta,Chennai,45-54,Regular,FreshMart Chennai,Supermarket
ORD02360,2026-12-29,C0191,P057,S008,1,140,80,0,140,0.0,140.0,60.0,UPI,Mango Juice,Beverages,Kavya Verma,Ahmedabad,18-24,Silver,FreshMart Ahmedabad,Supermarket
ORD02361,2025-12-23,C0081,P092,S002,1,1800,1100,10,1800,180.0,1620.0,520.0,UPI,Curtain Set,Home & Living,Ananya Mehta,Mumbai,45-54,Gold,FreshMart Mumbai West,Supermarket
ORD02362,2026-09-09,C0254,P059,S005,1,100,55,0,100,0.0,100.0,45.0,Debit Card,Iced Tea,Beverages,Neha Sharma,Chennai,55+,Regular,FreshMart Chennai,Supermarket
ORD02363,2025-08-21,C0093,P030,S008,2,180,80,0,360,0.0,360.0,200.0,Wallet,Garbage Bags,Cleaning & Household,Vivaan Singh,Ahmedabad,55+,Gold,FreshMart Ahmedabad,Supermarket
ORD02364,2024-12-01,C0249,P032,S007,3,200,95,0,600,0.0,600.0,315.0,Wallet,Glass Cleaner,Cleaning & Household,Arjun Patel,Kolkata,35-44,Silver,FreshMart Kolkata,Supermarket
ORD02365,2024-05-20,C0132,P052,S007,1,50,30,0,50,0.0,50.0,20.0,UPI,Cola Drink,Beverages,Meera Das,Kolkata,35-44,Regular,FreshMart Kolkata,Supermarket
ORD02366,2025-05-05,C0018,P085,S003,1,1200,700,10,1200,120.0,1080.0,380.0,Debit Card,Table Lamp,Home & Living,Sneha Joshi,Bengaluru,35-44,Regular,FreshMart Bengaluru Hub,Hypermarket
ORD02367,2025-01-01,C0072,P027,S007,1,450,240,5,450,22.5,427.5,187.5,UPI,Laundry Detergent,Cleaning & Household,Priya Khan,Kolkata,55+,Silver,FreshMart Kolkata,Supermarket
ORD02368,2026-12-30,C0169,P061,S006,1,350,200,10,350,35.0,315.0,115.0,UPI,Shampoo,Personal Care,Neha Patel,Pune,18-24,Gold,FreshMart Pune,Supermarket
ORD02369,2024-07-07,C0169,P009,S006,1,800,450,0,800,0.0,800.0,350.0,UPI,Storage Container Set,Kitchen Items,Neha Patel,Pune,18-24,Gold,FreshMart Pune,Supermarket
ORD02370,2024-02-07,C0082,P096,S001,4,500,260,5,2000,100.0,1900.0,860.0,Wallet,Desk Organizer,Home & Living,Karan Kumar,Delhi,45-54,Regular,FreshMart Delhi Central,Supermarket
ORD02371,2024-05-09,C0095,P063,S007,1,120,70,0,120,0.0,120.0,50.0,Credit Card,Toothpaste,Personal Care,Sneha Joshi,Kolkata,25-34,Regular,FreshMart Kolkata,Supermarket
ORD02372,2025-02-01,C0246,P057,S007,2,140,80,15,280,42.0,238.0,78.0,Debit Card,Mango Juice,Beverages,Kavya Khan,Kolkata,18-24,Silver,FreshMart Kolkata,Supermarket
ORD02373,2026-03-08,C0109,P012,S004,3,180,80,0,540,0.0,540.0,300.0,Cash,Kitchen Towel,Kitchen Items,Neha Khan,Hyderabad,45-54,Regular,FreshMart Hyderabad,Supermarket
ORD02374,2026-04-04,C0202,P065,S008,1,140,70,0,140,0.0,140.0,70.0,Debit Card,Hand Wash,Personal Care,Rohan Singh,Ahmedabad,35-44,Regular,FreshMart Ahmedabad,Supermarket
ORD02375,2024-05-17,C0045,P063,S002,5,120,70,10,600,60.0,540.0,190.0,Cash,Toothpaste,Personal Care,Aditya Joshi,Mumbai,18-24,Silver,FreshMart Mumbai West,Supermarket
ORD02376,2026-10-09,C0187,P094,S007,2,350,170,0,700,0.0,700.0,360.0,UPI,Clothes Hanger Set,Home & Living,Amit Das,Kolkata,25-34,Gold,FreshMart Kolkata,Supermarket
ORD02377,2024-03-15,C0181,P085,S004,2,1200,700,0,2400,0.0,2400.0,1000.0,UPI,Table Lamp,Home & Living,Rohan Mehta,Hyderabad,55+,Regular,FreshMart Hyderabad,Supermarket
ORD02378,2026-02-01,C0101,P088,S005,2,2000,1300,0,4000,0.0,4000.0,1400.0,Cash,Blanket,Home & Living,Aisha Joshi,Chennai,25-34,Gold,FreshMart Chennai,Supermarket
ORD02379,2026-08-07,C0062,P091,S001,1,250,110,10,250,25.0,225.0,115.0,Credit Card,Cushion Cover,Home & Living,Riya Kumar,Delhi,55+,Regular,FreshMart Delhi Central,Supermarket
ORD02380,2024-08-26,C0367,P058,S002,2,40,22,5,80,4.0,76.0,32.0,Credit Card,Soda Water,Beverages,Kabir Das,Mumbai,55+,Silver,FreshMart Mumbai West,Supermarket
ORD02381,2025-10-05,C0398,P037,S004,3,650,500,5,1950,97.5,1852.5,352.5,UPI,Basmati Rice 5kg,Groceries & Food,Meera Das,Hyderabad,18-24,Silver,FreshMart Hyderabad,Supermarket
ORD02382,2026-05-21,C0131,P045,S008,1,350,220,15,350,52.5,297.5,77.5,UPI,Peanut Butter,Groceries & Food,Aditya Kumar,Ahmedabad,25-34,Silver,FreshMart Ahmedabad,Supermarket
ORD02383,2024-10-07,C0313,P031,S006,3,120,50,20,360,72.0,288.0,138.0,UPI,Cleaning Sponge Pack,Cleaning & Household,Amit Joshi,Pune,18-24,Regular,FreshMart Pune,Supermarket
ORD02384,2024-06-01,C0082,P082,S001,5,280,150,0,1400,0.0,1400.0,650.0,Credit Card,Pet Treats,Pet Supplies,Karan Kumar,Delhi,45-54,Regular,FreshMart Delhi Central,Supermarket
ORD02385,2026-04-13,C0214,P066,S005,1,300,180,20,300,60.0,240.0,60.0,UPI,Face Wash,Personal Care,Priya Khan,Chennai,25-34,Regular,FreshMart Chennai,Supermarket
ORD02386,2024-10-08,C0350,P070,S004,2,300,170,15,600,90.0,510.0,170.0,UPI,Razor Pack,Personal Care,Ananya Kumar,Hyderabad,18-24,Regular,FreshMart Hyderabad,Supermarket
ORD02387,2025-06-25,C0082,P008,S001,3,600,320,0,1800,0.0,1800.0,840.0,UPI,Lunch Box,Kitchen Items,Karan Kumar,Delhi,45-54,Regular,FreshMart Delhi Central,Supermarket
ORD02388,2024-06-10,C0255,P059,S004,1,100,55,0,100,0.0,100.0,45.0,Cash,Iced Tea,Beverages,Arjun Das,Hyderabad,25-34,Silver,FreshMart Hyderabad,Supermarket
ORD02389,2024-06-12,C0308,P046,S007,3,400,260,5,1200,60.0,1140.0,360.0,Credit Card,Honey,Groceries & Food,Pooja Khan,Kolkata,25-34,Gold,FreshMart Kolkata,Supermarket
ORD02390,2025-08-31,C0367,P053,S002,4,120,70,10,480,48.0,432.0,152.0,UPI,Green Tea Drink,Beverages,Kabir Das,Mumbai,55+,Silver,FreshMart Mumbai West,Supermarket
ORD02391,2024-03-24,C0031,P039,S003,1,180,140,15,180,27.0,153.0,13.0,UPI,Cooking Oil 1L,Groceries & Food,Aditya Khan,Bengaluru,25-34,Silver,FreshMart Bengaluru Hub,Hypermarket
ORD02392,2024-04-16,C0254,P029,S005,1,650,380,0,650,0.0,650.0,270.0,Wallet,Mop,Cleaning & Household,Neha Sharma,Chennai,55+,Regular,FreshMart Chennai,Supermarket
ORD02393,2026-09-03,C0250,P002,S008,1,900,520,10,900,90.0,810.0,290.0,Credit Card,Chef Knife,Kitchen Items,Priya Gupta,Ahmedabad,18-24,Regular,FreshMart Ahmedabad,Supermarket
ORD02394,2024-11-21,C0161,P015,S003,2,350,180,10,700,70.0,630.0,270.0,UPI,Soap Dispenser,Bathroom Items,Rohan Kumar,Bengaluru,18-24,Regular,FreshMart Bengaluru Hub,Hypermarket
ORD02395,2024-07-31,C0364,P024,S003,2,180,85,0,360,0.0,360.0,190.0,UPI,Toothbrush Holder,Bathroom Items,Vivaan Verma,Bengaluru,35-44,Regular,FreshMart Bengaluru Hub,Hypermarket
ORD02396,2024-12-12,C0272,P072,S006,3,120,60,10,360,36.0,324.0,144.0,UPI,Cotton Pads,Personal Care,Riya Singh,Pune,18-24,Regular,FreshMart Pune,Supermarket
ORD02397,2026-12-07,C0120,P038,S004,2,300,220,10,600,60.0,540.0,100.0,Cash,Wheat Flour 5kg,Groceries & Food,Arjun Das,Hyderabad,45-54,Silver,FreshMart Hyderabad,Supermarket
ORD02398,2025-05-02,C0333,P044,S006,1,120,70,0,120,0.0,120.0,50.0,Debit Card,Biscuits Pack,Groceries & Food,Karan Sharma,Pune,35-44,Regular,FreshMart Pune,Supermarket
ORD02399,2026-12-16,C0197,P035,S003,1,300,150,20,300,60.0,240.0,90.0,Credit Card,Bucket,Cleaning & Household,Arjun Joshi,Bengaluru,35-44,Gold,FreshMart Bengaluru Hub,Hypermarket
ORD02400,2025-07-05,C0318,P052,S005,1,50,30,15,50,7.5,42.5,12.5,UPI,Cola Drink,Beverages,Aditya Sharma,Chennai,25-34,Gold,FreshMart Chennai,Supermarket
ORD02401,2026-10-15,C0039,P047,S003,1,250,150,0,250,0.0,250.0,100.0,UPI,Tea Pack,Groceries & Food,Karan Khan,Bengaluru,55+,Silver,FreshMart Bengaluru Hub,Hypermarket
ORD02402,2025-01-12,C0012,P016,S008,3,650,360,5,1950,97.5,1852.5,772.5,Wallet,Bathroom Mat,Bathroom Items,Sneha Kumar,Ahmedabad,35-44,Regular,FreshMart Ahmedabad,Supermarket
ORD02403,2024-03-23,C0267,P032,S006,1,200,95,0,200,0.0,200.0,105.0,UPI,Glass Cleaner,Cleaning & Household,Pooja Verma,Pune,45-54,Regular,FreshMart Pune,Supermarket
ORD02404,2026-03-19,C0119,P004,S004,1,1500,900,0,1500,0.0,1500.0,600.0,Wallet,Cooking Pot,Kitchen Items,Isha Gupta,Hyderabad,25-34,Regular,FreshMart Hyderabad,Supermarket
ORD02405,2025-03-06,C0358,P057,S006,2,140,80,10,280,28.0,252.0,92.0,UPI,Mango Juice,Beverages,Aarav Patel,Pune,45-54,Gold,FreshMart Pune,Supermarket
ORD02406,2025-02-26,C0079,P022,S005,1,1500,950,0,1500,0.0,1500.0,550.0,Debit Card,Bathroom Scale,Bathroom Items,Aarav Verma,Chennai,25-34,Silver,FreshMart Chennai,Supermarket
ORD02407,2026-01-25,C0060,P022,S003,1,1500,950,0,1500,0.0,1500.0,550.0,Debit Card,Bathroom Scale,Bathroom Items,Pooja Kumar,Bengaluru,35-44,Gold,FreshMart Bengaluru Hub,Hypermarket
ORD02408,2026-06-27,C0211,P056,S008,2,60,35,15,120,18.0,102.0,32.0,UPI,Lemon Drink,Beverages,Vivaan Kumar,Ahmedabad,18-24,Silver,FreshMart Ahmedabad,Supermarket
ORD02409,2025-01-20,C0325,P048,S006,3,450,300,15,1350,202.5,1147.5,247.5,Debit Card,Coffee Pack,Groceries & Food,Aditya Khan,Pune,18-24,Platinum,FreshMart Pune,Supermarket
ORD02410,2025-07-14,C0079,P038,S005,1,300,220,0,300,0.0,300.0,80.0,Credit Card,Wheat Flour 5kg,Groceries & Food,Aarav Verma,Chennai,25-34,Silver,FreshMart Chennai,Supermarket
ORD02411,2024-05-02,C0371,P024,S005,2,180,85,5,360,18.0,342.0,172.0,UPI,Toothbrush Holder,Bathroom Items,Aarav Joshi,Chennai,35-44,Regular,FreshMart Chennai,Supermarket
ORD02412,2025-08-11,C0055,P019,S002,1,900,500,0,900,0.0,900.0,400.0,Credit Card,Towel Rack,Bathroom Items,Isha Sharma,Mumbai,45-54,Silver,FreshMart Mumbai West,Supermarket
ORD02413,2026-11-28,C0332,P004,S005,1,1500,900,5,1500,75.0,1425.0,525.0,Credit Card,Cooking Pot,Kitchen Items,Kavya Sharma,Chennai,25-34,Regular,FreshMart Chennai,Supermarket
ORD02414,2025-07-18,C0396,P053,S002,3,120,70,20,360,72.0,288.0,78.0,UPI,Green Tea Drink,Beverages,Priya Patel,Mumbai,45-54,Silver,FreshMart Mumbai West,Supermarket
ORD02415,2026-06-16,C0244,P045,S005,4,350,220,0,1400,0.0,1400.0,520.0,UPI,Peanut Butter,Groceries & Food,Aditya Gupta,Chennai,55+,Silver,FreshMart Chennai,Supermarket
ORD02416,2025-03-24,C0302,P047,S001,5,250,150,5,1250,62.5,1187.5,437.5,Debit Card,Tea Pack,Groceries & Food,Riya Khan,Delhi,35-44,Gold,FreshMart Delhi Central,Supermarket
ORD02417,2025-07-02,C0220,P022,S001,2,1500,950,5,3000,150.0,2850.0,950.0,Debit Card,Bathroom Scale,Bathroom Items,Amit Joshi,Delhi,55+,Gold,FreshMart Delhi Central,Supermarket
ORD02418,2026-11-23,C0140,P035,S006,2,300,150,0,600,0.0,600.0,300.0,Credit Card,Bucket,Cleaning & Household,Priya Mehta,Pune,35-44,Silver,FreshMart Pune,Supermarket
ORD02419,2025-05-09,C0254,P075,S005,3,300,170,0,900,0.0,900.0,390.0,UPI,Pet Shampoo,Pet Supplies,Neha Sharma,Chennai,55+,Regular,FreshMart Chennai,Supermarket
ORD02420,2026-12-21,C0293,P095,S007,2,600,320,20,1200,240.0,960.0,320.0,UPI,Storage Box,Home & Living,Kabir Mehta,Kolkata,35-44,Silver,FreshMart Kolkata,Supermarket
ORD02421,2025-11-01,C0105,P091,S002,3,250,110,0,750,0.0,750.0,420.0,UPI,Cushion Cover,Home & Living,Rohan Singh,Mumbai,45-54,Regular,FreshMart Mumbai West,Supermarket
ORD02422,2025-01-18,C0167,P039,S008,1,180,140,0,180,0.0,180.0,40.0,Debit Card,Cooking Oil 1L,Groceries & Food,Rahul Joshi,Ahmedabad,35-44,Regular,FreshMart Ahmedabad,Supermarket
ORD02423,2025-07-10,C0037,P036,S002,2,200,90,5,400,20.0,380.0,200.0,Debit Card,Dustpan,Cleaning & Household,Vivaan Singh,Mumbai,18-24,Gold,FreshMart Mumbai West,Supermarket
ORD02424,2025-11-30,C0093,P086,S008,2,1500,900,15,3000,450.0,2550.0,750.0,UPI,Bed Sheet,Home & Living,Vivaan Singh,Ahmedabad,55+,Gold,FreshMart Ahmedabad,Supermarket
ORD02425,2025-12-31,C0312,P073,S007,1,900,650,0,900,0.0,900.0,250.0,UPI,Dog Food,Pet Supplies,Pooja Gupta,Kolkata,18-24,Gold,FreshMart Kolkata,Supermarket
ORD02426,2024-02-03,C0010,P096,S004,2,500,260,0,1000,0.0,1000.0,480.0,Cash,Desk Organizer,Home & Living,Isha Patel,Hyderabad,18-24,Regular,FreshMart Hyderabad,Supermarket
ORD02427,2024-03-30,C0059,P025,S002,1,220,110,0,220,0.0,220.0,110.0,Wallet,Floor Cleaner,Cleaning & Household,Isha Das,Mumbai,18-24,Regular,FreshMart Mumbai West,Supermarket
ORD02428,2026-06-22,C0391,P010,S006,2,250,110,0,500,0.0,500.0,280.0,UPI,Coffee Mug,Kitchen Items,Vivaan Gupta,Pune,45-54,Regular,FreshMart Pune,Supermarket
ORD02429,2024-03-15,C0275,P045,S002,1,350,220,15,350,52.5,297.5,77.5,Credit Card,Peanut Butter,Groceries & Food,Neha Kumar,Mumbai,45-54,Regular,FreshMart Mumbai West,Supermarket
ORD02430,2026-07-10,C0157,P087,S001,3,700,400,0,2100,0.0,2100.0,900.0,Wallet,Pillow,Home & Living,Aditya Gupta,Delhi,45-54,Regular,FreshMart Delhi Central,Supermarket
ORD02431,2024-07-10,C0196,P051,S002,3,160,95,10,480,48.0,432.0,147.0,Credit Card,Apple Juice,Beverages,Kabir Singh,Mumbai,45-54,Platinum,FreshMart Mumbai West,Supermarket
ORD02432,2025-05-08,C0222,P059,S007,1,100,55,10,100,10.0,90.0,35.0,Credit Card,Iced Tea,Beverages,Kavya Kumar,Kolkata,18-24,Regular,FreshMart Kolkata,Supermarket
ORD02433,2024-01-14,C0169,P053,S006,4,120,70,5,480,24.0,456.0,176.0,Wallet,Green Tea Drink,Beverages,Neha Patel,Pune,18-24,Gold,FreshMart Pune,Supermarket
ORD02434,2025-12-04,C0386,P070,S006,2,300,170,15,600,90.0,510.0,170.0,UPI,Razor Pack,Personal Care,Riya Singh,Pune,55+,Regular,FreshMart Pune,Supermarket
ORD02435,2025-12-15,C0328,P043,S006,3,280,170,5,840,42.0,798.0,288.0,UPI,Breakfast Cereal,Groceries & Food,Priya Verma,Pune,25-34,Silver,FreshMart Pune,Supermarket
ORD02436,2024-02-13,C0016,P064,S001,2,80,35,0,160,0.0,160.0,90.0,Cash,Toothbrush,Personal Care,Vivaan Singh,Delhi,35-44,Regular,FreshMart Delhi Central,Supermarket
ORD02437,2024-04-02,C0141,P032,S005,2,200,95,0,400,0.0,400.0,210.0,UPI,Glass Cleaner,Cleaning & Household,Raj Kumar,Chennai,25-34,Regular,FreshMart Chennai,Supermarket
ORD02438,2026-08-01,C0042,P022,S001,1,1500,950,0,1500,0.0,1500.0,550.0,Credit Card,Bathroom Scale,Bathroom Items,Vivaan Verma,Delhi,45-54,Silver,FreshMart Delhi Central,Supermarket
ORD02439,2025-02-22,C0030,P011,S002,1,2500,1700,10,2500,250.0,2250.0,550.0,Debit Card,Pressure Cooker,Kitchen Items,Amit Das,Mumbai,18-24,Silver,FreshMart Mumbai West,Supermarket
ORD02440,2026-06-03,C0070,P070,S003,1,300,170,0,300,0.0,300.0,130.0,Wallet,Razor Pack,Personal Care,Rohan Mehta,Bengaluru,18-24,Regular,FreshMart Bengaluru Hub,Hypermarket
ORD02441,2024-01-16,C0246,P042,S007,1,90,55,0,90,0.0,90.0,35.0,UPI,Pasta,Groceries & Food,Kavya Khan,Kolkata,18-24,Silver,FreshMart Kolkata,Supermarket
ORD02442,2026-05-10,C0252,P075,S001,1,300,170,10,300,30.0,270.0,100.0,UPI,Pet Shampoo,Pet Supplies,Priya Gupta,Delhi,55+,Platinum,FreshMart Delhi Central,Supermarket
ORD02443,2024-08-10,C0092,P023,S004,1,220,100,10,220,22.0,198.0,98.0,UPI,Hand Towel,Bathroom Items,Amit Kumar,Hyderabad,25-34,Regular,FreshMart Hyderabad,Supermarket
ORD02444,2026-12-23,C0265,P063,S002,4,120,70,15,480,72.0,408.0,128.0,Wallet,Toothpaste,Personal Care,Isha Sharma,Mumbai,35-44,Regular,FreshMart Mumbai West,Supermarket
ORD02445,2026-07-16,C0052,P088,S003,1,2000,1300,20,2000,400.0,1600.0,300.0,Credit Card,Blanket,Home & Living,Meera Joshi,Bengaluru,18-24,Platinum,FreshMart Bengaluru Hub,Hypermarket
ORD02446,2026-07-08,C0396,P058,S002,1,40,22,5,40,2.0,38.0,16.0,Debit Card,Soda Water,Beverages,Priya Patel,Mumbai,45-54,Silver,FreshMart Mumbai West,Supermarket
ORD02447,2025-06-16,C0121,P033,S002,2,280,140,15,560,84.0,476.0,196.0,Debit Card,Air Freshener,Cleaning & Household,Priya Gupta,Mumbai,25-34,Platinum,FreshMart Mumbai West,Supermarket
ORD02448,2025-02-05,C0338,P067,S006,1,450,280,0,450,0.0,450.0,170.0,Credit Card,Moisturizer,Personal Care,Aisha Joshi,Pune,55+,Regular,FreshMart Pune,Supermarket
ORD02449,2024-08-24,C0185,P088,S006,3,2000,1300,0,6000,0.0,6000.0,2100.0,UPI,Blanket,Home & Living,Aisha Patel,Pune,55+,Silver,FreshMart Pune,Supermarket
ORD02450,2026-12-28,C0380,P062,S008,1,280,160,5,280,14.0,266.0,106.0,Wallet,Body Wash,Personal Care,Aisha Khan,Ahmedabad,45-54,Gold,FreshMart Ahmedabad,Supermarket
ORD02451,2024-10-24,C0041,P052,S007,2,50,30,0,100,0.0,100.0,40.0,UPI,Cola Drink,Beverages,Neha Patel,Kolkata,45-54,Regular,FreshMart Kolkata,Supermarket
ORD02452,2026-11-07,C0223,P088,S008,2,2000,1300,0,4000,0.0,4000.0,1400.0,Credit Card,Blanket,Home & Living,Vivaan Kumar,Ahmedabad,18-24,Regular,FreshMart Ahmedabad,Supermarket
ORD02453,2026-12-11,C0223,P004,S008,1,1500,900,0,1500,0.0,1500.0,600.0,UPI,Cooking Pot,Kitchen Items,Vivaan Kumar,Ahmedabad,18-24,Regular,FreshMart Ahmedabad,Supermarket
ORD02454,2026-05-25,C0302,P020,S001,2,750,420,10,1500,150.0,1350.0,510.0,UPI,Shower Caddy,Bathroom Items,Riya Khan,Delhi,35-44,Gold,FreshMart Delhi Central,Supermarket
ORD02455,2024-07-02,C0394,P072,S006,2,120,60,5,240,12.0,228.0,108.0,UPI,Cotton Pads,Personal Care,Kabir Das,Pune,55+,Gold,FreshMart Pune,Supermarket
ORD02456,2024-06-13,C0221,P064,S004,2,80,35,0,160,0.0,160.0,90.0,UPI,Toothbrush,Personal Care,Riya Patel,Hyderabad,18-24,Silver,FreshMart Hyderabad,Supermarket
ORD02457,2025-10-02,C0265,P030,S002,3,180,80,10,540,54.0,486.0,246.0,Debit Card,Garbage Bags,Cleaning & Household,Isha Sharma,Mumbai,35-44,Regular,FreshMart Mumbai West,Supermarket
ORD02458,2024-03-03,C0034,P081,S008,1,200,120,0,200,0.0,200.0,80.0,Debit Card,Bird Food,Pet Supplies,Priya Joshi,Ahmedabad,18-24,Regular,FreshMart Ahmedabad,Supermarket
ORD02459,2024-06-15,C0296,P059,S003,1,100,55,0,100,0.0,100.0,45.0,Wallet,Iced Tea,Beverages,Ananya Verma,Bengaluru,35-44,Regular,FreshMart Bengaluru Hub,Hypermarket
ORD02460,2026-01-30,C0137,P002,S008,1,900,520,5,900,45.0,855.0,335.0,Wallet,Chef Knife,Kitchen Items,Amit Joshi,Ahmedabad,45-54,Silver,FreshMart Ahmedabad,Supermarket
ORD02461,2024-11-02,C0396,P011,S002,1,2500,1700,10,2500,250.0,2250.0,550.0,Debit Card,Pressure Cooker,Kitchen Items,Priya Patel,Mumbai,45-54,Silver,FreshMart Mumbai West,Supermarket
ORD02462,2025-08-16,C0225,P041,S003,3,30,20,0,90,0.0,90.0,30.0,UPI,Salt 1kg,Groceries & Food,Riya Mehta,Bengaluru,45-54,Silver,FreshMart Bengaluru Hub,Hypermarket
ORD02463,2026-09-03,C0337,P064,S007,1,80,35,5,80,4.0,76.0,41.0,Debit Card,Toothbrush,Personal Care,Sneha Joshi,Kolkata,35-44,Platinum,FreshMart Kolkata,Supermarket
ORD02464,2025-08-14,C0240,P022,S004,2,1500,950,10,3000,300.0,2700.0,800.0,UPI,Bathroom Scale,Bathroom Items,Arjun Joshi,Hyderabad,55+,Regular,FreshMart Hyderabad,Supermarket
ORD02465,2026-11-04,C0223,P044,S008,1,120,70,5,120,6.0,114.0,44.0,UPI,Biscuits Pack,Groceries & Food,Vivaan Kumar,Ahmedabad,18-24,Regular,FreshMart Ahmedabad,Supermarket
ORD02466,2025-05-18,C0018,P035,S003,1,300,150,5,300,15.0,285.0,135.0,UPI,Bucket,Cleaning & Household,Sneha Joshi,Bengaluru,35-44,Regular,FreshMart Bengaluru Hub,Hypermarket
ORD02467,2025-07-17,C0352,P069,S004,2,220,120,0,440,0.0,440.0,200.0,Credit Card,Hair Oil,Personal Care,Raj Joshi,Hyderabad,55+,Regular,FreshMart Hyderabad,Supermarket
ORD02468,2024-11-01,C0192,P035,S002,2,300,150,20,600,120.0,480.0,180.0,UPI,Bucket,Cleaning & Household,Neha Gupta,Mumbai,45-54,Silver,FreshMart Mumbai West,Supermarket
ORD02469,2025-09-27,C0357,P006,S003,3,650,350,10,1950,195.0,1755.0,705.0,UPI,Mixer Bowl,Kitchen Items,Arjun Singh,Bengaluru,25-34,Silver,FreshMart Bengaluru Hub,Hypermarket
ORD02470,2024-03-21,C0320,P009,S002,2,800,450,0,1600,0.0,1600.0,700.0,UPI,Storage Container Set,Kitchen Items,Amit Kumar,Mumbai,18-24,Regular,FreshMart Mumbai West,Supermarket
ORD02471,2026-07-31,C0328,P043,S006,2,280,170,10,560,56.0,504.0,164.0,UPI,Breakfast Cereal,Groceries & Food,Priya Verma,Pune,25-34,Silver,FreshMart Pune,Supermarket
ORD02472,2026-10-09,C0133,P051,S008,1,160,95,10,160,16.0,144.0,49.0,Wallet,Apple Juice,Beverages,Ananya Gupta,Ahmedabad,25-34,Regular,FreshMart Ahmedabad,Supermarket
ORD02473,2025-06-01,C0214,P074,S005,3,850,600,0,2550,0.0,2550.0,750.0,Credit Card,Cat Food,Pet Supplies,Priya Khan,Chennai,25-34,Regular,FreshMart Chennai,Supermarket
ORD02474,2024-01-11,C0295,P039,S005,1,180,140,10,180,18.0,162.0,22.0,Wallet,Cooking Oil 1L,Groceries & Food,Sneha Kumar,Chennai,55+,Gold,FreshMart Chennai,Supermarket
ORD02475,2026-08-28,C0320,P054,S002,2,110,65,15,220,33.0,187.0,57.0,Credit Card,Energy Drink,Beverages,Amit Kumar,Mumbai,18-24,Regular,FreshMart Mumbai West,Supermarket
ORD02476,2025-01-19,C0164,P039,S001,2,180,140,0,360,0.0,360.0,80.0,UPI,Cooking Oil 1L,Groceries & Food,Kavya Verma,Delhi,45-54,Silver,FreshMart Delhi Central,Supermarket
ORD02477,2024-05-14,C0343,P015,S007,1,350,180,0,350,0.0,350.0,170.0,Debit Card,Soap Dispenser,Bathroom Items,Priya Das,Kolkata,35-44,Silver,FreshMart Kolkata,Supermarket
ORD02478,2026-12-04,C0386,P062,S006,2,280,160,10,560,56.0,504.0,184.0,Credit Card,Body Wash,Personal Care,Riya Singh,Pune,55+,Regular,FreshMart Pune,Supermarket
ORD02479,2025-05-12,C0067,P015,S005,3,350,180,10,1050,105.0,945.0,405.0,UPI,Soap Dispenser,Bathroom Items,Ananya Gupta,Chennai,25-34,Silver,FreshMart Chennai,Supermarket
ORD02480,2026-12-18,C0362,P066,S003,1,300,180,20,300,60.0,240.0,60.0,UPI,Face Wash,Personal Care,Pooja Patel,Bengaluru,55+,Silver,FreshMart Bengaluru Hub,Hypermarket
ORD02481,2024-03-24,C0164,P040,S001,3,55,42,0,165,0.0,165.0,39.0,Wallet,Sugar 1kg,Groceries & Food,Kavya Verma,Delhi,45-54,Silver,FreshMart Delhi Central,Supermarket
ORD02482,2025-12-27,C0113,P045,S007,1,350,220,0,350,0.0,350.0,130.0,Cash,Peanut Butter,Groceries & Food,Aarav Verma,Kolkata,25-34,Gold,FreshMart Kolkata,Supermarket
ORD02483,2025-04-14,C0158,P031,S005,2,120,50,0,240,0.0,240.0,140.0,Credit Card,Cleaning Sponge Pack,Cleaning & Household,Isha Joshi,Chennai,18-24,Regular,FreshMart Chennai,Supermarket
ORD02484,2025-01-27,C0146,P032,S005,4,200,95,15,800,120.0,680.0,300.0,UPI,Glass Cleaner,Cleaning & Household,Riya Gupta,Chennai,18-24,Platinum,FreshMart Chennai,Supermarket
ORD02485,2026-02-11,C0213,P004,S003,1,1500,900,10,1500,150.0,1350.0,450.0,Cash,Cooking Pot,Kitchen Items,Rahul Singh,Bengaluru,55+,Gold,FreshMart Bengaluru Hub,Hypermarket
ORD02486,2026-12-22,C0313,P048,S006,4,450,300,10,1800,180.0,1620.0,420.0,Debit Card,Coffee Pack,Groceries & Food,Amit Joshi,Pune,18-24,Regular,FreshMart Pune,Supermarket
ORD02487,2026-10-22,C0271,P039,S007,3,180,140,0,540,0.0,540.0,120.0,Debit Card,Cooking Oil 1L,Groceries & Food,Aarav Joshi,Kolkata,25-34,Regular,FreshMart Kolkata,Supermarket
ORD02488,2024-05-06,C0119,P024,S004,2,180,85,0,360,0.0,360.0,190.0,UPI,Toothbrush Holder,Bathroom Items,Isha Gupta,Hyderabad,25-34,Regular,FreshMart Hyderabad,Supermarket
ORD02489,2025-08-19,C0240,P049,S004,1,30,15,15,30,4.5,25.5,10.5,UPI,Mineral Water,Beverages,Arjun Joshi,Hyderabad,55+,Regular,FreshMart Hyderabad,Supermarket
ORD02490,2025-12-07,C0262,P062,S004,1,280,160,0,280,0.0,280.0,120.0,Debit Card,Body Wash,Personal Care,Aarav Verma,Hyderabad,45-54,Regular,FreshMart Hyderabad,Supermarket
ORD02491,2025-03-30,C0332,P038,S005,3,300,220,10,900,90.0,810.0,150.0,UPI,Wheat Flour 5kg,Groceries & Food,Kavya Sharma,Chennai,25-34,Regular,FreshMart Chennai,Supermarket
ORD02492,2026-07-20,C0205,P068,S004,2,250,140,10,500,50.0,450.0,170.0,Debit Card,Deodorant,Personal Care,Kavya Kumar,Hyderabad,45-54,Gold,FreshMart Hyderabad,Supermarket
ORD02493,2025-02-10,C0366,P044,S004,1,120,70,0,120,0.0,120.0,50.0,Debit Card,Biscuits Pack,Groceries & Food,Aditya Kumar,Hyderabad,55+,Regular,FreshMart Hyderabad,Supermarket
ORD02494,2024-10-02,C0101,P040,S005,1,55,42,0,55,0.0,55.0,13.0,Cash,Sugar 1kg,Groceries & Food,Aisha Joshi,Chennai,25-34,Gold,FreshMart Chennai,Supermarket
ORD02495,2024-06-06,C0158,P075,S005,4,300,170,15,1200,180.0,1020.0,340.0,Credit Card,Pet Shampoo,Pet Supplies,Isha Joshi,Chennai,18-24,Regular,FreshMart Chennai,Supermarket
ORD02496,2025-11-01,C0323,P041,S007,1,30,20,20,30,6.0,24.0,4.0,Cash,Salt 1kg,Groceries & Food,Rohan Kumar,Kolkata,18-24,Silver,FreshMart Kolkata,Supermarket
ORD02497,2026-12-10,C0114,P065,S005,1,140,70,0,140,0.0,140.0,70.0,Cash,Hand Wash,Personal Care,Rahul Sharma,Chennai,45-54,Regular,FreshMart Chennai,Supermarket
ORD02498,2024-03-01,C0237,P091,S006,2,250,110,0,500,0.0,500.0,280.0,Credit Card,Cushion Cover,Home & Living,Amit Das,Pune,18-24,Regular,FreshMart Pune,Supermarket
ORD02499,2026-12-08,C0064,P042,S005,1,90,55,0,90,0.0,90.0,35.0,Credit Card,Pasta,Groceries & Food,Riya Gupta,Chennai,35-44,Silver,FreshMart Chennai,Supermarket
ORD02500,2025-06-24,C0057,P062,S005,2,280,160,10,560,56.0,504.0,184.0,Credit Card,Body Wash,Personal Care,Ananya Singh,Chennai,45-54,Regular,FreshMart Chennai,Supermarket
ORD02501,2026-04-30,C0396,P094,S002,4,350,170,15,1400,210.0,1190.0,510.0,Debit Card,Clothes Hanger Set,Home & Living,Priya Patel,Mumbai,45-54,Silver,FreshMart Mumbai West,Supermarket
ORD02502,2025-10-08,C0319,P045,S007,1,350,220,5,350,17.5,332.5,112.5,Cash,Peanut Butter,Groceries & Food,Riya Das,Kolkata,18-24,Silver,FreshMart Kolkata,Supermarket
ORD02503,2025-08-10,C0178,P077,S008,1,220,100,0,220,0.0,220.0,120.0,UPI,Cat Toy,Pet Supplies,Amit Verma,Ahmedabad,18-24,Silver,FreshMart Ahmedabad,Supermarket
ORD02504,2025-12-03,C0025,P041,S005,2,30,20,10,60,6.0,54.0,14.0,Credit Card,Salt 1kg,Groceries & Food,Ananya Verma,Chennai,45-54,Regular,FreshMart Chennai,Supermarket
ORD02505,2024-11-18,C0154,P014,S007,2,700,380,5,1400,70.0,1330.0,570.0,UPI,Shower Curtain,Bathroom Items,Kavya Kumar,Kolkata,35-44,Silver,FreshMart Kolkata,Supermarket
ORD02506,2025-11-17,C0240,P046,S004,1,400,260,0,400,0.0,400.0,140.0,UPI,Honey,Groceries & Food,Arjun Joshi,Hyderabad,55+,Regular,FreshMart Hyderabad,Supermarket
ORD02507,2025-08-25,C0236,P061,S001,1,350,200,5,350,17.5,332.5,132.5,Wallet,Shampoo,Personal Care,Aarav Gupta,Delhi,35-44,Silver,FreshMart Delhi Central,Supermarket
ORD02508,2026-01-21,C0239,P002,S008,2,900,520,10,1800,180.0,1620.0,580.0,UPI,Chef Knife,Kitchen Items,Aditya Joshi,Ahmedabad,35-44,Regular,FreshMart Ahmedabad,Supermarket
ORD02509,2026-03-20,C0122,P043,S001,1,280,170,20,280,56.0,224.0,54.0,Debit Card,Breakfast Cereal,Groceries & Food,Arjun Das,Delhi,35-44,Silver,FreshMart Delhi Central,Supermarket
ORD02510,2024-07-15,C0282,P037,S008,1,650,500,0,650,0.0,650.0,150.0,Debit Card,Basmati Rice 5kg,Groceries & Food,Aditya Gupta,Ahmedabad,45-54,Silver,FreshMart Ahmedabad,Supermarket
ORD02511,2024-03-27,C0302,P005,S001,4,300,150,15,1200,180.0,1020.0,420.0,UPI,Spatula Set,Kitchen Items,Riya Khan,Delhi,35-44,Gold,FreshMart Delhi Central,Supermarket
ORD02512,2026-01-09,C0299,P080,S005,1,1800,1200,15,1800,270.0,1530.0,330.0,UPI,Pet Bed,Pet Supplies,Aarav Patel,Chennai,25-34,Platinum,FreshMart Chennai,Supermarket
ORD02513,2024-02-25,C0243,P075,S002,1,300,170,10,300,30.0,270.0,100.0,UPI,Pet Shampoo,Pet Supplies,Kavya Verma,Mumbai,35-44,Silver,FreshMart Mumbai West,Supermarket
ORD02514,2025-03-11,C0059,P096,S002,1,500,260,0,500,0.0,500.0,240.0,UPI,Desk Organizer,Home & Living,Isha Das,Mumbai,18-24,Regular,FreshMart Mumbai West,Supermarket
ORD02515,2025-11-25,C0382,P086,S006,2,1500,900,0,3000,0.0,3000.0,1200.0,Credit Card,Bed Sheet,Home & Living,Amit Singh,Pune,18-24,Regular,FreshMart Pune,Supermarket
ORD02516,2026-09-20,C0225,P037,S003,1,650,500,5,650,32.5,617.5,117.5,Wallet,Basmati Rice 5kg,Groceries & Food,Riya Mehta,Bengaluru,45-54,Silver,FreshMart Bengaluru Hub,Hypermarket
ORD02517,2026-12-10,C0297,P058,S002,1,40,22,20,40,8.0,32.0,10.0,UPI,Soda Water,Beverages,Sneha Gupta,Mumbai,35-44,Silver,FreshMart Mumbai West,Supermarket
ORD02518,2024-01-11,C0160,P034,S007,3,250,120,20,750,150.0,600.0,240.0,Debit Card,Disinfectant Spray,Cleaning & Household,Meera Singh,Kolkata,18-24,Regular,FreshMart Kolkata,Supermarket
ORD02519,2025-05-01,C0086,P044,S003,2,120,70,10,240,24.0,216.0,76.0,Credit Card,Biscuits Pack,Groceries & Food,Kabir Khan,Bengaluru,25-34,Regular,FreshMart Bengaluru Hub,Hypermarket
ORD02520,2024-10-06,C0292,P093,S003,1,450,250,5,450,22.5,427.5,177.5,Credit Card,Doormat,Home & Living,Kavya Joshi,Bengaluru,35-44,Regular,FreshMart Bengaluru Hub,Hypermarket
ORD02521,2024-07-28,C0079,P022,S005,2,1500,950,5,3000,150.0,2850.0,950.0,Debit Card,Bathroom Scale,Bathroom Items,Aarav Verma,Chennai,25-34,Silver,FreshMart Chennai,Supermarket
ORD02522,2024-04-07,C0177,P055,S001,2,90,50,20,180,36.0,144.0,44.0,Credit Card,Cold Coffee,Beverages,Rahul Kumar,Delhi,55+,Regular,FreshMart Delhi Central,Supermarket
ORD02523,2025-08-15,C0381,P007,S002,1,450,220,0,450,0.0,450.0,230.0,UPI,Water Bottle,Kitchen Items,Aisha Sharma,Mumbai,45-54,Regular,FreshMart Mumbai West,Supermarket
ORD02524,2025-06-06,C0351,P085,S007,2,1200,700,0,2400,0.0,2400.0,1000.0,Debit Card,Table Lamp,Home & Living,Rahul Joshi,Kolkata,55+,Regular,FreshMart Kolkata,Supermarket
ORD02525,2026-05-11,C0390,P062,S007,3,280,160,5,840,42.0,798.0,318.0,UPI,Body Wash,Personal Care,Rohan Singh,Kolkata,55+,Regular,FreshMart Kolkata,Supermarket
ORD02526,2025-08-30,C0315,P063,S004,3,120,70,5,360,18.0,342.0,132.0,Debit Card,Toothpaste,Personal Care,Aditya Patel,Hyderabad,18-24,Regular,FreshMart Hyderabad,Supermarket
ORD02527,2026-07-23,C0140,P070,S006,1,300,170,5,300,15.0,285.0,115.0,UPI,Razor Pack,Personal Care,Priya Mehta,Pune,35-44,Silver,FreshMart Pune,Supermarket
ORD02528,2026-02-25,C0143,P069,S004,2,220,120,5,440,22.0,418.0,178.0,UPI,Hair Oil,Personal Care,Rahul Singh,Hyderabad,45-54,Regular,FreshMart Hyderabad,Supermarket
ORD02529,2025-08-25,C0330,P054,S003,1,110,65,5,110,5.5,104.5,39.5,UPI,Energy Drink,Beverages,Riya Patel,Bengaluru,45-54,Platinum,FreshMart Bengaluru Hub,Hypermarket
ORD02530,2025-02-02,C0251,P060,S007,4,70,40,15,280,42.0,238.0,78.0,UPI,Coconut Water,Beverages,Aditya Verma,Kolkata,18-24,Silver,FreshMart Kolkata,Supermarket
ORD02531,2025-04-01,C0306,P071,S008,1,180,100,0,180,0.0,180.0,80.0,Wallet,Sanitary Pads,Personal Care,Amit Kumar,Ahmedabad,25-34,Regular,FreshMart Ahmedabad,Supermarket
ORD02532,2024-04-22,C0154,P046,S007,1,400,260,10,400,40.0,360.0,100.0,Wallet,Honey,Groceries & Food,Kavya Kumar,Kolkata,35-44,Silver,FreshMart Kolkata,Supermarket
ORD02533,2026-03-26,C0080,P042,S002,2,90,55,5,180,9.0,171.0,61.0,Credit Card,Pasta,Groceries & Food,Raj Sharma,Mumbai,55+,Regular,FreshMart Mumbai West,Supermarket
ORD02534,2026-06-24,C0010,P088,S004,1,2000,1300,0,2000,0.0,2000.0,700.0,Credit Card,Blanket,Home & Living,Isha Patel,Hyderabad,18-24,Regular,FreshMart Hyderabad,Supermarket
ORD02535,2025-04-12,C0177,P093,S001,2,450,250,0,900,0.0,900.0,400.0,Debit Card,Doormat,Home & Living,Rahul Kumar,Delhi,55+,Regular,FreshMart Delhi Central,Supermarket
ORD02536,2026-01-10,C0058,P057,S006,2,140,80,15,280,42.0,238.0,78.0,Credit Card,Mango Juice,Beverages,Kabir Joshi,Pune,18-24,Regular,FreshMart Pune,Supermarket
ORD02537,2024-02-05,C0150,P054,S002,3,110,65,20,330,66.0,264.0,69.0,Cash,Energy Drink,Beverages,Aisha Verma,Mumbai,45-54,Regular,FreshMart Mumbai West,Supermarket
ORD02538,2026-04-14,C0294,P094,S002,3,350,170,0,1050,0.0,1050.0,540.0,UPI,Clothes Hanger Set,Home & Living,Vivaan Patel,Mumbai,35-44,Regular,FreshMart Mumbai West,Supermarket
ORD02539,2026-06-08,C0105,P054,S002,1,110,65,5,110,5.5,104.5,39.5,Cash,Energy Drink,Beverages,Rohan Singh,Mumbai,45-54,Regular,FreshMart Mumbai West,Supermarket
ORD02540,2026-01-04,C0012,P016,S008,2,650,360,0,1300,0.0,1300.0,580.0,Debit Card,Bathroom Mat,Bathroom Items,Sneha Kumar,Ahmedabad,35-44,Regular,FreshMart Ahmedabad,Supermarket
ORD02541,2026-02-22,C0369,P001,S001,2,1200,750,0,2400,0.0,2400.0,900.0,Debit Card,Frying Pan,Kitchen Items,Isha Patel,Delhi,18-24,Regular,FreshMart Delhi Central,Supermarket
ORD02542,2025-03-19,C0366,P091,S004,1,250,110,5,250,12.5,237.5,127.5,Credit Card,Cushion Cover,Home & Living,Aditya Kumar,Hyderabad,55+,Regular,FreshMart Hyderabad,Supermarket
ORD02543,2024-10-25,C0380,P052,S008,3,50,30,0,150,0.0,150.0,60.0,UPI,Cola Drink,Beverages,Aisha Khan,Ahmedabad,45-54,Gold,FreshMart Ahmedabad,Supermarket
ORD02544,2024-09-03,C0107,P085,S001,1,1200,700,0,1200,0.0,1200.0,500.0,UPI,Table Lamp,Home & Living,Neha Mehta,Delhi,55+,Regular,FreshMart Delhi Central,Supermarket
ORD02545,2025-05-07,C0102,P047,S008,2,250,150,10,500,50.0,450.0,150.0,Cash,Tea Pack,Groceries & Food,Raj Khan,Ahmedabad,25-34,Regular,FreshMart Ahmedabad,Supermarket
ORD02546,2024-03-24,C0117,P028,S006,3,350,180,10,1050,105.0,945.0,405.0,UPI,Broom,Cleaning & Household,Riya Sharma,Pune,25-34,Silver,FreshMart Pune,Supermarket
ORD02547,2024-01-03,C0010,P072,S004,1,120,60,15,120,18.0,102.0,42.0,Credit Card,Cotton Pads,Personal Care,Isha Patel,Hyderabad,18-24,Regular,FreshMart Hyderabad,Supermarket
ORD02548,2026-03-08,C0361,P044,S006,1,120,70,0,120,0.0,120.0,50.0,Cash,Biscuits Pack,Groceries & Food,Aditya Gupta,Pune,18-24,Regular,FreshMart Pune,Supermarket
ORD02549,2026-10-28,C0357,P069,S003,1,220,120,0,220,0.0,220.0,100.0,Credit Card,Hair Oil,Personal Care,Arjun Singh,Bengaluru,25-34,Silver,FreshMart Bengaluru Hub,Hypermarket
ORD02550,2024-02-22,C0108,P067,S005,1,450,280,0,450,0.0,450.0,170.0,Credit Card,Moisturizer,Personal Care,Aarav Patel,Chennai,45-54,Gold,FreshMart Chennai,Supermarket
ORD02551,2025-07-25,C0084,P059,S006,1,100,55,5,100,5.0,95.0,40.0,UPI,Iced Tea,Beverages,Ananya Das,Pune,18-24,Silver,FreshMart Pune,Supermarket
ORD02552,2024-04-21,C0084,P066,S006,2,300,180,10,600,60.0,540.0,180.0,Cash,Face Wash,Personal Care,Ananya Das,Pune,18-24,Silver,FreshMart Pune,Supermarket
ORD02553,2026-06-26,C0189,P043,S003,2,280,170,5,560,28.0,532.0,192.0,UPI,Breakfast Cereal,Groceries & Food,Sneha Mehta,Bengaluru,45-54,Platinum,FreshMart Bengaluru Hub,Hypermarket
ORD02554,2025-07-27,C0316,P040,S003,1,55,42,15,55,8.25,46.75,4.75,Credit Card,Sugar 1kg,Groceries & Food,Arjun Patel,Bengaluru,25-34,Regular,FreshMart Bengaluru Hub,Hypermarket
ORD02555,2026-03-11,C0145,P056,S006,1,60,35,10,60,6.0,54.0,19.0,Credit Card,Lemon Drink,Beverages,Kabir Singh,Pune,25-34,Regular,FreshMart Pune,Supermarket
ORD02556,2026-04-05,C0050,P022,S004,3,1500,950,0,4500,0.0,4500.0,1650.0,UPI,Bathroom Scale,Bathroom Items,Aisha Gupta,Hyderabad,35-44,Regular,FreshMart Hyderabad,Supermarket
ORD02557,2024-02-09,C0011,P015,S002,2,350,180,0,700,0.0,700.0,340.0,Cash,Soap Dispenser,Bathroom Items,Amit Kumar,Mumbai,25-34,Gold,FreshMart Mumbai West,Supermarket
ORD02558,2026-08-29,C0235,P072,S005,4,120,60,15,480,72.0,408.0,168.0,Wallet,Cotton Pads,Personal Care,Rohan Gupta,Chennai,25-34,Regular,FreshMart Chennai,Supermarket
ORD02559,2024-05-16,C0203,P055,S005,3,90,50,0,270,0.0,270.0,120.0,UPI,Cold Coffee,Beverages,Aarav Joshi,Chennai,55+,Regular,FreshMart Chennai,Supermarket
ORD02560,2026-12-28,C0289,P045,S006,5,350,220,0,1750,0.0,1750.0,650.0,Credit Card,Peanut Butter,Groceries & Food,Meera Singh,Pune,55+,Regular,FreshMart Pune,Supermarket
ORD02561,2024-09-28,C0374,P006,S003,4,650,350,0,2600,0.0,2600.0,1200.0,Debit Card,Mixer Bowl,Kitchen Items,Ananya Das,Bengaluru,35-44,Gold,FreshMart Bengaluru Hub,Hypermarket
ORD02562,2025-12-07,C0354,P017,S008,1,250,130,5,250,12.5,237.5,107.5,Wallet,Toilet Brush,Bathroom Items,Kavya Gupta,Ahmedabad,18-24,Gold,FreshMart Ahmedabad,Supermarket
ORD02563,2025-02-23,C0040,P043,S007,3,280,170,15,840,126.0,714.0,204.0,UPI,Breakfast Cereal,Groceries & Food,Amit Joshi,Kolkata,25-34,Regular,FreshMart Kolkata,Supermarket
ORD02564,2024-10-15,C0251,P017,S007,1,250,130,0,250,0.0,250.0,120.0,Cash,Toilet Brush,Bathroom Items,Aditya Verma,Kolkata,18-24,Silver,FreshMart Kolkata,Supermarket
ORD02565,2025-12-03,C0386,P095,S006,2,600,320,20,1200,240.0,960.0,320.0,UPI,Storage Box,Home & Living,Riya Singh,Pune,55+,Regular,FreshMart Pune,Supermarket
ORD02566,2026-07-05,C0321,P035,S002,1,300,150,10,300,30.0,270.0,120.0,UPI,Bucket,Cleaning & Household,Isha Joshi,Mumbai,18-24,Gold,FreshMart Mumbai West,Supermarket
ORD02567,2024-04-10,C0147,P029,S003,2,650,380,0,1300,0.0,1300.0,540.0,Credit Card,Mop,Cleaning & Household,Riya Kumar,Bengaluru,45-54,Regular,FreshMart Bengaluru Hub,Hypermarket
ORD02568,2026-03-21,C0114,P007,S005,1,450,220,0,450,0.0,450.0,230.0,Cash,Water Bottle,Kitchen Items,Rahul Sharma,Chennai,45-54,Regular,FreshMart Chennai,Supermarket
ORD02569,2025-08-06,C0067,P045,S005,5,350,220,0,1750,0.0,1750.0,650.0,UPI,Peanut Butter,Groceries & Food,Ananya Gupta,Chennai,25-34,Silver,FreshMart Chennai,Supermarket
ORD02570,2024-07-27,C0214,P032,S005,1,200,95,5,200,10.0,190.0,95.0,Wallet,Glass Cleaner,Cleaning & Household,Priya Khan,Chennai,25-34,Regular,FreshMart Chennai,Supermarket
ORD02571,2026-10-20,C0370,P087,S004,1,700,400,0,700,0.0,700.0,300.0,UPI,Pillow,Home & Living,Meera Kumar,Hyderabad,55+,Regular,FreshMart Hyderabad,Supermarket
ORD02572,2024-07-07,C0382,P013,S006,3,500,280,15,1500,225.0,1275.0,435.0,Credit Card,Bath Towel,Bathroom Items,Amit Singh,Pune,18-24,Regular,FreshMart Pune,Supermarket
ORD02573,2024-07-28,C0169,P063,S006,2,120,70,0,240,0.0,240.0,100.0,Wallet,Toothpaste,Personal Care,Neha Patel,Pune,18-24,Gold,FreshMart Pune,Supermarket
ORD02574,2025-11-27,C0335,P037,S006,2,650,500,10,1300,130.0,1170.0,170.0,Credit Card,Basmati Rice 5kg,Groceries & Food,Karan Kumar,Pune,18-24,Gold,FreshMart Pune,Supermarket
ORD02575,2026-05-22,C0144,P031,S005,3,120,50,0,360,0.0,360.0,210.0,Cash,Cleaning Sponge Pack,Cleaning & Household,Meera Khan,Chennai,18-24,Gold,FreshMart Chennai,Supermarket
ORD02576,2024-08-23,C0232,P029,S004,3,650,380,0,1950,0.0,1950.0,810.0,Debit Card,Mop,Cleaning & Household,Rohan Das,Hyderabad,18-24,Gold,FreshMart Hyderabad,Supermarket
ORD02577,2024-02-29,C0140,P028,S006,1,350,180,5,350,17.5,332.5,152.5,Credit Card,Broom,Cleaning & Household,Priya Mehta,Pune,35-44,Silver,FreshMart Pune,Supermarket
ORD02578,2026-10-06,C0141,P063,S005,2,120,70,10,240,24.0,216.0,76.0,Credit Card,Toothpaste,Personal Care,Raj Kumar,Chennai,25-34,Regular,FreshMart Chennai,Supermarket
ORD02579,2024-08-31,C0360,P049,S007,2,30,15,10,60,6.0,54.0,24.0,Credit Card,Mineral Water,Beverages,Aisha Khan,Kolkata,45-54,Gold,FreshMart Kolkata,Supermarket
ORD02580,2025-04-28,C0174,P088,S008,4,2000,1300,5,8000,400.0,7600.0,2400.0,Cash,Blanket,Home & Living,Pooja Patel,Ahmedabad,45-54,Silver,FreshMart Ahmedabad,Supermarket
ORD02581,2024-02-01,C0040,P079,S007,1,500,280,0,500,0.0,500.0,220.0,Credit Card,Pet Leash,Pet Supplies,Amit Joshi,Kolkata,25-34,Regular,FreshMart Kolkata,Supermarket
ORD02582,2024-12-20,C0286,P011,S001,1,2500,1700,10,2500,250.0,2250.0,550.0,UPI,Pressure Cooker,Kitchen Items,Kavya Joshi,Delhi,18-24,Regular,FreshMart Delhi Central,Supermarket
ORD02583,2026-01-19,C0081,P039,S002,1,180,140,0,180,0.0,180.0,40.0,Wallet,Cooking Oil 1L,Groceries & Food,Ananya Mehta,Mumbai,45-54,Gold,FreshMart Mumbai West,Supermarket
ORD02584,2025-06-26,C0044,P091,S003,1,250,110,0,250,0.0,250.0,140.0,UPI,Cushion Cover,Home & Living,Rohan Mehta,Bengaluru,35-44,Regular,FreshMart Bengaluru Hub,Hypermarket
ORD02585,2024-12-13,C0283,P051,S006,1,160,95,5,160,8.0,152.0,57.0,Wallet,Apple Juice,Beverages,Meera Joshi,Pune,35-44,Regular,FreshMart Pune,Supermarket
ORD02586,2024-03-21,C0193,P072,S007,2,120,60,5,240,12.0,228.0,108.0,Debit Card,Cotton Pads,Personal Care,Raj Patel,Kolkata,18-24,Gold,FreshMart Kolkata,Supermarket
ORD02587,2025-08-14,C0242,P032,S007,3,200,95,15,600,90.0,510.0,225.0,Wallet,Glass Cleaner,Cleaning & Household,Aisha Mehta,Kolkata,18-24,Regular,FreshMart Kolkata,Supermarket
ORD02588,2024-03-18,C0328,P019,S006,3,900,500,10,2700,270.0,2430.0,930.0,Wallet,Towel Rack,Bathroom Items,Priya Verma,Pune,25-34,Silver,FreshMart Pune,Supermarket
ORD02589,2025-04-15,C0018,P060,S003,2,70,40,5,140,7.0,133.0,53.0,Wallet,Coconut Water,Beverages,Sneha Joshi,Bengaluru,35-44,Regular,FreshMart Bengaluru Hub,Hypermarket
ORD02590,2025-05-28,C0089,P055,S006,2,90,50,0,180,0.0,180.0,80.0,UPI,Cold Coffee,Beverages,Meera Das,Pune,45-54,Regular,FreshMart Pune,Supermarket
ORD02591,2025-11-22,C0307,P078,S008,2,350,180,5,700,35.0,665.0,305.0,UPI,Pet Bowl,Pet Supplies,Meera Joshi,Ahmedabad,35-44,Silver,FreshMart Ahmedabad,Supermarket
ORD02592,2025-12-11,C0055,P003,S002,2,350,180,5,700,35.0,665.0,305.0,Cash,Cutting Board,Kitchen Items,Isha Sharma,Mumbai,45-54,Silver,FreshMart Mumbai West,Supermarket
ORD02593,2026-06-22,C0056,P095,S006,1,600,320,15,600,90.0,510.0,190.0,UPI,Storage Box,Home & Living,Meera Khan,Pune,35-44,Regular,FreshMart Pune,Supermarket
ORD02594,2026-07-05,C0143,P040,S004,1,55,42,0,55,0.0,55.0,13.0,Debit Card,Sugar 1kg,Groceries & Food,Rahul Singh,Hyderabad,45-54,Regular,FreshMart Hyderabad,Supermarket
ORD02595,2024-02-23,C0055,P060,S002,4,70,40,5,280,14.0,266.0,106.0,UPI,Coconut Water,Beverages,Isha Sharma,Mumbai,45-54,Silver,FreshMart Mumbai West,Supermarket
ORD02596,2024-05-10,C0359,P006,S002,2,650,350,10,1300,130.0,1170.0,470.0,Credit Card,Mixer Bowl,Kitchen Items,Riya Gupta,Mumbai,18-24,Regular,FreshMart Mumbai West,Supermarket
ORD02597,2026-10-05,C0072,P055,S007,1,90,50,5,90,4.5,85.5,35.5,Wallet,Cold Coffee,Beverages,Priya Khan,Kolkata,55+,Silver,FreshMart Kolkata,Supermarket
ORD02598,2024-11-11,C0218,P043,S008,1,280,170,5,280,14.0,266.0,96.0,UPI,Breakfast Cereal,Groceries & Food,Riya Verma,Ahmedabad,35-44,Silver,FreshMart Ahmedabad,Supermarket
ORD02599,2024-03-19,C0133,P086,S008,3,1500,900,5,4500,225.0,4275.0,1575.0,Debit Card,Bed Sheet,Home & Living,Ananya Gupta,Ahmedabad,25-34,Regular,FreshMart Ahmedabad,Supermarket
ORD02600,2025-01-16,C0246,P011,S007,2,2500,1700,10,5000,500.0,4500.0,1100.0,UPI,Pressure Cooker,Kitchen Items,Kavya Khan,Kolkata,18-24,Silver,FreshMart Kolkata,Supermarket
ORD02601,2024-03-02,C0206,P058,S007,2,40,22,15,80,12.0,68.0,24.0,Debit Card,Soda Water,Beverages,Arjun Singh,Kolkata,55+,Regular,FreshMart Kolkata,Supermarket
ORD02602,2025-11-10,C0007,P039,S002,2,180,140,0,360,0.0,360.0,80.0,UPI,Cooking Oil 1L,Groceries & Food,Ananya Verma,Mumbai,45-54,Regular,FreshMart Mumbai West,Supermarket
ORD02603,2024-12-26,C0205,P028,S004,1,350,180,0,350,0.0,350.0,170.0,UPI,Broom,Cleaning & Household,Kavya Kumar,Hyderabad,45-54,Gold,FreshMart Hyderabad,Supermarket
ORD02604,2026-03-16,C0263,P089,S006,2,800,450,0,1600,0.0,1600.0,700.0,UPI,Wall Clock,Home & Living,Ananya Gupta,Pune,35-44,Silver,FreshMart Pune,Supermarket
ORD02605,2025-08-25,C0319,P063,S007,1,120,70,0,120,0.0,120.0,50.0,Wallet,Toothpaste,Personal Care,Riya Das,Kolkata,18-24,Silver,FreshMart Kolkata,Supermarket
ORD02606,2025-07-05,C0254,P051,S005,3,160,95,10,480,48.0,432.0,147.0,UPI,Apple Juice,Beverages,Neha Sharma,Chennai,55+,Regular,FreshMart Chennai,Supermarket
ORD02607,2024-07-30,C0306,P095,S008,1,600,320,0,600,0.0,600.0,280.0,UPI,Storage Box,Home & Living,Amit Kumar,Ahmedabad,25-34,Regular,FreshMart Ahmedabad,Supermarket
ORD02608,2025-11-13,C0027,P052,S004,2,50,30,15,100,15.0,85.0,25.0,UPI,Cola Drink,Beverages,Kabir Khan,Hyderabad,25-34,Regular,FreshMart Hyderabad,Supermarket
ORD02609,2026-03-07,C0345,P089,S003,1,800,450,5,800,40.0,760.0,310.0,Credit Card,Wall Clock,Home & Living,Rahul Sharma,Bengaluru,55+,Silver,FreshMart Bengaluru Hub,Hypermarket
ORD02610,2025-03-31,C0209,P058,S006,1,40,22,5,40,2.0,38.0,16.0,Debit Card,Soda Water,Beverages,Amit Das,Pune,25-34,Silver,FreshMart Pune,Supermarket
ORD02611,2026-12-30,C0244,P024,S005,1,180,85,0,180,0.0,180.0,95.0,Wallet,Toothbrush Holder,Bathroom Items,Aditya Gupta,Chennai,55+,Silver,FreshMart Chennai,Supermarket
ORD02612,2025-06-22,C0336,P038,S002,4,300,220,15,1200,180.0,1020.0,140.0,Credit Card,Wheat Flour 5kg,Groceries & Food,Ananya Kumar,Mumbai,35-44,Regular,FreshMart Mumbai West,Supermarket
ORD02613,2025-10-18,C0377,P011,S008,3,2500,1700,0,7500,0.0,7500.0,2400.0,UPI,Pressure Cooker,Kitchen Items,Arjun Kumar,Ahmedabad,25-34,Regular,FreshMart Ahmedabad,Supermarket
ORD02614,2025-09-19,C0105,P007,S002,2,450,220,0,900,0.0,900.0,460.0,Debit Card,Water Bottle,Kitchen Items,Rohan Singh,Mumbai,45-54,Regular,FreshMart Mumbai West,Supermarket
ORD02615,2024-06-01,C0174,P046,S008,4,400,260,0,1600,0.0,1600.0,560.0,Credit Card,Honey,Groceries & Food,Pooja Patel,Ahmedabad,45-54,Silver,FreshMart Ahmedabad,Supermarket
ORD02616,2024-04-06,C0282,P046,S008,1,400,260,10,400,40.0,360.0,100.0,UPI,Honey,Groceries & Food,Aditya Gupta,Ahmedabad,45-54,Silver,FreshMart Ahmedabad,Supermarket
ORD02617,2024-03-18,C0153,P029,S004,1,650,380,0,650,0.0,650.0,270.0,UPI,Mop,Cleaning & Household,Neha Das,Hyderabad,55+,Regular,FreshMart Hyderabad,Supermarket
ORD02618,2025-08-24,C0150,P002,S002,2,900,520,0,1800,0.0,1800.0,760.0,UPI,Chef Knife,Kitchen Items,Aisha Verma,Mumbai,45-54,Regular,FreshMart Mumbai West,Supermarket
ORD02619,2024-12-21,C0196,P022,S002,3,1500,950,10,4500,450.0,4050.0,1200.0,Credit Card,Bathroom Scale,Bathroom Items,Kabir Singh,Mumbai,45-54,Platinum,FreshMart Mumbai West,Supermarket
ORD02620,2026-11-24,C0061,P080,S005,1,1800,1200,0,1800,0.0,1800.0,600.0,UPI,Pet Bed,Pet Supplies,Amit Patel,Chennai,25-34,Regular,FreshMart Chennai,Supermarket
ORD02621,2024-11-02,C0005,P052,S005,2,50,30,0,100,0.0,100.0,40.0,Wallet,Cola Drink,Beverages,Kavya Das,Chennai,18-24,Silver,FreshMart Chennai,Supermarket
ORD02622,2024-03-13,C0072,P070,S007,3,300,170,0,900,0.0,900.0,390.0,UPI,Razor Pack,Personal Care,Priya Khan,Kolkata,55+,Silver,FreshMart Kolkata,Supermarket
ORD02623,2024-09-06,C0099,P038,S006,2,300,220,5,600,30.0,570.0,130.0,Credit Card,Wheat Flour 5kg,Groceries & Food,Riya Das,Pune,45-54,Silver,FreshMart Pune,Supermarket
ORD02624,2024-09-26,C0376,P054,S002,3,110,65,0,330,0.0,330.0,135.0,UPI,Energy Drink,Beverages,Pooja Khan,Mumbai,35-44,Regular,FreshMart Mumbai West,Supermarket
ORD02625,2026-11-19,C0356,P035,S003,3,300,150,0,900,0.0,900.0,450.0,UPI,Bucket,Cleaning & Household,Kabir Gupta,Bengaluru,35-44,Regular,FreshMart Bengaluru Hub,Hypermarket
ORD02626,2025-11-08,C0389,P014,S006,4,700,380,10,2800,280.0,2520.0,1000.0,Credit Card,Shower Curtain,Bathroom Items,Sneha Patel,Pune,55+,Gold,FreshMart Pune,Supermarket
ORD02627,2026-11-03,C0381,P094,S002,3,350,170,5,1050,52.5,997.5,487.5,UPI,Clothes Hanger Set,Home & Living,Aisha Sharma,Mumbai,45-54,Regular,FreshMart Mumbai West,Supermarket
ORD02628,2024-10-10,C0341,P078,S005,1,350,180,0,350,0.0,350.0,170.0,Debit Card,Pet Bowl,Pet Supplies,Ananya Kumar,Chennai,45-54,Silver,FreshMart Chennai,Supermarket
ORD02629,2025-11-26,C0160,P052,S007,1,50,30,0,50,0.0,50.0,20.0,Cash,Cola Drink,Beverages,Meera Singh,Kolkata,18-24,Regular,FreshMart Kolkata,Supermarket
ORD02630,2025-08-12,C0265,P068,S002,1,250,140,0,250,0.0,250.0,110.0,Wallet,Deodorant,Personal Care,Isha Sharma,Mumbai,35-44,Regular,FreshMart Mumbai West,Supermarket
ORD02631,2024-06-18,C0354,P094,S008,3,350,170,0,1050,0.0,1050.0,540.0,UPI,Clothes Hanger Set,Home & Living,Kavya Gupta,Ahmedabad,18-24,Gold,FreshMart Ahmedabad,Supermarket
ORD02632,2024-01-13,C0257,P021,S004,3,1000,600,0,3000,0.0,3000.0,1200.0,Cash,Laundry Basket,Bathroom Items,Raj Das,Hyderabad,45-54,Gold,FreshMart Hyderabad,Supermarket
ORD02633,2025-04-15,C0266,P047,S008,2,250,150,15,500,75.0,425.0,125.0,UPI,Tea Pack,Groceries & Food,Neha Joshi,Ahmedabad,45-54,Regular,FreshMart Ahmedabad,Supermarket
ORD02634,2024-08-25,C0107,P030,S001,3,180,80,15,540,81.0,459.0,219.0,UPI,Garbage Bags,Cleaning & Household,Neha Mehta,Delhi,55+,Regular,FreshMart Delhi Central,Supermarket
ORD02635,2025-11-27,C0354,P007,S008,2,450,220,5,900,45.0,855.0,415.0,Credit Card,Water Bottle,Kitchen Items,Kavya Gupta,Ahmedabad,18-24,Gold,FreshMart Ahmedabad,Supermarket
ORD02636,2024-07-24,C0047,P065,S004,1,140,70,0,140,0.0,140.0,70.0,Credit Card,Hand Wash,Personal Care,Aisha Joshi,Hyderabad,45-54,Gold,FreshMart Hyderabad,Supermarket
ORD02637,2026-03-01,C0379,P049,S006,2,30,15,20,60,12.0,48.0,18.0,Credit Card,Mineral Water,Beverages,Rahul Patel,Pune,25-34,Silver,FreshMart Pune,Supermarket
ORD02638,2025-03-30,C0089,P047,S006,1,250,150,15,250,37.5,212.5,62.5,Debit Card,Tea Pack,Groceries & Food,Meera Das,Pune,45-54,Regular,FreshMart Pune,Supermarket
ORD02639,2025-08-22,C0337,P071,S007,2,180,100,0,360,0.0,360.0,160.0,UPI,Sanitary Pads,Personal Care,Sneha Joshi,Kolkata,35-44,Platinum,FreshMart Kolkata,Supermarket
ORD02640,2026-11-21,C0153,P037,S004,2,650,500,15,1300,195.0,1105.0,105.0,UPI,Basmati Rice 5kg,Groceries & Food,Neha Das,Hyderabad,55+,Regular,FreshMart Hyderabad,Supermarket
ORD02641,2024-05-22,C0171,P085,S001,2,1200,700,10,2400,240.0,2160.0,760.0,UPI,Table Lamp,Home & Living,Sneha Khan,Delhi,45-54,Regular,FreshMart Delhi Central,Supermarket
ORD02642,2024-08-04,C0031,P045,S003,2,350,220,0,700,0.0,700.0,260.0,UPI,Peanut Butter,Groceries & Food,Aditya Khan,Bengaluru,25-34,Silver,FreshMart Bengaluru Hub,Hypermarket
ORD02643,2024-10-20,C0161,P030,S003,2,180,80,5,360,18.0,342.0,182.0,Debit Card,Garbage Bags,Cleaning & Household,Rohan Kumar,Bengaluru,18-24,Regular,FreshMart Bengaluru Hub,Hypermarket
ORD02644,2024-01-17,C0223,P009,S008,3,800,450,5,2400,120.0,2280.0,930.0,Credit Card,Storage Container Set,Kitchen Items,Vivaan Kumar,Ahmedabad,18-24,Regular,FreshMart Ahmedabad,Supermarket
ORD02645,2025-02-21,C0145,P043,S006,2,280,170,5,560,28.0,532.0,192.0,UPI,Breakfast Cereal,Groceries & Food,Kabir Singh,Pune,25-34,Regular,FreshMart Pune,Supermarket
ORD02646,2026-08-23,C0289,P020,S006,1,750,420,10,750,75.0,675.0,255.0,Debit Card,Shower Caddy,Bathroom Items,Meera Singh,Pune,55+,Regular,FreshMart Pune,Supermarket
ORD02647,2025-01-05,C0325,P021,S006,3,1000,600,5,3000,150.0,2850.0,1050.0,UPI,Laundry Basket,Bathroom Items,Aditya Khan,Pune,18-24,Platinum,FreshMart Pune,Supermarket
ORD02648,2026-01-13,C0356,P065,S003,2,140,70,0,280,0.0,280.0,140.0,UPI,Hand Wash,Personal Care,Kabir Gupta,Bengaluru,35-44,Regular,FreshMart Bengaluru Hub,Hypermarket
ORD02649,2024-03-07,C0368,P017,S003,1,250,130,5,250,12.5,237.5,107.5,Credit Card,Toilet Brush,Bathroom Items,Meera Das,Bengaluru,25-34,Silver,FreshMart Bengaluru Hub,Hypermarket
ORD02650,2026-07-17,C0389,P065,S006,1,140,70,10,140,14.0,126.0,56.0,UPI,Hand Wash,Personal Care,Sneha Patel,Pune,55+,Gold,FreshMart Pune,Supermarket
ORD02651,2024-04-18,C0046,P016,S002,2,650,360,0,1300,0.0,1300.0,580.0,Credit Card,Bathroom Mat,Bathroom Items,Riya Sharma,Mumbai,25-34,Regular,FreshMart Mumbai West,Supermarket
ORD02652,2026-08-18,C0134,P024,S005,1,180,85,5,180,9.0,171.0,86.0,UPI,Toothbrush Holder,Bathroom Items,Raj Patel,Chennai,55+,Silver,FreshMart Chennai,Supermarket
ORD02653,2025-03-20,C0031,P045,S003,4,350,220,10,1400,140.0,1260.0,380.0,Wallet,Peanut Butter,Groceries & Food,Aditya Khan,Bengaluru,25-34,Silver,FreshMart Bengaluru Hub,Hypermarket
ORD02654,2024-02-29,C0336,P087,S002,1,700,400,0,700,0.0,700.0,300.0,Credit Card,Pillow,Home & Living,Ananya Kumar,Mumbai,35-44,Regular,FreshMart Mumbai West,Supermarket
ORD02655,2025-03-14,C0357,P055,S003,2,90,50,15,180,27.0,153.0,53.0,Wallet,Cold Coffee,Beverages,Arjun Singh,Bengaluru,25-34,Silver,FreshMart Bengaluru Hub,Hypermarket
ORD02656,2025-10-31,C0067,P062,S005,2,280,160,5,560,28.0,532.0,212.0,UPI,Body Wash,Personal Care,Ananya Gupta,Chennai,25-34,Silver,FreshMart Chennai,Supermarket
ORD02657,2025-04-29,C0140,P042,S006,3,90,55,0,270,0.0,270.0,105.0,UPI,Pasta,Groceries & Food,Priya Mehta,Pune,35-44,Silver,FreshMart Pune,Supermarket
ORD02658,2025-02-20,C0013,P089,S005,1,800,450,15,800,120.0,680.0,230.0,UPI,Wall Clock,Home & Living,Priya Singh,Chennai,18-24,Silver,FreshMart Chennai,Supermarket
ORD02659,2026-08-06,C0248,P017,S006,2,250,130,15,500,75.0,425.0,165.0,UPI,Toilet Brush,Bathroom Items,Amit Mehta,Pune,45-54,Regular,FreshMart Pune,Supermarket
ORD02660,2025-08-16,C0190,P071,S006,1,180,100,0,180,0.0,180.0,80.0,UPI,Sanitary Pads,Personal Care,Rohan Khan,Pune,18-24,Gold,FreshMart Pune,Supermarket
ORD02661,2026-10-17,C0162,P078,S005,2,350,180,0,700,0.0,700.0,340.0,Credit Card,Pet Bowl,Pet Supplies,Kabir Das,Chennai,45-54,Regular,FreshMart Chennai,Supermarket
ORD02662,2026-06-17,C0379,P065,S006,1,140,70,5,140,7.0,133.0,63.0,Credit Card,Hand Wash,Personal Care,Rahul Patel,Pune,25-34,Silver,FreshMart Pune,Supermarket
ORD02663,2025-11-09,C0357,P014,S003,4,700,380,5,2800,140.0,2660.0,1140.0,Credit Card,Shower Curtain,Bathroom Items,Arjun Singh,Bengaluru,25-34,Silver,FreshMart Bengaluru Hub,Hypermarket
ORD02664,2024-08-18,C0220,P047,S001,1,250,150,10,250,25.0,225.0,75.0,Cash,Tea Pack,Groceries & Food,Amit Joshi,Delhi,55+,Gold,FreshMart Delhi Central,Supermarket
ORD02665,2026-11-28,C0262,P016,S004,1,650,360,10,650,65.0,585.0,225.0,Debit Card,Bathroom Mat,Bathroom Items,Aarav Verma,Hyderabad,45-54,Regular,FreshMart Hyderabad,Supermarket
ORD02666,2026-01-16,C0282,P008,S008,1,600,320,10,600,60.0,540.0,220.0,Cash,Lunch Box,Kitchen Items,Aditya Gupta,Ahmedabad,45-54,Silver,FreshMart Ahmedabad,Supermarket
ORD02667,2024-10-06,C0040,P043,S007,1,280,170,5,280,14.0,266.0,96.0,Credit Card,Breakfast Cereal,Groceries & Food,Amit Joshi,Kolkata,25-34,Regular,FreshMart Kolkata,Supermarket
ORD02668,2026-08-11,C0204,P091,S005,2,250,110,5,500,25.0,475.0,255.0,Credit Card,Cushion Cover,Home & Living,Kavya Patel,Chennai,45-54,Silver,FreshMart Chennai,Supermarket
ORD02669,2025-03-07,C0341,P037,S005,2,650,500,10,1300,130.0,1170.0,170.0,Cash,Basmati Rice 5kg,Groceries & Food,Ananya Kumar,Chennai,45-54,Silver,FreshMart Chennai,Supermarket
ORD02670,2026-01-01,C0073,P050,S003,1,150,90,5,150,7.5,142.5,52.5,UPI,Orange Juice,Beverages,Amit Gupta,Bengaluru,45-54,Regular,FreshMart Bengaluru Hub,Hypermarket
ORD02671,2024-03-23,C0261,P006,S007,1,650,350,0,650,0.0,650.0,300.0,UPI,Mixer Bowl,Kitchen Items,Rohan Das,Kolkata,18-24,Regular,FreshMart Kolkata,Supermarket
ORD02672,2024-06-16,C0389,P087,S006,3,700,400,15,2100,315.0,1785.0,585.0,Credit Card,Pillow,Home & Living,Sneha Patel,Pune,55+,Gold,FreshMart Pune,Supermarket
ORD02673,2024-05-16,C0229,P013,S007,1,500,280,15,500,75.0,425.0,145.0,Wallet,Bath Towel,Bathroom Items,Priya Sharma,Kolkata,35-44,Regular,FreshMart Kolkata,Supermarket
ORD02674,2024-07-10,C0361,P079,S006,1,500,280,0,500,0.0,500.0,220.0,Credit Card,Pet Leash,Pet Supplies,Aditya Gupta,Pune,18-24,Regular,FreshMart Pune,Supermarket
ORD02675,2025-12-14,C0320,P063,S002,1,120,70,0,120,0.0,120.0,50.0,UPI,Toothpaste,Personal Care,Amit Kumar,Mumbai,18-24,Regular,FreshMart Mumbai West,Supermarket
ORD02676,2026-12-18,C0194,P077,S006,3,220,100,15,660,99.0,561.0,261.0,Credit Card,Cat Toy,Pet Supplies,Riya Mehta,Pune,45-54,Gold,FreshMart Pune,Supermarket
ORD02677,2024-06-18,C0113,P089,S007,1,800,450,5,800,40.0,760.0,310.0,UPI,Wall Clock,Home & Living,Aarav Verma,Kolkata,25-34,Gold,FreshMart Kolkata,Supermarket
ORD02678,2024-10-24,C0201,P092,S004,2,1800,1100,10,3600,360.0,3240.0,1040.0,UPI,Curtain Set,Home & Living,Sneha Das,Hyderabad,45-54,Gold,FreshMart Hyderabad,Supermarket
ORD02679,2026-07-31,C0166,P016,S001,1,650,360,10,650,65.0,585.0,225.0,UPI,Bathroom Mat,Bathroom Items,Meera Das,Delhi,35-44,Silver,FreshMart Delhi Central,Supermarket
ORD02680,2024-07-01,C0056,P023,S006,1,220,100,0,220,0.0,220.0,120.0,UPI,Hand Towel,Bathroom Items,Meera Khan,Pune,35-44,Regular,FreshMart Pune,Supermarket
ORD02681,2024-03-26,C0282,P091,S008,1,250,110,10,250,25.0,225.0,115.0,Credit Card,Cushion Cover,Home & Living,Aditya Gupta,Ahmedabad,45-54,Silver,FreshMart Ahmedabad,Supermarket
ORD02682,2026-12-19,C0116,P072,S002,4,120,60,0,480,0.0,480.0,240.0,Debit Card,Cotton Pads,Personal Care,Neha Kumar,Mumbai,45-54,Regular,FreshMart Mumbai West,Supermarket
ORD02683,2024-03-16,C0022,P071,S003,1,180,100,0,180,0.0,180.0,80.0,UPI,Sanitary Pads,Personal Care,Arjun Gupta,Bengaluru,45-54,Silver,FreshMart Bengaluru Hub,Hypermarket
ORD02684,2024-01-28,C0136,P032,S007,2,200,95,5,400,20.0,380.0,190.0,Cash,Glass Cleaner,Cleaning & Household,Aditya Singh,Kolkata,45-54,Silver,FreshMart Kolkata,Supermarket
ORD02685,2026-11-06,C0266,P061,S008,1,350,200,0,350,0.0,350.0,150.0,UPI,Shampoo,Personal Care,Neha Joshi,Ahmedabad,45-54,Regular,FreshMart Ahmedabad,Supermarket
ORD02686,2026-03-19,C0182,P038,S005,2,300,220,0,600,0.0,600.0,160.0,UPI,Wheat Flour 5kg,Groceries & Food,Rohan Verma,Chennai,45-54,Regular,FreshMart Chennai,Supermarket
ORD02687,2025-10-30,C0209,P010,S006,1,250,110,0,250,0.0,250.0,140.0,UPI,Coffee Mug,Kitchen Items,Amit Das,Pune,25-34,Silver,FreshMart Pune,Supermarket
ORD02688,2025-01-31,C0265,P068,S002,2,250,140,0,500,0.0,500.0,220.0,Wallet,Deodorant,Personal Care,Isha Sharma,Mumbai,35-44,Regular,FreshMart Mumbai West,Supermarket
ORD02689,2024-05-15,C0066,P061,S007,3,350,200,10,1050,105.0,945.0,345.0,UPI,Shampoo,Personal Care,Vivaan Verma,Kolkata,35-44,Regular,FreshMart Kolkata,Supermarket
ORD02690,2025-12-28,C0081,P087,S002,2,700,400,10,1400,140.0,1260.0,460.0,Debit Card,Pillow,Home & Living,Ananya Mehta,Mumbai,45-54,Gold,FreshMart Mumbai West,Supermarket
ORD02691,2026-07-18,C0044,P035,S003,1,300,150,0,300,0.0,300.0,150.0,Credit Card,Bucket,Cleaning & Household,Rohan Mehta,Bengaluru,35-44,Regular,FreshMart Bengaluru Hub,Hypermarket
ORD02692,2025-10-30,C0073,P045,S003,1,350,220,10,350,35.0,315.0,95.0,UPI,Peanut Butter,Groceries & Food,Amit Gupta,Bengaluru,45-54,Regular,FreshMart Bengaluru Hub,Hypermarket
ORD02693,2025-06-15,C0263,P078,S006,4,350,180,15,1400,210.0,1190.0,470.0,Debit Card,Pet Bowl,Pet Supplies,Ananya Gupta,Pune,35-44,Silver,FreshMart Pune,Supermarket
ORD02694,2026-09-13,C0344,P010,S007,4,250,110,0,1000,0.0,1000.0,560.0,UPI,Coffee Mug,Kitchen Items,Vivaan Verma,Kolkata,35-44,Regular,FreshMart Kolkata,Supermarket
ORD02695,2025-04-17,C0206,P020,S007,2,750,420,0,1500,0.0,1500.0,660.0,UPI,Shower Caddy,Bathroom Items,Arjun Singh,Kolkata,55+,Regular,FreshMart Kolkata,Supermarket
ORD02696,2026-06-26,C0358,P052,S006,2,50,30,20,100,20.0,80.0,20.0,Credit Card,Cola Drink,Beverages,Aarav Patel,Pune,45-54,Gold,FreshMart Pune,Supermarket
ORD02697,2024-02-15,C0329,P077,S006,1,220,100,0,220,0.0,220.0,120.0,Cash,Cat Toy,Pet Supplies,Arjun Das,Pune,25-34,Regular,FreshMart Pune,Supermarket
ORD02698,2024-08-07,C0324,P040,S007,1,55,42,0,55,0.0,55.0,13.0,Cash,Sugar 1kg,Groceries & Food,Amit Das,Kolkata,25-34,Silver,FreshMart Kolkata,Supermarket
ORD02699,2024-01-16,C0060,P070,S003,1,300,170,10,300,30.0,270.0,100.0,UPI,Razor Pack,Personal Care,Pooja Kumar,Bengaluru,35-44,Gold,FreshMart Bengaluru Hub,Hypermarket
ORD02700,2024-09-12,C0343,P026,S007,1,160,75,0,160,0.0,160.0,85.0,Wallet,Dishwashing Liquid,Cleaning & Household,Priya Das,Kolkata,35-44,Silver,FreshMart Kolkata,Supermarket
ORD02701,2026-07-13,C0150,P086,S002,1,1500,900,15,1500,225.0,1275.0,375.0,UPI,Bed Sheet,Home & Living,Aisha Verma,Mumbai,45-54,Regular,FreshMart Mumbai West,Supermarket
ORD02702,2026-06-25,C0163,P010,S005,2,250,110,10,500,50.0,450.0,230.0,UPI,Coffee Mug,Kitchen Items,Kabir Mehta,Chennai,55+,Regular,FreshMart Chennai,Supermarket
ORD02703,2024-12-19,C0021,P025,S008,1,220,110,10,220,22.0,198.0,88.0,UPI,Floor Cleaner,Cleaning & Household,Rohan Khan,Ahmedabad,18-24,Silver,FreshMart Ahmedabad,Supermarket
ORD02704,2026-08-03,C0278,P069,S005,1,220,120,0,220,0.0,220.0,100.0,Credit Card,Hair Oil,Personal Care,Aditya Mehta,Chennai,35-44,Regular,FreshMart Chennai,Supermarket
ORD02705,2026-10-27,C0069,P062,S001,1,280,160,15,280,42.0,238.0,78.0,Debit Card,Body Wash,Personal Care,Rohan Khan,Delhi,35-44,Silver,FreshMart Delhi Central,Supermarket
ORD02706,2024-07-24,C0343,P042,S007,1,90,55,0,90,0.0,90.0,35.0,Wallet,Pasta,Groceries & Food,Priya Das,Kolkata,35-44,Silver,FreshMart Kolkata,Supermarket
ORD02707,2026-05-17,C0166,P043,S001,2,280,170,5,560,28.0,532.0,192.0,Credit Card,Breakfast Cereal,Groceries & Food,Meera Das,Delhi,35-44,Silver,FreshMart Delhi Central,Supermarket
ORD02708,2026-01-20,C0006,P070,S006,1,300,170,0,300,0.0,300.0,130.0,UPI,Razor Pack,Personal Care,Rahul Mehta,Pune,35-44,Regular,FreshMart Pune,Supermarket
ORD02709,2025-12-02,C0209,P064,S006,2,80,35,0,160,0.0,160.0,90.0,UPI,Toothbrush,Personal Care,Amit Das,Pune,25-34,Silver,FreshMart Pune,Supermarket
ORD02710,2025-05-19,C0154,P040,S007,1,55,42,10,55,5.5,49.5,7.5,UPI,Sugar 1kg,Groceries & Food,Kavya Kumar,Kolkata,35-44,Silver,FreshMart Kolkata,Supermarket
ORD02711,2025-08-12,C0257,P091,S004,1,250,110,5,250,12.5,237.5,127.5,UPI,Cushion Cover,Home & Living,Raj Das,Hyderabad,45-54,Gold,FreshMart Hyderabad,Supermarket
ORD02712,2026-03-31,C0371,P029,S005,1,650,380,10,650,65.0,585.0,205.0,UPI,Mop,Cleaning & Household,Aarav Joshi,Chennai,35-44,Regular,FreshMart Chennai,Supermarket
ORD02713,2025-01-07,C0102,P049,S008,1,30,15,15,30,4.5,25.5,10.5,Debit Card,Mineral Water,Beverages,Raj Khan,Ahmedabad,25-34,Regular,FreshMart Ahmedabad,Supermarket
ORD02714,2026-05-29,C0386,P039,S006,2,180,140,5,360,18.0,342.0,62.0,UPI,Cooking Oil 1L,Groceries & Food,Riya Singh,Pune,55+,Regular,FreshMart Pune,Supermarket
ORD02715,2025-12-25,C0261,P050,S007,3,150,90,10,450,45.0,405.0,135.0,Credit Card,Orange Juice,Beverages,Rohan Das,Kolkata,18-24,Regular,FreshMart Kolkata,Supermarket
ORD02716,2026-06-19,C0145,P020,S006,4,750,420,10,3000,300.0,2700.0,1020.0,Cash,Shower Caddy,Bathroom Items,Kabir Singh,Pune,25-34,Regular,FreshMart Pune,Supermarket
ORD02717,2024-12-14,C0379,P039,S006,1,180,140,0,180,0.0,180.0,40.0,UPI,Cooking Oil 1L,Groceries & Food,Rahul Patel,Pune,25-34,Silver,FreshMart Pune,Supermarket
ORD02718,2024-02-08,C0323,P078,S007,1,350,180,20,350,70.0,280.0,100.0,Credit Card,Pet Bowl,Pet Supplies,Rohan Kumar,Kolkata,18-24,Silver,FreshMart Kolkata,Supermarket
ORD02719,2025-09-28,C0003,P045,S004,4,350,220,5,1400,70.0,1330.0,450.0,UPI,Peanut Butter,Groceries & Food,Aarav Verma,Hyderabad,25-34,Regular,FreshMart Hyderabad,Supermarket
ORD02720,2024-08-26,C0149,P011,S001,1,2500,1700,5,2500,125.0,2375.0,675.0,Debit Card,Pressure Cooker,Kitchen Items,Ananya Gupta,Delhi,35-44,Gold,FreshMart Delhi Central,Supermarket
ORD02721,2025-05-31,C0052,P016,S003,1,650,360,10,650,65.0,585.0,225.0,UPI,Bathroom Mat,Bathroom Items,Meera Joshi,Bengaluru,18-24,Platinum,FreshMart Bengaluru Hub,Hypermarket
ORD02722,2024-05-19,C0121,P025,S002,3,220,110,5,660,33.0,627.0,297.0,Debit Card,Floor Cleaner,Cleaning & Household,Priya Gupta,Mumbai,25-34,Platinum,FreshMart Mumbai West,Supermarket
ORD02723,2025-07-06,C0351,P061,S007,2,350,200,0,700,0.0,700.0,300.0,Debit Card,Shampoo,Personal Care,Rahul Joshi,Kolkata,55+,Regular,FreshMart Kolkata,Supermarket
ORD02724,2025-10-10,C0233,P063,S004,1,120,70,5,120,6.0,114.0,44.0,Credit Card,Toothpaste,Personal Care,Riya Singh,Hyderabad,25-34,Regular,FreshMart Hyderabad,Supermarket
ORD02725,2025-09-01,C0272,P064,S006,2,80,35,5,160,8.0,152.0,82.0,Credit Card,Toothbrush,Personal Care,Riya Singh,Pune,18-24,Regular,FreshMart Pune,Supermarket
ORD02726,2026-12-19,C0243,P092,S002,2,1800,1100,5,3600,180.0,3420.0,1220.0,UPI,Curtain Set,Home & Living,Kavya Verma,Mumbai,35-44,Silver,FreshMart Mumbai West,Supermarket
ORD02727,2024-09-03,C0313,P052,S006,3,50,30,0,150,0.0,150.0,60.0,Credit Card,Cola Drink,Beverages,Amit Joshi,Pune,18-24,Regular,FreshMart Pune,Supermarket
ORD02728,2026-04-21,C0388,P028,S002,4,350,180,20,1400,280.0,1120.0,400.0,UPI,Broom,Cleaning & Household,Isha Das,Mumbai,25-34,Platinum,FreshMart Mumbai West,Supermarket
ORD02729,2024-04-10,C0195,P048,S002,2,450,300,5,900,45.0,855.0,255.0,UPI,Coffee Pack,Groceries & Food,Vivaan Das,Mumbai,25-34,Silver,FreshMart Mumbai West,Supermarket
ORD02730,2025-10-22,C0115,P070,S006,1,300,170,10,300,30.0,270.0,100.0,Credit Card,Razor Pack,Personal Care,Kavya Patel,Pune,45-54,Regular,FreshMart Pune,Supermarket
ORD02731,2025-08-15,C0292,P049,S003,2,30,15,15,60,9.0,51.0,21.0,Wallet,Mineral Water,Beverages,Kavya Joshi,Bengaluru,35-44,Regular,FreshMart Bengaluru Hub,Hypermarket
ORD02732,2024-01-31,C0349,P040,S003,1,55,42,10,55,5.5,49.5,7.5,UPI,Sugar 1kg,Groceries & Food,Aditya Das,Bengaluru,55+,Regular,FreshMart Bengaluru Hub,Hypermarket
ORD02733,2024-11-29,C0261,P073,S007,1,900,650,5,900,45.0,855.0,205.0,Wallet,Dog Food,Pet Supplies,Rohan Das,Kolkata,18-24,Regular,FreshMart Kolkata,Supermarket
ORD02734,2024-08-04,C0112,P076,S007,1,250,120,0,250,0.0,250.0,130.0,UPI,Dog Toy,Pet Supplies,Riya Sharma,Kolkata,55+,Silver,FreshMart Kolkata,Supermarket
ORD02735,2024-02-26,C0148,P049,S005,2,30,15,10,60,6.0,54.0,24.0,UPI,Mineral Water,Beverages,Aarav Das,Chennai,45-54,Regular,FreshMart Chennai,Supermarket
ORD02736,2024-06-20,C0254,P083,S005,1,550,350,10,550,55.0,495.0,145.0,Debit Card,Litter Sand,Pet Supplies,Neha Sharma,Chennai,55+,Regular,FreshMart Chennai,Supermarket
ORD02737,2026-10-30,C0196,P057,S002,3,140,80,0,420,0.0,420.0,180.0,UPI,Mango Juice,Beverages,Kabir Singh,Mumbai,45-54,Platinum,FreshMart Mumbai West,Supermarket
ORD02738,2026-06-29,C0169,P022,S006,4,1500,950,10,6000,600.0,5400.0,1600.0,Credit Card,Bathroom Scale,Bathroom Items,Neha Patel,Pune,18-24,Gold,FreshMart Pune,Supermarket
ORD02739,2025-08-16,C0168,P055,S008,4,90,50,5,360,18.0,342.0,142.0,Cash,Cold Coffee,Beverages,Meera Mehta,Ahmedabad,18-24,Regular,FreshMart Ahmedabad,Supermarket
ORD02740,2026-03-28,C0129,P083,S008,3,550,350,0,1650,0.0,1650.0,600.0,UPI,Litter Sand,Pet Supplies,Raj Das,Ahmedabad,45-54,Regular,FreshMart Ahmedabad,Supermarket
ORD02741,2026-07-13,C0169,P065,S006,4,140,70,15,560,84.0,476.0,196.0,Credit Card,Hand Wash,Personal Care,Neha Patel,Pune,18-24,Gold,FreshMart Pune,Supermarket
ORD02742,2025-04-22,C0167,P066,S008,2,300,180,0,600,0.0,600.0,240.0,Credit Card,Face Wash,Personal Care,Rahul Joshi,Ahmedabad,35-44,Regular,FreshMart Ahmedabad,Supermarket
ORD02743,2024-01-24,C0042,P045,S001,2,350,220,0,700,0.0,700.0,260.0,UPI,Peanut Butter,Groceries & Food,Vivaan Verma,Delhi,45-54,Silver,FreshMart Delhi Central,Supermarket
ORD02744,2026-05-07,C0181,P040,S004,2,55,42,5,110,5.5,104.5,20.5,UPI,Sugar 1kg,Groceries & Food,Rohan Mehta,Hyderabad,55+,Regular,FreshMart Hyderabad,Supermarket
ORD02745,2025-01-21,C0041,P079,S007,1,500,280,0,500,0.0,500.0,220.0,Credit Card,Pet Leash,Pet Supplies,Neha Patel,Kolkata,45-54,Regular,FreshMart Kolkata,Supermarket
ORD02746,2024-06-21,C0227,P004,S008,4,1500,900,5,6000,300.0,5700.0,2100.0,Credit Card,Cooking Pot,Kitchen Items,Priya Singh,Ahmedabad,45-54,Platinum,FreshMart Ahmedabad,Supermarket
ORD02747,2025-07-07,C0193,P067,S007,3,450,280,5,1350,67.5,1282.5,442.5,Credit Card,Moisturizer,Personal Care,Raj Patel,Kolkata,18-24,Gold,FreshMart Kolkata,Supermarket
ORD02748,2024-11-04,C0332,P088,S005,3,2000,1300,5,6000,300.0,5700.0,1800.0,Wallet,Blanket,Home & Living,Kavya Sharma,Chennai,25-34,Regular,FreshMart Chennai,Supermarket
ORD02749,2026-09-04,C0341,P094,S005,2,350,170,0,700,0.0,700.0,360.0,UPI,Clothes Hanger Set,Home & Living,Ananya Kumar,Chennai,45-54,Silver,FreshMart Chennai,Supermarket
ORD02750,2024-08-29,C0397,P047,S008,1,250,150,10,250,25.0,225.0,75.0,Debit Card,Tea Pack,Groceries & Food,Aarav Das,Ahmedabad,35-44,Platinum,FreshMart Ahmedabad,Supermarket
ORD02751,2025-12-27,C0165,P038,S001,2,300,220,5,600,30.0,570.0,130.0,UPI,Wheat Flour 5kg,Groceries & Food,Isha Kumar,Delhi,18-24,Regular,FreshMart Delhi Central,Supermarket
ORD02752,2025-04-04,C0345,P037,S003,1,650,500,0,650,0.0,650.0,150.0,UPI,Basmati Rice 5kg,Groceries & Food,Rahul Sharma,Bengaluru,55+,Silver,FreshMart Bengaluru Hub,Hypermarket
ORD02753,2026-03-26,C0171,P093,S001,1,450,250,5,450,22.5,427.5,177.5,Cash,Doormat,Home & Living,Sneha Khan,Delhi,45-54,Regular,FreshMart Delhi Central,Supermarket
ORD02754,2025-08-02,C0042,P095,S001,3,600,320,0,1800,0.0,1800.0,840.0,Credit Card,Storage Box,Home & Living,Vivaan Verma,Delhi,45-54,Silver,FreshMart Delhi Central,Supermarket
ORD02755,2026-05-29,C0108,P068,S005,1,250,140,5,250,12.5,237.5,97.5,UPI,Deodorant,Personal Care,Aarav Patel,Chennai,45-54,Gold,FreshMart Chennai,Supermarket
ORD02756,2024-01-24,C0374,P010,S003,1,250,110,0,250,0.0,250.0,140.0,UPI,Coffee Mug,Kitchen Items,Ananya Das,Bengaluru,35-44,Gold,FreshMart Bengaluru Hub,Hypermarket
ORD02757,2025-12-29,C0334,P013,S005,1,500,280,5,500,25.0,475.0,195.0,UPI,Bath Towel,Bathroom Items,Riya Joshi,Chennai,18-24,Silver,FreshMart Chennai,Supermarket
ORD02758,2024-01-01,C0188,P048,S006,2,450,300,5,900,45.0,855.0,255.0,Debit Card,Coffee Pack,Groceries & Food,Neha Sharma,Pune,45-54,Silver,FreshMart Pune,Supermarket
ORD02759,2026-12-30,C0253,P030,S002,2,180,80,0,360,0.0,360.0,200.0,UPI,Garbage Bags,Cleaning & Household,Riya Patel,Mumbai,45-54,Regular,FreshMart Mumbai West,Supermarket
ORD02760,2025-06-13,C0228,P044,S006,1,120,70,0,120,0.0,120.0,50.0,Wallet,Biscuits Pack,Groceries & Food,Priya Verma,Pune,55+,Gold,FreshMart Pune,Supermarket
ORD02761,2024-05-19,C0341,P041,S005,1,30,20,5,30,1.5,28.5,8.5,UPI,Salt 1kg,Groceries & Food,Ananya Kumar,Chennai,45-54,Silver,FreshMart Chennai,Supermarket
ORD02762,2025-03-15,C0377,P025,S008,5,220,110,0,1100,0.0,1100.0,550.0,Cash,Floor Cleaner,Cleaning & Household,Arjun Kumar,Ahmedabad,25-34,Regular,FreshMart Ahmedabad,Supermarket
ORD02763,2025-05-23,C0317,P091,S008,1,250,110,10,250,25.0,225.0,115.0,Credit Card,Cushion Cover,Home & Living,Aisha Gupta,Ahmedabad,45-54,Silver,FreshMart Ahmedabad,Supermarket
ORD02764,2025-02-22,C0221,P072,S004,2,120,60,0,240,0.0,240.0,120.0,UPI,Cotton Pads,Personal Care,Riya Patel,Hyderabad,18-24,Silver,FreshMart Hyderabad,Supermarket
ORD02765,2024-01-01,C0375,P071,S007,1,180,100,20,180,36.0,144.0,44.0,UPI,Sanitary Pads,Personal Care,Ananya Patel,Kolkata,25-34,Silver,FreshMart Kolkata,Supermarket
ORD02766,2026-11-12,C0251,P036,S007,3,200,90,10,600,60.0,540.0,270.0,Wallet,Dustpan,Cleaning & Household,Aditya Verma,Kolkata,18-24,Silver,FreshMart Kolkata,Supermarket
ORD02767,2025-07-24,C0266,P048,S008,3,450,300,5,1350,67.5,1282.5,382.5,UPI,Coffee Pack,Groceries & Food,Neha Joshi,Ahmedabad,45-54,Regular,FreshMart Ahmedabad,Supermarket
ORD02768,2026-05-28,C0121,P060,S002,1,70,40,0,70,0.0,70.0,30.0,UPI,Coconut Water,Beverages,Priya Gupta,Mumbai,25-34,Platinum,FreshMart Mumbai West,Supermarket
ORD02769,2024-02-27,C0151,P032,S003,3,200,95,0,600,0.0,600.0,315.0,Cash,Glass Cleaner,Cleaning & Household,Meera Sharma,Bengaluru,25-34,Gold,FreshMart Bengaluru Hub,Hypermarket
ORD02770,2026-09-18,C0097,P046,S001,3,400,260,15,1200,180.0,1020.0,240.0,UPI,Honey,Groceries & Food,Pooja Joshi,Delhi,55+,Regular,FreshMart Delhi Central,Supermarket
ORD02771,2025-06-13,C0282,P038,S008,2,300,220,5,600,30.0,570.0,130.0,Credit Card,Wheat Flour 5kg,Groceries & Food,Aditya Gupta,Ahmedabad,45-54,Silver,FreshMart Ahmedabad,Supermarket
ORD02772,2024-01-06,C0107,P006,S001,3,650,350,5,1950,97.5,1852.5,802.5,Credit Card,Mixer Bowl,Kitchen Items,Neha Mehta,Delhi,55+,Regular,FreshMart Delhi Central,Supermarket
ORD02773,2024-06-12,C0021,P001,S008,1,1200,750,0,1200,0.0,1200.0,450.0,Cash,Frying Pan,Kitchen Items,Rohan Khan,Ahmedabad,18-24,Silver,FreshMart Ahmedabad,Supermarket
ORD02774,2025-04-08,C0302,P022,S001,3,1500,950,5,4500,225.0,4275.0,1425.0,Wallet,Bathroom Scale,Bathroom Items,Riya Khan,Delhi,35-44,Gold,FreshMart Delhi Central,Supermarket
ORD02775,2025-06-26,C0032,P056,S005,2,60,35,5,120,6.0,114.0,44.0,Credit Card,Lemon Drink,Beverages,Riya Gupta,Chennai,55+,Gold,FreshMart Chennai,Supermarket
ORD02776,2025-05-24,C0323,P068,S007,2,250,140,5,500,25.0,475.0,195.0,Debit Card,Deodorant,Personal Care,Rohan Kumar,Kolkata,18-24,Silver,FreshMart Kolkata,Supermarket
ORD02777,2025-09-30,C0065,P048,S005,4,450,300,0,1800,0.0,1800.0,600.0,UPI,Coffee Pack,Groceries & Food,Ananya Singh,Chennai,55+,Regular,FreshMart Chennai,Supermarket
ORD02778,2024-07-03,C0146,P090,S005,1,300,150,5,300,15.0,285.0,135.0,Wallet,Photo Frame,Home & Living,Riya Gupta,Chennai,18-24,Platinum,FreshMart Chennai,Supermarket
ORD02779,2024-04-10,C0011,P067,S002,1,450,280,5,450,22.5,427.5,147.5,Debit Card,Moisturizer,Personal Care,Amit Kumar,Mumbai,25-34,Gold,FreshMart Mumbai West,Supermarket
ORD02780,2024-04-29,C0319,P052,S007,3,50,30,10,150,15.0,135.0,45.0,Wallet,Cola Drink,Beverages,Riya Das,Kolkata,18-24,Silver,FreshMart Kolkata,Supermarket
ORD02781,2026-02-20,C0222,P027,S007,3,450,240,0,1350,0.0,1350.0,630.0,UPI,Laundry Detergent,Cleaning & Household,Kavya Kumar,Kolkata,18-24,Regular,FreshMart Kolkata,Supermarket
ORD02782,2026-05-15,C0034,P043,S008,2,280,170,0,560,0.0,560.0,220.0,Cash,Breakfast Cereal,Groceries & Food,Priya Joshi,Ahmedabad,18-24,Regular,FreshMart Ahmedabad,Supermarket
ORD02783,2026-03-19,C0092,P041,S004,1,30,20,0,30,0.0,30.0,10.0,Credit Card,Salt 1kg,Groceries & Food,Amit Kumar,Hyderabad,25-34,Regular,FreshMart Hyderabad,Supermarket
ORD02784,2024-09-14,C0011,P070,S002,1,300,170,5,300,15.0,285.0,115.0,UPI,Razor Pack,Personal Care,Amit Kumar,Mumbai,25-34,Gold,FreshMart Mumbai West,Supermarket
ORD02785,2026-02-15,C0353,P051,S002,2,160,95,0,320,0.0,320.0,130.0,Credit Card,Apple Juice,Beverages,Aisha Singh,Mumbai,25-34,Gold,FreshMart Mumbai West,Supermarket
ORD02786,2025-09-08,C0256,P050,S006,3,150,90,0,450,0.0,450.0,180.0,Wallet,Orange Juice,Beverages,Amit Verma,Pune,55+,Regular,FreshMart Pune,Supermarket
ORD02787,2024-04-06,C0079,P036,S005,1,200,90,0,200,0.0,200.0,110.0,UPI,Dustpan,Cleaning & Household,Aarav Verma,Chennai,25-34,Silver,FreshMart Chennai,Supermarket
ORD02788,2026-06-09,C0162,P076,S005,1,250,120,0,250,0.0,250.0,130.0,UPI,Dog Toy,Pet Supplies,Kabir Das,Chennai,45-54,Regular,FreshMart Chennai,Supermarket
ORD02789,2024-11-09,C0058,P046,S006,1,400,260,15,400,60.0,340.0,80.0,Credit Card,Honey,Groceries & Food,Kabir Joshi,Pune,18-24,Regular,FreshMart Pune,Supermarket
ORD02790,2024-02-29,C0076,P043,S005,2,280,170,10,560,56.0,504.0,164.0,UPI,Breakfast Cereal,Groceries & Food,Kavya Patel,Chennai,25-34,Regular,FreshMart Chennai,Supermarket
ORD02791,2025-03-28,C0297,P029,S002,1,650,380,5,650,32.5,617.5,237.5,Credit Card,Mop,Cleaning & Household,Sneha Gupta,Mumbai,35-44,Silver,FreshMart Mumbai West,Supermarket
ORD02792,2025-05-11,C0336,P041,S002,3,30,20,0,90,0.0,90.0,30.0,Debit Card,Salt 1kg,Groceries & Food,Ananya Kumar,Mumbai,35-44,Regular,FreshMart Mumbai West,Supermarket
ORD02793,2024-09-24,C0231,P074,S001,3,850,600,0,2550,0.0,2550.0,750.0,Credit Card,Cat Food,Pet Supplies,Isha Sharma,Delhi,35-44,Regular,FreshMart Delhi Central,Supermarket
ORD02794,2024-04-20,C0063,P072,S005,1,120,60,5,120,6.0,114.0,54.0,Credit Card,Cotton Pads,Personal Care,Arjun Gupta,Chennai,18-24,Gold,FreshMart Chennai,Supermarket
ORD02795,2024-04-19,C0053,P037,S002,1,650,500,15,650,97.5,552.5,52.5,Credit Card,Basmati Rice 5kg,Groceries & Food,Aditya Gupta,Mumbai,55+,Regular,FreshMart Mumbai West,Supermarket
ORD02796,2024-08-30,C0057,P078,S005,1,350,180,0,350,0.0,350.0,170.0,Wallet,Pet Bowl,Pet Supplies,Ananya Singh,Chennai,45-54,Regular,FreshMart Chennai,Supermarket
ORD02797,2026-05-26,C0268,P069,S005,4,220,120,5,880,44.0,836.0,356.0,Debit Card,Hair Oil,Personal Care,Meera Joshi,Chennai,18-24,Regular,FreshMart Chennai,Supermarket
ORD02798,2024-10-02,C0044,P025,S003,2,220,110,0,440,0.0,440.0,220.0,UPI,Floor Cleaner,Cleaning & Household,Rohan Mehta,Bengaluru,35-44,Regular,FreshMart Bengaluru Hub,Hypermarket
ORD02799,2024-07-23,C0244,P019,S005,1,900,500,15,900,135.0,765.0,265.0,Cash,Towel Rack,Bathroom Items,Aditya Gupta,Chennai,55+,Silver,FreshMart Chennai,Supermarket
ORD02800,2025-05-29,C0055,P071,S002,2,180,100,5,360,18.0,342.0,142.0,UPI,Sanitary Pads,Personal Care,Isha Sharma,Mumbai,45-54,Silver,FreshMart Mumbai West,Supermarket
ORD02801,2024-01-31,C0366,P006,S004,1,650,350,5,650,32.5,617.5,267.5,Wallet,Mixer Bowl,Kitchen Items,Aditya Kumar,Hyderabad,55+,Regular,FreshMart Hyderabad,Supermarket
ORD02802,2026-10-09,C0296,P048,S003,1,450,300,15,450,67.5,382.5,82.5,UPI,Coffee Pack,Groceries & Food,Ananya Verma,Bengaluru,35-44,Regular,FreshMart Bengaluru Hub,Hypermarket
ORD02803,2026-01-03,C0301,P055,S005,1,90,50,10,90,9.0,81.0,31.0,UPI,Cold Coffee,Beverages,Rohan Verma,Chennai,18-24,Regular,FreshMart Chennai,Supermarket
ORD02804,2026-07-02,C0335,P062,S006,1,280,160,10,280,28.0,252.0,92.0,Debit Card,Body Wash,Personal Care,Karan Kumar,Pune,18-24,Gold,FreshMart Pune,Supermarket
ORD02805,2026-05-20,C0325,P076,S006,1,250,120,10,250,25.0,225.0,105.0,Wallet,Dog Toy,Pet Supplies,Aditya Khan,Pune,18-24,Platinum,FreshMart Pune,Supermarket
ORD02806,2026-12-18,C0086,P008,S003,2,600,320,15,1200,180.0,1020.0,380.0,UPI,Lunch Box,Kitchen Items,Kabir Khan,Bengaluru,25-34,Regular,FreshMart Bengaluru Hub,Hypermarket
ORD02807,2026-03-01,C0174,P043,S008,3,280,170,5,840,42.0,798.0,288.0,Credit Card,Breakfast Cereal,Groceries & Food,Pooja Patel,Ahmedabad,45-54,Silver,FreshMart Ahmedabad,Supermarket
ORD02808,2024-12-11,C0397,P038,S008,1,300,220,5,300,15.0,285.0,65.0,UPI,Wheat Flour 5kg,Groceries & Food,Aarav Das,Ahmedabad,35-44,Platinum,FreshMart Ahmedabad,Supermarket
ORD02809,2025-04-21,C0047,P023,S004,2,220,100,15,440,66.0,374.0,174.0,UPI,Hand Towel,Bathroom Items,Aisha Joshi,Hyderabad,45-54,Gold,FreshMart Hyderabad,Supermarket
ORD02810,2025-07-03,C0394,P070,S006,1,300,170,10,300,30.0,270.0,100.0,Credit Card,Razor Pack,Personal Care,Kabir Das,Pune,55+,Gold,FreshMart Pune,Supermarket
ORD02811,2026-01-22,C0260,P026,S006,1,160,75,5,160,8.0,152.0,77.0,Debit Card,Dishwashing Liquid,Cleaning & Household,Kabir Patel,Pune,18-24,Regular,FreshMart Pune,Supermarket
ORD02812,2024-06-06,C0346,P074,S003,1,850,600,15,850,127.5,722.5,122.5,UPI,Cat Food,Pet Supplies,Kavya Sharma,Bengaluru,18-24,Regular,FreshMart Bengaluru Hub,Hypermarket
ORD02813,2026-07-05,C0182,P066,S005,1,300,180,5,300,15.0,285.0,105.0,Debit Card,Face Wash,Personal Care,Rohan Verma,Chennai,45-54,Regular,FreshMart Chennai,Supermarket
ORD02814,2026-10-03,C0135,P069,S001,2,220,120,10,440,44.0,396.0,156.0,UPI,Hair Oil,Personal Care,Raj Khan,Delhi,55+,Gold,FreshMart Delhi Central,Supermarket
ORD02815,2026-03-26,C0283,P045,S006,3,350,220,0,1050,0.0,1050.0,390.0,UPI,Peanut Butter,Groceries & Food,Meera Joshi,Pune,35-44,Regular,FreshMart Pune,Supermarket
ORD02816,2024-12-06,C0176,P051,S001,1,160,95,15,160,24.0,136.0,41.0,Credit Card,Apple Juice,Beverages,Aisha Verma,Delhi,55+,Silver,FreshMart Delhi Central,Supermarket
ORD02817,2024-12-13,C0129,P046,S008,3,400,260,0,1200,0.0,1200.0,420.0,UPI,Honey,Groceries & Food,Raj Das,Ahmedabad,45-54,Regular,FreshMart Ahmedabad,Supermarket
ORD02818,2024-05-17,C0046,P041,S002,2,30,20,0,60,0.0,60.0,20.0,UPI,Salt 1kg,Groceries & Food,Riya Sharma,Mumbai,25-34,Regular,FreshMart Mumbai West,Supermarket
ORD02819,2025-11-04,C0024,P001,S002,1,1200,750,0,1200,0.0,1200.0,450.0,Wallet,Frying Pan,Kitchen Items,Riya Sharma,Mumbai,55+,Silver,FreshMart Mumbai West,Supermarket
ORD02820,2025-10-27,C0370,P093,S004,2,450,250,0,900,0.0,900.0,400.0,Debit Card,Doormat,Home & Living,Meera Kumar,Hyderabad,55+,Regular,FreshMart Hyderabad,Supermarket
ORD02821,2025-04-15,C0344,P029,S007,3,650,380,0,1950,0.0,1950.0,810.0,Cash,Mop,Cleaning & Household,Vivaan Verma,Kolkata,35-44,Regular,FreshMart Kolkata,Supermarket
ORD02822,2024-07-31,C0212,P081,S005,2,200,120,10,400,40.0,360.0,120.0,UPI,Bird Food,Pet Supplies,Rohan Verma,Chennai,35-44,Silver,FreshMart Chennai,Supermarket
ORD02823,2025-08-09,C0303,P048,S007,2,450,300,0,900,0.0,900.0,300.0,Credit Card,Coffee Pack,Groceries & Food,Isha Gupta,Kolkata,25-34,Regular,FreshMart Kolkata,Supermarket
ORD02824,2025-07-25,C0100,P088,S008,1,2000,1300,15,2000,300.0,1700.0,400.0,Wallet,Blanket,Home & Living,Pooja Mehta,Ahmedabad,25-34,Silver,FreshMart Ahmedabad,Supermarket
ORD02825,2026-05-25,C0369,P029,S001,1,650,380,5,650,32.5,617.5,237.5,Cash,Mop,Cleaning & Household,Isha Patel,Delhi,18-24,Regular,FreshMart Delhi Central,Supermarket
ORD02826,2024-05-15,C0109,P073,S004,2,900,650,5,1800,90.0,1710.0,410.0,Credit Card,Dog Food,Pet Supplies,Neha Khan,Hyderabad,45-54,Regular,FreshMart Hyderabad,Supermarket
ORD02827,2024-08-07,C0228,P068,S006,1,250,140,10,250,25.0,225.0,85.0,Debit Card,Deodorant,Personal Care,Priya Verma,Pune,55+,Gold,FreshMart Pune,Supermarket
ORD02828,2025-10-18,C0057,P072,S005,2,120,60,0,240,0.0,240.0,120.0,Credit Card,Cotton Pads,Personal Care,Ananya Singh,Chennai,45-54,Regular,FreshMart Chennai,Supermarket
ORD02829,2025-06-07,C0027,P039,S004,3,180,140,10,540,54.0,486.0,66.0,Cash,Cooking Oil 1L,Groceries & Food,Kabir Khan,Hyderabad,25-34,Regular,FreshMart Hyderabad,Supermarket
ORD02830,2026-05-21,C0149,P054,S001,5,110,65,5,550,27.5,522.5,197.5,Debit Card,Energy Drink,Beverages,Ananya Gupta,Delhi,35-44,Gold,FreshMart Delhi Central,Supermarket
ORD02831,2024-05-04,C0139,P073,S006,1,900,650,20,900,180.0,720.0,70.0,Credit Card,Dog Food,Pet Supplies,Kabir Das,Pune,45-54,Silver,FreshMart Pune,Supermarket
ORD02832,2026-09-08,C0219,P072,S007,1,120,60,10,120,12.0,108.0,48.0,Debit Card,Cotton Pads,Personal Care,Raj Das,Kolkata,35-44,Regular,FreshMart Kolkata,Supermarket
ORD02833,2025-04-21,C0046,P028,S002,1,350,180,0,350,0.0,350.0,170.0,Debit Card,Broom,Cleaning & Household,Riya Sharma,Mumbai,25-34,Regular,FreshMart Mumbai West,Supermarket
ORD02834,2026-02-19,C0372,P051,S008,2,160,95,0,320,0.0,320.0,130.0,UPI,Apple Juice,Beverages,Sneha Kumar,Ahmedabad,18-24,Silver,FreshMart Ahmedabad,Supermarket
ORD02835,2025-04-08,C0002,P029,S002,2,650,380,0,1300,0.0,1300.0,540.0,UPI,Mop,Cleaning & Household,Arjun Khan,Mumbai,55+,Regular,FreshMart Mumbai West,Supermarket
ORD02836,2024-07-30,C0156,P060,S003,1,70,40,0,70,0.0,70.0,30.0,Debit Card,Coconut Water,Beverages,Raj Verma,Bengaluru,25-34,Regular,FreshMart Bengaluru Hub,Hypermarket
ORD02837,2024-03-02,C0276,P041,S008,1,30,20,10,30,3.0,27.0,7.0,Wallet,Salt 1kg,Groceries & Food,Ananya Gupta,Ahmedabad,35-44,Regular,FreshMart Ahmedabad,Supermarket
ORD02838,2024-12-19,C0069,P059,S001,2,100,55,0,200,0.0,200.0,90.0,Credit Card,Iced Tea,Beverages,Rohan Khan,Delhi,35-44,Silver,FreshMart Delhi Central,Supermarket
ORD02839,2024-10-06,C0014,P092,S004,3,1800,1100,0,5400,0.0,5400.0,2100.0,UPI,Curtain Set,Home & Living,Rahul Khan,Hyderabad,25-34,Regular,FreshMart Hyderabad,Supermarket
ORD02840,2024-02-03,C0307,P077,S008,1,220,100,5,220,11.0,209.0,109.0,Credit Card,Cat Toy,Pet Supplies,Meera Joshi,Ahmedabad,35-44,Silver,FreshMart Ahmedabad,Supermarket
ORD02841,2024-04-02,C0322,P047,S001,4,250,150,5,1000,50.0,950.0,350.0,Debit Card,Tea Pack,Groceries & Food,Aisha Das,Delhi,55+,Silver,FreshMart Delhi Central,Supermarket
ORD02842,2026-09-11,C0205,P051,S004,2,160,95,0,320,0.0,320.0,130.0,Credit Card,Apple Juice,Beverages,Kavya Kumar,Hyderabad,45-54,Gold,FreshMart Hyderabad,Supermarket
ORD02843,2025-01-22,C0007,P067,S002,1,450,280,10,450,45.0,405.0,125.0,UPI,Moisturizer,Personal Care,Ananya Verma,Mumbai,45-54,Regular,FreshMart Mumbai West,Supermarket
ORD02844,2025-04-26,C0172,P088,S002,3,2000,1300,0,6000,0.0,6000.0,2100.0,UPI,Blanket,Home & Living,Raj Patel,Mumbai,45-54,Gold,FreshMart Mumbai West,Supermarket
ORD02845,2024-06-23,C0108,P027,S005,2,450,240,10,900,90.0,810.0,330.0,Debit Card,Laundry Detergent,Cleaning & Household,Aarav Patel,Chennai,45-54,Gold,FreshMart Chennai,Supermarket
ORD02846,2024-11-09,C0188,P033,S006,1,280,140,20,280,56.0,224.0,84.0,UPI,Air Freshener,Cleaning & Household,Neha Sharma,Pune,45-54,Silver,FreshMart Pune,Supermarket
ORD02847,2024-07-19,C0054,P055,S002,1,90,50,0,90,0.0,90.0,40.0,Debit Card,Cold Coffee,Beverages,Amit Mehta,Mumbai,55+,Regular,FreshMart Mumbai West,Supermarket
ORD02848,2026-04-07,C0362,P012,S003,4,180,80,0,720,0.0,720.0,400.0,Cash,Kitchen Towel,Kitchen Items,Pooja Patel,Bengaluru,55+,Silver,FreshMart Bengaluru Hub,Hypermarket
ORD02849,2025-11-05,C0115,P032,S006,2,200,95,0,400,0.0,400.0,210.0,UPI,Glass Cleaner,Cleaning & Household,Kavya Patel,Pune,45-54,Regular,FreshMart Pune,Supermarket
ORD02850,2024-04-04,C0261,P002,S007,1,900,520,20,900,180.0,720.0,200.0,Debit Card,Chef Knife,Kitchen Items,Rohan Das,Kolkata,18-24,Regular,FreshMart Kolkata,Supermarket
ORD02851,2024-07-07,C0316,P042,S003,1,90,55,15,90,13.5,76.5,21.5,UPI,Pasta,Groceries & Food,Arjun Patel,Bengaluru,25-34,Regular,FreshMart Bengaluru Hub,Hypermarket
ORD02852,2024-06-26,C0208,P042,S008,2,90,55,10,180,18.0,162.0,52.0,Cash,Pasta,Groceries & Food,Meera Sharma,Ahmedabad,35-44,Silver,FreshMart Ahmedabad,Supermarket
ORD02853,2025-07-31,C0268,P090,S005,1,300,150,0,300,0.0,300.0,150.0,UPI,Photo Frame,Home & Living,Meera Joshi,Chennai,18-24,Regular,FreshMart Chennai,Supermarket
ORD02854,2025-07-04,C0199,P038,S004,3,300,220,5,900,45.0,855.0,195.0,Credit Card,Wheat Flour 5kg,Groceries & Food,Neha Gupta,Hyderabad,55+,Regular,FreshMart Hyderabad,Supermarket
ORD02855,2025-02-02,C0152,P002,S004,1,900,520,5,900,45.0,855.0,335.0,UPI,Chef Knife,Kitchen Items,Kabir Verma,Hyderabad,18-24,Silver,FreshMart Hyderabad,Supermarket
ORD02856,2026-12-30,C0254,P021,S005,2,1000,600,0,2000,0.0,2000.0,800.0,UPI,Laundry Basket,Bathroom Items,Neha Sharma,Chennai,55+,Regular,FreshMart Chennai,Supermarket
ORD02857,2024-02-01,C0271,P043,S007,2,280,170,5,560,28.0,532.0,192.0,Credit Card,Breakfast Cereal,Groceries & Food,Aarav Joshi,Kolkata,25-34,Regular,FreshMart Kolkata,Supermarket
ORD02858,2024-08-30,C0024,P039,S002,2,180,140,20,360,72.0,288.0,8.0,Debit Card,Cooking Oil 1L,Groceries & Food,Riya Sharma,Mumbai,55+,Silver,FreshMart Mumbai West,Supermarket
ORD02859,2024-05-28,C0185,P046,S006,1,400,260,0,400,0.0,400.0,140.0,Credit Card,Honey,Groceries & Food,Aisha Patel,Pune,55+,Silver,FreshMart Pune,Supermarket
ORD02860,2026-07-17,C0176,P029,S001,3,650,380,5,1950,97.5,1852.5,712.5,Cash,Mop,Cleaning & Household,Aisha Verma,Delhi,55+,Silver,FreshMart Delhi Central,Supermarket
ORD02861,2025-04-29,C0203,P011,S005,1,2500,1700,15,2500,375.0,2125.0,425.0,UPI,Pressure Cooker,Kitchen Items,Aarav Joshi,Chennai,55+,Regular,FreshMart Chennai,Supermarket
ORD02862,2026-01-04,C0055,P074,S002,2,850,600,20,1700,340.0,1360.0,160.0,Credit Card,Cat Food,Pet Supplies,Isha Sharma,Mumbai,45-54,Silver,FreshMart Mumbai West,Supermarket
ORD02863,2025-01-17,C0350,P041,S004,1,30,20,0,30,0.0,30.0,10.0,UPI,Salt 1kg,Groceries & Food,Ananya Kumar,Hyderabad,18-24,Regular,FreshMart Hyderabad,Supermarket
ORD02864,2026-01-24,C0172,P075,S002,4,300,170,15,1200,180.0,1020.0,340.0,Debit Card,Pet Shampoo,Pet Supplies,Raj Patel,Mumbai,45-54,Gold,FreshMart Mumbai West,Supermarket
ORD02865,2026-11-11,C0246,P048,S007,4,450,300,5,1800,90.0,1710.0,510.0,Credit Card,Coffee Pack,Groceries & Food,Kavya Khan,Kolkata,18-24,Silver,FreshMart Kolkata,Supermarket
ORD02866,2024-10-09,C0326,P062,S001,1,280,160,0,280,0.0,280.0,120.0,UPI,Body Wash,Personal Care,Riya Khan,Delhi,45-54,Gold,FreshMart Delhi Central,Supermarket
ORD02867,2024-10-23,C0217,P037,S002,2,650,500,5,1300,65.0,1235.0,235.0,Wallet,Basmati Rice 5kg,Groceries & Food,Riya Patel,Mumbai,45-54,Regular,FreshMart Mumbai West,Supermarket
ORD02868,2024-12-17,C0394,P048,S006,4,450,300,0,1800,0.0,1800.0,600.0,Credit Card,Coffee Pack,Groceries & Food,Kabir Das,Pune,55+,Gold,FreshMart Pune,Supermarket
ORD02869,2025-06-25,C0252,P046,S001,2,400,260,0,800,0.0,800.0,280.0,Wallet,Honey,Groceries & Food,Priya Gupta,Delhi,55+,Platinum,FreshMart Delhi Central,Supermarket
ORD02870,2025-12-10,C0206,P015,S007,1,350,180,10,350,35.0,315.0,135.0,UPI,Soap Dispenser,Bathroom Items,Arjun Singh,Kolkata,55+,Regular,FreshMart Kolkata,Supermarket
ORD02871,2026-12-13,C0354,P048,S008,1,450,300,10,450,45.0,405.0,105.0,UPI,Coffee Pack,Groceries & Food,Kavya Gupta,Ahmedabad,18-24,Gold,FreshMart Ahmedabad,Supermarket
ORD02872,2024-02-06,C0349,P067,S003,4,450,280,0,1800,0.0,1800.0,680.0,Debit Card,Moisturizer,Personal Care,Aditya Das,Bengaluru,55+,Regular,FreshMart Bengaluru Hub,Hypermarket
ORD02873,2025-12-01,C0008,P027,S005,4,450,240,5,1800,90.0,1710.0,750.0,UPI,Laundry Detergent,Cleaning & Household,Priya Das,Chennai,18-24,Silver,FreshMart Chennai,Supermarket
ORD02874,2026-08-20,C0346,P019,S003,5,900,500,5,4500,225.0,4275.0,1775.0,Wallet,Towel Rack,Bathroom Items,Kavya Sharma,Bengaluru,18-24,Regular,FreshMart Bengaluru Hub,Hypermarket
ORD02875,2025-07-27,C0209,P056,S006,1,60,35,0,60,0.0,60.0,25.0,Credit Card,Lemon Drink,Beverages,Amit Das,Pune,25-34,Silver,FreshMart Pune,Supermarket
ORD02876,2026-12-28,C0254,P087,S005,1,700,400,5,700,35.0,665.0,265.0,UPI,Pillow,Home & Living,Neha Sharma,Chennai,55+,Regular,FreshMart Chennai,Supermarket
ORD02877,2024-05-28,C0271,P092,S007,1,1800,1100,15,1800,270.0,1530.0,430.0,Wallet,Curtain Set,Home & Living,Aarav Joshi,Kolkata,25-34,Regular,FreshMart Kolkata,Supermarket
ORD02878,2026-02-03,C0273,P071,S001,1,180,100,0,180,0.0,180.0,80.0,Debit Card,Sanitary Pads,Personal Care,Vivaan Mehta,Delhi,45-54,Gold,FreshMart Delhi Central,Supermarket
ORD02879,2024-04-30,C0213,P096,S003,1,500,260,5,500,25.0,475.0,215.0,Wallet,Desk Organizer,Home & Living,Rahul Singh,Bengaluru,55+,Gold,FreshMart Bengaluru Hub,Hypermarket
ORD02880,2026-08-07,C0196,P052,S002,3,50,30,0,150,0.0,150.0,60.0,Cash,Cola Drink,Beverages,Kabir Singh,Mumbai,45-54,Platinum,FreshMart Mumbai West,Supermarket
ORD02881,2025-01-15,C0077,P005,S006,1,300,150,10,300,30.0,270.0,120.0,UPI,Spatula Set,Kitchen Items,Karan Mehta,Pune,35-44,Gold,FreshMart Pune,Supermarket
ORD02882,2026-06-21,C0213,P048,S003,1,450,300,5,450,22.5,427.5,127.5,UPI,Coffee Pack,Groceries & Food,Rahul Singh,Bengaluru,55+,Gold,FreshMart Bengaluru Hub,Hypermarket
ORD02883,2024-05-25,C0137,P008,S008,3,600,320,5,1800,90.0,1710.0,750.0,Debit Card,Lunch Box,Kitchen Items,Amit Joshi,Ahmedabad,45-54,Silver,FreshMart Ahmedabad,Supermarket
ORD02884,2026-09-17,C0102,P009,S008,1,800,450,10,800,80.0,720.0,270.0,Wallet,Storage Container Set,Kitchen Items,Raj Khan,Ahmedabad,25-34,Regular,FreshMart Ahmedabad,Supermarket
ORD02885,2026-10-29,C0106,P003,S007,1,350,180,10,350,35.0,315.0,135.0,Debit Card,Cutting Board,Kitchen Items,Riya Joshi,Kolkata,18-24,Regular,FreshMart Kolkata,Supermarket
ORD02886,2024-10-15,C0388,P025,S002,2,220,110,0,440,0.0,440.0,220.0,Credit Card,Floor Cleaner,Cleaning & Household,Isha Das,Mumbai,25-34,Platinum,FreshMart Mumbai West,Supermarket
ORD02887,2026-04-24,C0384,P025,S003,1,220,110,5,220,11.0,209.0,99.0,UPI,Floor Cleaner,Cleaning & Household,Arjun Mehta,Bengaluru,35-44,Silver,FreshMart Bengaluru Hub,Hypermarket
ORD02888,2024-08-24,C0300,P037,S004,1,650,500,10,650,65.0,585.0,85.0,Wallet,Basmati Rice 5kg,Groceries & Food,Ananya Joshi,Hyderabad,25-34,Platinum,FreshMart Hyderabad,Supermarket
ORD02889,2026-11-20,C0365,P066,S006,5,300,180,0,1500,0.0,1500.0,600.0,UPI,Face Wash,Personal Care,Ananya Singh,Pune,55+,Gold,FreshMart Pune,Supermarket
ORD02890,2025-03-12,C0274,P043,S007,4,280,170,10,1120,112.0,1008.0,328.0,UPI,Breakfast Cereal,Groceries & Food,Ananya Das,Kolkata,55+,Regular,FreshMart Kolkata,Supermarket
ORD02891,2024-04-02,C0058,P029,S006,1,650,380,10,650,65.0,585.0,205.0,Debit Card,Mop,Cleaning & Household,Kabir Joshi,Pune,18-24,Regular,FreshMart Pune,Supermarket
ORD02892,2025-01-10,C0392,P045,S003,1,350,220,15,350,52.5,297.5,77.5,UPI,Peanut Butter,Groceries & Food,Rohan Das,Bengaluru,35-44,Gold,FreshMart Bengaluru Hub,Hypermarket
ORD02893,2026-01-07,C0371,P079,S005,1,500,280,5,500,25.0,475.0,195.0,Cash,Pet Leash,Pet Supplies,Aarav Joshi,Chennai,35-44,Regular,FreshMart Chennai,Supermarket
ORD02894,2024-11-06,C0076,P032,S005,1,200,95,15,200,30.0,170.0,75.0,Wallet,Glass Cleaner,Cleaning & Household,Kavya Patel,Chennai,25-34,Regular,FreshMart Chennai,Supermarket
ORD02895,2026-05-29,C0180,P041,S008,1,30,20,5,30,1.5,28.5,8.5,UPI,Salt 1kg,Groceries & Food,Neha Joshi,Ahmedabad,25-34,Regular,FreshMart Ahmedabad,Supermarket
ORD02896,2025-05-29,C0074,P068,S004,3,250,140,15,750,112.5,637.5,217.5,Credit Card,Deodorant,Personal Care,Ananya Mehta,Hyderabad,35-44,Regular,FreshMart Hyderabad,Supermarket
ORD02897,2024-12-28,C0199,P047,S004,1,250,150,15,250,37.5,212.5,62.5,Debit Card,Tea Pack,Groceries & Food,Neha Gupta,Hyderabad,55+,Regular,FreshMart Hyderabad,Supermarket
ORD02898,2025-09-02,C0191,P059,S008,1,100,55,0,100,0.0,100.0,45.0,UPI,Iced Tea,Beverages,Kavya Verma,Ahmedabad,18-24,Silver,FreshMart Ahmedabad,Supermarket
ORD02899,2026-07-01,C0347,P028,S007,3,350,180,15,1050,157.5,892.5,352.5,Debit Card,Broom,Cleaning & Household,Priya Patel,Kolkata,55+,Regular,FreshMart Kolkata,Supermarket
ORD02900,2026-07-08,C0123,P038,S004,2,300,220,0,600,0.0,600.0,160.0,UPI,Wheat Flour 5kg,Groceries & Food,Sneha Mehta,Hyderabad,18-24,Silver,FreshMart Hyderabad,Supermarket
ORD02901,2025-02-25,C0309,P041,S005,2,30,20,10,60,6.0,54.0,14.0,UPI,Salt 1kg,Groceries & Food,Isha Gupta,Chennai,18-24,Silver,FreshMart Chennai,Supermarket
ORD02902,2025-11-13,C0232,P010,S004,1,250,110,0,250,0.0,250.0,140.0,Debit Card,Coffee Mug,Kitchen Items,Rohan Das,Hyderabad,18-24,Gold,FreshMart Hyderabad,Supermarket
ORD02903,2024-02-26,C0188,P035,S006,2,300,150,5,600,30.0,570.0,270.0,Cash,Bucket,Cleaning & Household,Neha Sharma,Pune,45-54,Silver,FreshMart Pune,Supermarket
ORD02904,2024-06-19,C0297,P007,S002,5,450,220,5,2250,112.5,2137.5,1037.5,Credit Card,Water Bottle,Kitchen Items,Sneha Gupta,Mumbai,35-44,Silver,FreshMart Mumbai West,Supermarket
ORD02905,2024-02-09,C0278,P041,S005,1,30,20,10,30,3.0,27.0,7.0,Debit Card,Salt 1kg,Groceries & Food,Aditya Mehta,Chennai,35-44,Regular,FreshMart Chennai,Supermarket
ORD02906,2026-03-07,C0283,P048,S006,1,450,300,10,450,45.0,405.0,105.0,UPI,Coffee Pack,Groceries & Food,Meera Joshi,Pune,35-44,Regular,FreshMart Pune,Supermarket
ORD02907,2026-01-29,C0098,P004,S003,4,1500,900,0,6000,0.0,6000.0,2400.0,Wallet,Cooking Pot,Kitchen Items,Arjun Joshi,Bengaluru,45-54,Silver,FreshMart Bengaluru Hub,Hypermarket
ORD02908,2024-06-19,C0395,P029,S005,2,650,380,20,1300,260.0,1040.0,280.0,Cash,Mop,Cleaning & Household,Riya Joshi,Chennai,45-54,Gold,FreshMart Chennai,Supermarket
ORD02909,2025-01-08,C0330,P053,S003,1,120,70,0,120,0.0,120.0,50.0,Debit Card,Green Tea Drink,Beverages,Riya Patel,Bengaluru,45-54,Platinum,FreshMart Bengaluru Hub,Hypermarket
ORD02910,2024-05-01,C0331,P055,S003,1,90,50,15,90,13.5,76.5,26.5,Debit Card,Cold Coffee,Beverages,Aisha Gupta,Bengaluru,18-24,Silver,FreshMart Bengaluru Hub,Hypermarket
ORD02911,2024-04-13,C0321,P058,S002,1,40,22,0,40,0.0,40.0,18.0,UPI,Soda Water,Beverages,Isha Joshi,Mumbai,18-24,Gold,FreshMart Mumbai West,Supermarket
ORD02912,2025-01-09,C0400,P066,S002,4,300,180,0,1200,0.0,1200.0,480.0,Debit Card,Face Wash,Personal Care,Amit Sharma,Mumbai,25-34,Regular,FreshMart Mumbai West,Supermarket
ORD02913,2025-06-15,C0106,P060,S007,1,70,40,15,70,10.5,59.5,19.5,UPI,Coconut Water,Beverages,Riya Joshi,Kolkata,18-24,Regular,FreshMart Kolkata,Supermarket
ORD02914,2024-03-30,C0112,P042,S007,4,90,55,5,360,18.0,342.0,122.0,Debit Card,Pasta,Groceries & Food,Riya Sharma,Kolkata,55+,Silver,FreshMart Kolkata,Supermarket
ORD02915,2024-09-21,C0364,P071,S003,2,180,100,5,360,18.0,342.0,142.0,Wallet,Sanitary Pads,Personal Care,Vivaan Verma,Bengaluru,35-44,Regular,FreshMart Bengaluru Hub,Hypermarket
ORD02916,2026-01-19,C0015,P064,S004,2,80,35,15,160,24.0,136.0,66.0,Debit Card,Toothbrush,Personal Care,Raj Khan,Hyderabad,35-44,Gold,FreshMart Hyderabad,Supermarket
ORD02917,2024-04-08,C0309,P064,S005,1,80,35,0,80,0.0,80.0,45.0,Wallet,Toothbrush,Personal Care,Isha Gupta,Chennai,18-24,Silver,FreshMart Chennai,Supermarket
ORD02918,2025-09-14,C0070,P056,S003,3,60,35,0,180,0.0,180.0,75.0,Debit Card,Lemon Drink,Beverages,Rohan Mehta,Bengaluru,18-24,Regular,FreshMart Bengaluru Hub,Hypermarket
ORD02919,2024-01-07,C0242,P051,S007,1,160,95,0,160,0.0,160.0,65.0,UPI,Apple Juice,Beverages,Aisha Mehta,Kolkata,18-24,Regular,FreshMart Kolkata,Supermarket
ORD02920,2024-04-03,C0041,P028,S007,2,350,180,10,700,70.0,630.0,270.0,Debit Card,Broom,Cleaning & Household,Neha Patel,Kolkata,45-54,Regular,FreshMart Kolkata,Supermarket
ORD02921,2025-09-06,C0080,P007,S002,2,450,220,15,900,135.0,765.0,325.0,Wallet,Water Bottle,Kitchen Items,Raj Sharma,Mumbai,55+,Regular,FreshMart Mumbai West,Supermarket
ORD02922,2025-11-20,C0386,P090,S006,2,300,150,0,600,0.0,600.0,300.0,Credit Card,Photo Frame,Home & Living,Riya Singh,Pune,55+,Regular,FreshMart Pune,Supermarket
ORD02923,2025-05-13,C0203,P045,S005,4,350,220,10,1400,140.0,1260.0,380.0,UPI,Peanut Butter,Groceries & Food,Aarav Joshi,Chennai,55+,Regular,FreshMart Chennai,Supermarket
ORD02924,2026-03-05,C0298,P004,S002,1,1500,900,0,1500,0.0,1500.0,600.0,Wallet,Cooking Pot,Kitchen Items,Ananya Gupta,Mumbai,45-54,Regular,FreshMart Mumbai West,Supermarket
ORD02925,2024-01-27,C0106,P051,S007,2,160,95,0,320,0.0,320.0,130.0,Credit Card,Apple Juice,Beverages,Riya Joshi,Kolkata,18-24,Regular,FreshMart Kolkata,Supermarket
ORD02926,2024-04-30,C0373,P096,S007,1,500,260,0,500,0.0,500.0,240.0,Credit Card,Desk Organizer,Home & Living,Rahul Joshi,Kolkata,45-54,Regular,FreshMart Kolkata,Supermarket
ORD02927,2025-05-09,C0170,P035,S008,5,300,150,5,1500,75.0,1425.0,675.0,Debit Card,Bucket,Cleaning & Household,Ananya Mehta,Ahmedabad,35-44,Silver,FreshMart Ahmedabad,Supermarket
ORD02928,2025-03-22,C0179,P015,S005,2,350,180,5,700,35.0,665.0,305.0,UPI,Soap Dispenser,Bathroom Items,Rohan Joshi,Chennai,55+,Silver,FreshMart Chennai,Supermarket
ORD02929,2026-02-06,C0213,P060,S003,3,70,40,0,210,0.0,210.0,90.0,UPI,Coconut Water,Beverages,Rahul Singh,Bengaluru,55+,Gold,FreshMart Bengaluru Hub,Hypermarket
ORD02930,2024-11-17,C0254,P045,S005,1,350,220,0,350,0.0,350.0,130.0,UPI,Peanut Butter,Groceries & Food,Neha Sharma,Chennai,55+,Regular,FreshMart Chennai,Supermarket
ORD02931,2026-10-07,C0318,P011,S005,1,2500,1700,0,2500,0.0,2500.0,800.0,Cash,Pressure Cooker,Kitchen Items,Aditya Sharma,Chennai,25-34,Gold,FreshMart Chennai,Supermarket
ORD02932,2024-08-04,C0129,P031,S008,2,120,50,0,240,0.0,240.0,140.0,Credit Card,Cleaning Sponge Pack,Cleaning & Household,Raj Das,Ahmedabad,45-54,Regular,FreshMart Ahmedabad,Supermarket
ORD02933,2024-11-02,C0382,P058,S006,1,40,22,0,40,0.0,40.0,18.0,UPI,Soda Water,Beverages,Amit Singh,Pune,18-24,Regular,FreshMart Pune,Supermarket
ORD02934,2024-03-06,C0394,P007,S006,2,450,220,5,900,45.0,855.0,415.0,Cash,Water Bottle,Kitchen Items,Kabir Das,Pune,55+,Gold,FreshMart Pune,Supermarket
ORD02935,2024-04-05,C0274,P066,S007,1,300,180,0,300,0.0,300.0,120.0,Debit Card,Face Wash,Personal Care,Ananya Das,Kolkata,55+,Regular,FreshMart Kolkata,Supermarket
ORD02936,2026-04-27,C0134,P037,S005,2,650,500,0,1300,0.0,1300.0,300.0,UPI,Basmati Rice 5kg,Groceries & Food,Raj Patel,Chennai,55+,Silver,FreshMart Chennai,Supermarket
ORD02937,2024-06-30,C0374,P092,S003,1,1800,1100,0,1800,0.0,1800.0,700.0,Debit Card,Curtain Set,Home & Living,Ananya Das,Bengaluru,35-44,Gold,FreshMart Bengaluru Hub,Hypermarket
ORD02938,2024-01-14,C0237,P049,S006,1,30,15,10,30,3.0,27.0,12.0,Wallet,Mineral Water,Beverages,Amit Das,Pune,18-24,Regular,FreshMart Pune,Supermarket
ORD02939,2026-07-23,C0071,P091,S004,1,250,110,15,250,37.5,212.5,102.5,Credit Card,Cushion Cover,Home & Living,Vivaan Patel,Hyderabad,25-34,Silver,FreshMart Hyderabad,Supermarket
ORD02940,2026-07-12,C0012,P067,S008,1,450,280,5,450,22.5,427.5,147.5,UPI,Moisturizer,Personal Care,Sneha Kumar,Ahmedabad,35-44,Regular,FreshMart Ahmedabad,Supermarket
ORD02941,2026-05-17,C0219,P024,S007,1,180,85,0,180,0.0,180.0,95.0,UPI,Toothbrush Holder,Bathroom Items,Raj Das,Kolkata,35-44,Regular,FreshMart Kolkata,Supermarket
ORD02942,2026-05-08,C0305,P081,S005,2,200,120,15,400,60.0,340.0,100.0,Debit Card,Bird Food,Pet Supplies,Amit Joshi,Chennai,45-54,Regular,FreshMart Chennai,Supermarket
ORD02943,2024-10-16,C0045,P075,S002,1,300,170,0,300,0.0,300.0,130.0,UPI,Pet Shampoo,Pet Supplies,Aditya Joshi,Mumbai,18-24,Silver,FreshMart Mumbai West,Supermarket
ORD02944,2024-02-20,C0160,P091,S007,2,250,110,0,500,0.0,500.0,280.0,Wallet,Cushion Cover,Home & Living,Meera Singh,Kolkata,18-24,Regular,FreshMart Kolkata,Supermarket
ORD02945,2025-12-06,C0346,P024,S003,1,180,85,10,180,18.0,162.0,77.0,UPI,Toothbrush Holder,Bathroom Items,Kavya Sharma,Bengaluru,18-24,Regular,FreshMart Bengaluru Hub,Hypermarket
ORD02946,2024-12-17,C0063,P030,S005,2,180,80,0,360,0.0,360.0,200.0,UPI,Garbage Bags,Cleaning & Household,Arjun Gupta,Chennai,18-24,Gold,FreshMart Chennai,Supermarket
ORD02947,2024-09-11,C0078,P094,S007,2,350,170,15,700,105.0,595.0,255.0,Debit Card,Clothes Hanger Set,Home & Living,Raj Patel,Kolkata,55+,Regular,FreshMart Kolkata,Supermarket
ORD02948,2024-07-12,C0111,P053,S008,1,120,70,10,120,12.0,108.0,38.0,Credit Card,Green Tea Drink,Beverages,Sneha Gupta,Ahmedabad,25-34,Platinum,FreshMart Ahmedabad,Supermarket
ORD02949,2026-01-30,C0334,P026,S005,1,160,75,5,160,8.0,152.0,77.0,Debit Card,Dishwashing Liquid,Cleaning & Household,Riya Joshi,Chennai,18-24,Silver,FreshMart Chennai,Supermarket
ORD02950,2026-08-07,C0386,P083,S006,2,550,350,5,1100,55.0,1045.0,345.0,Debit Card,Litter Sand,Pet Supplies,Riya Singh,Pune,55+,Regular,FreshMart Pune,Supermarket
ORD02951,2026-10-07,C0226,P008,S007,3,600,320,10,1800,180.0,1620.0,660.0,Wallet,Lunch Box,Kitchen Items,Aisha Das,Kolkata,35-44,Regular,FreshMart Kolkata,Supermarket
ORD02952,2025-03-18,C0032,P046,S005,1,400,260,20,400,80.0,320.0,60.0,Credit Card,Honey,Groceries & Food,Riya Gupta,Chennai,55+,Gold,FreshMart Chennai,Supermarket
ORD02953,2026-09-09,C0212,P024,S005,3,180,85,10,540,54.0,486.0,231.0,UPI,Toothbrush Holder,Bathroom Items,Rohan Verma,Chennai,35-44,Silver,FreshMart Chennai,Supermarket
ORD02954,2025-09-28,C0239,P086,S008,3,1500,900,10,4500,450.0,4050.0,1350.0,Wallet,Bed Sheet,Home & Living,Aditya Joshi,Ahmedabad,35-44,Regular,FreshMart Ahmedabad,Supermarket
ORD02955,2026-09-03,C0265,P014,S002,1,700,380,0,700,0.0,700.0,320.0,Credit Card,Shower Curtain,Bathroom Items,Isha Sharma,Mumbai,35-44,Regular,FreshMart Mumbai West,Supermarket
ORD02956,2024-09-18,C0365,P051,S006,2,160,95,10,320,32.0,288.0,98.0,UPI,Apple Juice,Beverages,Ananya Singh,Pune,55+,Gold,FreshMart Pune,Supermarket
ORD02957,2024-10-12,C0141,P059,S005,1,100,55,5,100,5.0,95.0,40.0,UPI,Iced Tea,Beverages,Raj Kumar,Chennai,25-34,Regular,FreshMart Chennai,Supermarket
ORD02958,2024-09-26,C0102,P031,S008,4,120,50,15,480,72.0,408.0,208.0,Debit Card,Cleaning Sponge Pack,Cleaning & Household,Raj Khan,Ahmedabad,25-34,Regular,FreshMart Ahmedabad,Supermarket
ORD02959,2026-01-07,C0301,P004,S005,2,1500,900,10,3000,300.0,2700.0,900.0,Debit Card,Cooking Pot,Kitchen Items,Rohan Verma,Chennai,18-24,Regular,FreshMart Chennai,Supermarket
ORD02960,2024-01-27,C0063,P060,S005,1,70,40,5,70,3.5,66.5,26.5,Wallet,Coconut Water,Beverages,Arjun Gupta,Chennai,18-24,Gold,FreshMart Chennai,Supermarket
ORD02961,2024-11-01,C0327,P032,S006,1,200,95,10,200,20.0,180.0,85.0,Credit Card,Glass Cleaner,Cleaning & Household,Vivaan Mehta,Pune,35-44,Silver,FreshMart Pune,Supermarket
ORD02962,2024-09-17,C0279,P082,S002,2,280,150,0,560,0.0,560.0,260.0,UPI,Pet Treats,Pet Supplies,Rahul Verma,Mumbai,55+,Regular,FreshMart Mumbai West,Supermarket
ORD02963,2024-09-24,C0125,P034,S006,2,250,120,0,500,0.0,500.0,260.0,Cash,Disinfectant Spray,Cleaning & Household,Meera Sharma,Pune,55+,Regular,FreshMart Pune,Supermarket
ORD02964,2026-03-21,C0347,P042,S007,1,90,55,10,90,9.0,81.0,26.0,Cash,Pasta,Groceries & Food,Priya Patel,Kolkata,55+,Regular,FreshMart Kolkata,Supermarket
ORD02965,2025-04-17,C0135,P039,S001,4,180,140,0,720,0.0,720.0,160.0,Credit Card,Cooking Oil 1L,Groceries & Food,Raj Khan,Delhi,55+,Gold,FreshMart Delhi Central,Supermarket
ORD02966,2024-07-15,C0157,P048,S001,2,450,300,0,900,0.0,900.0,300.0,Debit Card,Coffee Pack,Groceries & Food,Aditya Gupta,Delhi,45-54,Regular,FreshMart Delhi Central,Supermarket
ORD02967,2024-11-27,C0023,P053,S008,1,120,70,10,120,12.0,108.0,38.0,Cash,Green Tea Drink,Beverages,Sneha Mehta,Ahmedabad,55+,Regular,FreshMart Ahmedabad,Supermarket
ORD02968,2024-05-31,C0071,P096,S004,2,500,260,0,1000,0.0,1000.0,480.0,Credit Card,Desk Organizer,Home & Living,Vivaan Patel,Hyderabad,25-34,Silver,FreshMart Hyderabad,Supermarket
ORD02969,2024-11-21,C0338,P082,S006,4,280,150,0,1120,0.0,1120.0,520.0,Wallet,Pet Treats,Pet Supplies,Aisha Joshi,Pune,55+,Regular,FreshMart Pune,Supermarket
ORD02970,2025-05-22,C0060,P001,S003,3,1200,750,10,3600,360.0,3240.0,990.0,Cash,Frying Pan,Kitchen Items,Pooja Kumar,Bengaluru,35-44,Gold,FreshMart Bengaluru Hub,Hypermarket
ORD02971,2026-03-03,C0151,P008,S003,1,600,320,0,600,0.0,600.0,280.0,UPI,Lunch Box,Kitchen Items,Meera Sharma,Bengaluru,25-34,Gold,FreshMart Bengaluru Hub,Hypermarket
ORD02972,2024-08-30,C0119,P081,S004,1,200,120,0,200,0.0,200.0,80.0,UPI,Bird Food,Pet Supplies,Isha Gupta,Hyderabad,25-34,Regular,FreshMart Hyderabad,Supermarket
ORD02973,2026-01-24,C0172,P045,S002,4,350,220,0,1400,0.0,1400.0,520.0,Wallet,Peanut Butter,Groceries & Food,Raj Patel,Mumbai,45-54,Gold,FreshMart Mumbai West,Supermarket
ORD02974,2024-03-24,C0386,P040,S006,1,55,42,10,55,5.5,49.5,7.5,Wallet,Sugar 1kg,Groceries & Food,Riya Singh,Pune,55+,Regular,FreshMart Pune,Supermarket
ORD02975,2026-11-14,C0266,P003,S008,1,350,180,0,350,0.0,350.0,170.0,Credit Card,Cutting Board,Kitchen Items,Neha Joshi,Ahmedabad,45-54,Regular,FreshMart Ahmedabad,Supermarket
ORD02976,2025-06-05,C0071,P064,S004,1,80,35,0,80,0.0,80.0,45.0,Wallet,Toothbrush,Personal Care,Vivaan Patel,Hyderabad,25-34,Silver,FreshMart Hyderabad,Supermarket
ORD02977,2025-02-06,C0376,P048,S002,2,450,300,5,900,45.0,855.0,255.0,UPI,Coffee Pack,Groceries & Food,Pooja Khan,Mumbai,35-44,Regular,FreshMart Mumbai West,Supermarket
ORD02978,2026-05-03,C0392,P036,S003,1,200,90,0,200,0.0,200.0,110.0,Credit Card,Dustpan,Cleaning & Household,Rohan Das,Bengaluru,35-44,Gold,FreshMart Bengaluru Hub,Hypermarket
ORD02979,2025-01-23,C0232,P017,S004,1,250,130,0,250,0.0,250.0,120.0,UPI,Toilet Brush,Bathroom Items,Rohan Das,Hyderabad,18-24,Gold,FreshMart Hyderabad,Supermarket
ORD02980,2024-08-28,C0206,P080,S007,1,1800,1200,20,1800,360.0,1440.0,240.0,UPI,Pet Bed,Pet Supplies,Arjun Singh,Kolkata,55+,Regular,FreshMart Kolkata,Supermarket
ORD02981,2024-10-08,C0007,P071,S002,2,180,100,15,360,54.0,306.0,106.0,Credit Card,Sanitary Pads,Personal Care,Ananya Verma,Mumbai,45-54,Regular,FreshMart Mumbai West,Supermarket
ORD02982,2024-12-05,C0111,P028,S008,3,350,180,5,1050,52.5,997.5,457.5,Wallet,Broom,Cleaning & Household,Sneha Gupta,Ahmedabad,25-34,Platinum,FreshMart Ahmedabad,Supermarket
ORD02983,2026-10-06,C0018,P042,S003,2,90,55,10,180,18.0,162.0,52.0,UPI,Pasta,Groceries & Food,Sneha Joshi,Bengaluru,35-44,Regular,FreshMart Bengaluru Hub,Hypermarket
ORD02984,2026-04-14,C0202,P059,S008,1,100,55,0,100,0.0,100.0,45.0,UPI,Iced Tea,Beverages,Rohan Singh,Ahmedabad,35-44,Regular,FreshMart Ahmedabad,Supermarket
ORD02985,2024-06-22,C0073,P070,S003,2,300,170,5,600,30.0,570.0,230.0,UPI,Razor Pack,Personal Care,Amit Gupta,Bengaluru,45-54,Regular,FreshMart Bengaluru Hub,Hypermarket
ORD02986,2025-11-24,C0289,P026,S006,3,160,75,10,480,48.0,432.0,207.0,Wallet,Dishwashing Liquid,Cleaning & Household,Meera Singh,Pune,55+,Regular,FreshMart Pune,Supermarket
ORD02987,2026-08-01,C0029,P029,S006,5,650,380,0,3250,0.0,3250.0,1350.0,UPI,Mop,Cleaning & Household,Aarav Verma,Pune,35-44,Regular,FreshMart Pune,Supermarket
ORD02988,2026-12-24,C0363,P009,S007,1,800,450,15,800,120.0,680.0,230.0,Wallet,Storage Container Set,Kitchen Items,Rahul Gupta,Kolkata,55+,Gold,FreshMart Kolkata,Supermarket
ORD02989,2025-05-08,C0128,P012,S007,1,180,80,10,180,18.0,162.0,82.0,UPI,Kitchen Towel,Kitchen Items,Kavya Gupta,Kolkata,25-34,Silver,FreshMart Kolkata,Supermarket
ORD02990,2026-10-19,C0011,P056,S002,1,60,35,10,60,6.0,54.0,19.0,UPI,Lemon Drink,Beverages,Amit Kumar,Mumbai,25-34,Gold,FreshMart Mumbai West,Supermarket
ORD02991,2026-03-10,C0017,P045,S006,4,350,220,5,1400,70.0,1330.0,450.0,UPI,Peanut Butter,Groceries & Food,Aditya Singh,Pune,25-34,Silver,FreshMart Pune,Supermarket
ORD02992,2026-07-17,C0374,P029,S003,1,650,380,10,650,65.0,585.0,205.0,Debit Card,Mop,Cleaning & Household,Ananya Das,Bengaluru,35-44,Gold,FreshMart Bengaluru Hub,Hypermarket
ORD02993,2025-11-18,C0106,P085,S007,1,1200,700,0,1200,0.0,1200.0,500.0,UPI,Table Lamp,Home & Living,Riya Joshi,Kolkata,18-24,Regular,FreshMart Kolkata,Supermarket
ORD02994,2025-07-08,C0196,P038,S002,1,300,220,15,300,45.0,255.0,35.0,Credit Card,Wheat Flour 5kg,Groceries & Food,Kabir Singh,Mumbai,45-54,Platinum,FreshMart Mumbai West,Supermarket
ORD02995,2024-05-10,C0287,P040,S002,1,55,42,15,55,8.25,46.75,4.75,UPI,Sugar 1kg,Groceries & Food,Kabir Verma,Mumbai,55+,Silver,FreshMart Mumbai West,Supermarket
ORD02996,2025-08-07,C0034,P013,S008,1,500,280,5,500,25.0,475.0,195.0,Wallet,Bath Towel,Bathroom Items,Priya Joshi,Ahmedabad,18-24,Regular,FreshMart Ahmedabad,Supermarket
ORD02997,2025-09-19,C0066,P058,S007,2,40,22,10,80,8.0,72.0,28.0,UPI,Soda Water,Beverages,Vivaan Verma,Kolkata,35-44,Regular,FreshMart Kolkata,Supermarket
ORD02998,2024-10-19,C0328,P046,S006,4,400,260,5,1600,80.0,1520.0,480.0,UPI,Honey,Groceries & Food,Priya Verma,Pune,25-34,Silver,FreshMart Pune,Supermarket
ORD02999,2025-01-07,C0238,P081,S007,1,200,120,15,200,30.0,170.0,50.0,UPI,Bird Food,Pet Supplies,Vivaan Gupta,Kolkata,55+,Regular,FreshMart Kolkata,Supermarket
ORD03000,2025-07-19,C0380,P078,S008,1,350,180,0,350,0.0,350.0,170.0,Debit Card,Pet Bowl,Pet Supplies,Aisha Khan,Ahmedabad,45-54,Gold,FreshMart Ahmedabad,Supermarket
